RecipeId,Name,RecipeIngredientParts,RecipeInstructions,Images
38.0,Low-Fat Berry Blue Frozen Dessert,"['blueberries', 'granulated sugar', 'vanilla yogurt', 'lemon juice']","1. Toss 2 cups berries with sugar.
2. Let stand for 45 minutes, stirring occasionally.
3. Transfer berry-sugar mixture to food processor.
4. Add yogurt and process until smooth.
5. Strain through fine sieve. Pour into baking pan (or transfer to ice cream maker and process according to manufacturers
6. ,
7. ,
8. ,
9. ,","https://img.sndimg.com/food/image/upload/w_555,h_416,c_fit,fl_progressive,q_95/v1/img/recipes/38/YUeirxMLQaeE1h3v3qnM_229%20berry%20blue%20frzn%20dess.jpg"
39.0,Biryani,"['saffron', 'milk', 'hot green chili peppers', 'onions', 'garlic', 'clove', 'peppercorns', 'cardamom seed', 'cumin seed', 'poppy seed', 'mace', 'cilantro', 'mint leaf', 'fresh lemon juice', 'plain yogurt', 'boneless chicken', 'salt', 'ghee', 'onion', 'tomatoes', 'basmati rice', 'long-grain rice', 'raisins', 'cashews', 'eggs']","1. Soak saffron in warm milk for 5 minutes and puree in blender.
2. Add chiles, onions, ginger, garlic, cloves, peppercorns, cardamom seeds, cinnamon, coriander and cumin seeds, poppy seeds, nutmeg, mace, cilantro or mint leaves and lemon juice. Blend into smooth paste. Put paste into large bowl, add yogurt and mix well.
3. Marinate chicken in yogurt mixture with salt, covered for at least 2 - 6 hours in refrigerator.
4. In skillet. heat oil over medium heat for 1 minute. Add ghee and 15 seconds later add onion and fry for about8 minutes.
5. Reserve for garnish.
6. In same skillet, cook chicken with its marinade with tomatoes for about 10 minutes over medium heat, uncovered.
7. Remove chicken pieces from the sauce and set aside. Add rice to sauce, bring to boil, and cook, covered over low heat for 15 minutes.
8. Return chicken and add raisins, cashews and almonds; mix well.
9. Simmer, covered for 5 minutes.
10. Place chicken, eggs and rice in large serving dish in such a way that yellow of the eggs, the saffron-colored rice, the nuts and the chicken make a colorful display.
11. Add reserved onion as garnish.","https://img.sndimg.com/food/image/upload/w_555,h_416,c_fit,fl_progressive,q_95/v1/img/recipes/39/picM9Mhnw.jpg"
40.0,Best Lemonade,"['sugar', 'lemons, rind of', 'lemon, zest of', 'fresh water', 'fresh lemon juice']","1. Into a 1 quart Jar with tight fitting lid, put sugar and lemon peel, or zest; add 1 1/2 cups very hot water (not from tap!). With lid fitted firmly, shake jar until sugar is dissolved.
2. Add lemon juice. Refrigerate until chilled.
3. To Serve: Into each 12-ounce glass, over ice cubes, pour 1/4 cup of the lemon syrup.
4. Then add chilled club soda or, if you prefer, water.
5. Stir to mix well.","https://img.sndimg.com/food/image/upload/w_555,h_416,c_fit,fl_progressive,q_95/v1/img/recipes/40/picJ4Sz3N.jpg"
41.0,Carina's Tofu-Vegetable Kebabs,"['extra firm tofu', 'eggplant', 'zucchini', 'mushrooms', 'soy sauce', 'low sodium soy sauce', 'olive oil', 'maple syrup', 'honey', 'red wine vinegar', 'lemon juice', 'garlic cloves', 'mustard powder', 'black pepper']","1. Drain the tofu, carefully squeezing out excess water, and pat dry with paper towels.
2. Cut tofu into one-inch squares.
3. Set aside. Cut eggplant lengthwise in half, then cut each half into approximately three strips.
4. Cut strips crosswise into one-inch cubes.
5. Slice zucchini into half-inch thick slices.
6. Cut red pepper in half, removing stem and seeds, and cut each half into one-inch squares.
7. Wipe mushrooms clean with a moist paper towel and remove stems.
8. Thread tofu and vegetables on to barbecue skewers in alternating color combinations: For example, first a piece of eggplant, then a slice of tofu, then zucchini, then red pepper, baby corn and mushrooms.
9. Continue in this way until all skewers are full.
10. Make the marinade by putting all ingredients in a blender, and blend on high speed for about one minute until mixed.
11. Alternatively, put all ingredients in a glass jar, cover tightly with the lid and shake well until mixed.
12. Lay the kebabs in a long, shallow baking pan or on a non-metal tray, making sure they lie flat. Evenly pour the marinade over the kebabs, turning them once so that the tofu and vegetables are coated.
13. Refrigerate the kebabs for three to eight hours, occasionally spooning the marinade over them.
14. Broil or grill the kebabs at 450 F for 15-20 minutes, or on the grill, until the vegetables are browned.
15. Suggestions This meal can be served over cooked, brown rice. Amounts can easily be doubled to make four servings.","https://img.sndimg.com/food/image/upload/w_555,h_416,c_fit,fl_progressive,q_95/v1/img/recipes/41/picmbLig8.jpg"
42.0,Cabbage Soup,"['plain tomato juice', 'cabbage', 'onion', 'carrots', 'celery']","1. Mix everything together and bring to a boil.
2. Reduce heat and simmer for 30 minutes (longer if you prefer your veggies to be soft).
3. Refrigerate until cool.
4. Serve chilled with sour cream.","https://img.sndimg.com/food/image/upload/w_555,h_416,c_fit,fl_progressive,q_95/v1/img/recipes/42/picVEMxk8.jpg"
43.0,Best Blackbottom Pie,"['graham cracker crumbs', 'sugar', 'butter', 'sugar', 'cornstarch', 'salt', 'milk', 'vanilla extract', 'water', 'gelatin', 'rum', 'cream of tartar', 'sugar']","1. Graham Cracker Crust: In small bowl, combine graham cracker crumbs, sugar and butter. Press evenly on bottom and sides of 9-inch pie plate. Chill until firm (about 1 hour).
2. Chocolate Layer: In medium saucepan, combine sugar, cornstarch and salt. Gradually stir in milk. Cook over medium heat, stirring constantly, until mixture boils. Remove from heat. In small bowl, beat egg yolks. Gradually stir in small amount of hot mixture; return to saucepan. Cook over low heat, stirring constantly, for 2 minutes. Remove from heat.
3. Remove 1-1/2 cups custard to medium bowl; add semi-sweet chocolate morsels and vanilla extract. Stir until morsels are melted and mixture is smooth.
4. Pour into prepared Graham Cracker Crust; chill until set (about 30 minutes).
5. While Chocolate Layer is chilling, prepare Vanilla Layer.
6. Vanilla Layer: In large bowl, combine cold water and gelatin; let stand 5 minutes. Add remaining warm custard; stir until gelatin dissolves. Cool 15 minutes. Stir in rum; beat with wire whisk until smooth. Set aside.
7. In 1-1/2 quart bowl, combine egg whites and cream of tartar; beat until foamy. Gradually add sugar; beat until stiff peaks form. Fold egg whites into custard; pour over chocolate layer.
8. Chill until set (about 2 hours).
9. Garnish with whipped cream and chocolate shavings, if desired.
10. Makes one 9-inch pie.",
44.0,Warm Chicken A La King,"['chicken', 'butter', 'flour', 'milk', 'celery', 'button mushrooms', 'green pepper', 'canned pimiento', 'salt', 'black pepper', 'worcestershire sauce', 'parsley']","1. Melt 1 1/2 ozs butter, add the flour and cook for 2 to 3 minutes, stirring.
2. Gradually add milk and cook, stirring, until thick and smooth.
3. Melt the remaining butter and saute sliced celery, button mushrooms and chopped pepper until soft but not coloured.
4. Add celery, mushrooms, pepper, chicken and pimiento to the sauce and heat through.
5. Season to taste. Combine the egg yolks, double cream and Worcestershire sauce. Add to the chicken mixture and heat through.
6. Transfer to a serving dish and sprinkle with chopped parsley.","https://img.sndimg.com/food/image/upload/w_555,h_416,c_fit,fl_progressive,q_95/v1/img/recipes/44/picsSKvFd.jpg"
45.0,Buttermilk Pie With Gingersnap Crumb Crust,"['sugar', 'margarine', 'egg', 'flour', 'salt', 'buttermilk', 'graham cracker crumbs', 'margarine']","1. Preheat oven to 350°F.
2. Make pie crust, using 8 inch pie pan, do not bake.
3. Mix sugar and margarine in medium bowl until blended; beat in egg whites and egg.
4. Stir in flour, salt, and buttermilk until well blended.
5. Pour filling into prepared crust, bake 40 minutes or until sharp knife inserted near center comes out clean.
6. Sprinkle with nutmeg and serve warm or chilled.
7. Combine graham crumbs, gingersnap crumbs, and margarine in 8 or 9 inch pie pan, pat mixture evenly on bottom and side of pan.
8. Bake 8 to 10 minutes or until edge of crust is lightly browned.
9. Cool on wire rack.","https://img.sndimg.com/food/image/upload/w_555,h_416,c_fit,fl_progressive,q_95/v1/img/recipes/45/pic79tPh5.jpg"
46.0,A Jad - Cucumber Pickle,"['rice vinegar', 'haeo']","1. Slice the cucumber in four lengthwise, then slice the pieces to segments about an eighth of an inch thick.
2. Slice the tops of the chilies (green ones can be used if red are not available, but Thais like the color contrast), tap out any loose seeds and discard, then slice the chilies across into thin rounds.
3. Slice the shallots and water chestnuts.
4. Combine and serve. This will keep 2 or 3 weeks in a refrigerator.",
47.0,Butter Pecan Cookies,"['butter', 'brown sugar', 'granulated sugar', 'vanilla extract', 'flour', 'pecan halves']","1. Preheat oven to 350 degrees.
2. Cream butter in large mixing bowl.
3. Gradually add brown sugar and granulated sugar.
4. Cream well.
5. Add unbeaten egg yolk and vanilla and beat well.
6. Blend in sifted flour to form a stiff dough.
7. Shape dough into small balls.
8. Place on greased cookie sheet. Flatten cookies with bottom of glass dipped in sugar.
9. Bake at 350 degrees for 7-9 minutes, till golden brown (do not overbrown.) Cool before frosting.
10. Garnish with pecan halves.","https://img.sndimg.com/food/image/upload/w_555,h_416,c_fit,fl_progressive,q_95/v1/img/recipes/47/picfnmxck.jpg"
48.0,Boston Cream Pie,"['margarine', 'cake flour', 'baking powder', 'salt', 'sugar', 'vanilla', 'eggs', 'milk', 'sugar', 'cornstarch', 'milk', 'flour', 'salt', 'vanilla', 'butter', 'vanilla']","1. Beat egg whites until soft peaks form.
2. Gradually add 1/2 cup sugar, beating until very stiff peaks form.
3. Sift together remaining dry ingredients into another bowl.
4. Add oil, half the milk and vanilla.
5. Beat 1 minute at medium speed.
6. Add remaining milk and egg yolks.
7. Beat 1 minute, scrape bowl.
8. Gently fold in egg whites.
9. Bake in two greased 9x 1.5-inch round pans in 350°F oven for 25 minutes.
10. Cool 10 minutes and then remove from pans.
11. Cool completely.
12. Fill with cream filling.
13. Frost with Chocolate Glaze.
14. French Custard Filling: In saucepan, combine sugar, flour, cornstarch and salt. Gradually stir in milk.
15. Cook and stir until mixture thickens and boils; cook and stir 2-3 minutes longer.
16. Stir a little of hot mixture into egg yolk; return to hot mixture.
17. Cook and stir until mixture just boils.
18. Add vanilla; cool.
19. Beat until smooth; fold in whipped cream.
20. Chocolate Glaze: Melt chocolate and butter over low heat, stirring constantly.
21. Remove from heat. Stir in confectioners
22. ,
23. ,
24. ,",
49.0,Chicken Breasts Lombardi,"['fresh mushrooms', 'butter', 'boneless skinless chicken breast halves', 'flour', 'butter', 'marsala', 'chicken broth', 'salt', 'mozzarella cheese', 'parmesan cheese', 'green onion']","1. Cook mushrooms in 2 tbsp butter in a large skillet, stirring constantly, just until tender.
2. Remove from heat; set aside. Cut each chicken breast half in half lengthwise. Place each piece of chicken between two sheets of wax paper; flatten to 1/8\
3. ,
4. ,
5. ,
6. baking dish, overlapping edges.
7. Repeat procedure with remaining chicken and butter.
8. Reserve pan drippings in skillet. Sprinkle reserved mushrooms over chicken.
9. Add wine and broth to skillet. Bring to a boil; reduce heat, and simmer, uncovered, 10 minutes, stirring occasionally.
10. Stir in salt and pepper.
11. Pour sauce over chicken.
12. Combine cheeses and green onions; sprinkle over chicken.
13. Bake uncovered at 450 for 12 to 14 minutes.
14. Broil 5 1/2\","https://img.sndimg.com/food/image/upload/w_555,h_416,c_fit,fl_progressive,q_95/v1/img/recipes/49/m1z1F8S5mAZgyImm5zYw_Lombardi%20Chicken%203.jpg"
50.0,Biscotti Di Prato,"['flour', 'sugar', 'baking powder', 'salt', 'eggs', 'vanilla', 'egg', 'water']","1. EGG WASH 1 Egg, large 1 tsp Water In the bowl of an electric mixer fitted with the paddle attachment blend the flour, the sugar, the baking powder, and the salt until the mixture is combined well.
2. In a small bowl, whisk together the whole eggs, the yolks, the vanilla and the almond extract, add the mixture to the flour mixture, beating until a dough is formed, and stir in the almonds.
3. Turn the dough out onto a lightly floured surface, knead it several times, and divide it into fourths.
4. Working on 2 large buttered and floured baking sheets, with floured hands form each piece of dough into a flattish log 11 inches long and 2 inches wide, arrange the logs at least 3 inches apart on the sheets, and brush them with the egg wash.
5. Bake the logs in a preheated 350F oven for 35 minutes and let them cool on the baking sheets on racks for 10 minutes.
6. On a cutting board, cut the logs crosswise on the diagonal into 3/4\
7. ,","https://img.sndimg.com/food/image/upload/w_555,h_416,c_fit,fl_progressive,q_95/v1/img/recipes/50/picyuYoeC.jpg"
51.0,Chai Tea,"['water', 'black tea', 'cinnamon stick', 'milk', 'sugar', 'honey', 'cardamom pods', 'black peppercorns', 'star anise', 'whole cloves', 'whole coriander seed']","1. Bring water and spices to boil in saucepan.
2. Reduce heat, cover and simmer 20 minutes.
3. Add teabags and milk, simmer 3-5 minutes.
4. Add sweetner to taste. Serves 4.
5. (The tea becomes spicier as it sits, may want to strain out spices).",
52.0,Cafe Cappuccino,"['instant coffee', 'sugar', 'nonfat dry milk solid']","1. Stir ingredients together.
2. Process in a blender until powdered.
3. Use 2 Tbsp. of mixture for each cup of hot water.","https://img.sndimg.com/food/image/upload/w_555,h_416,c_fit,fl_progressive,q_95/v1/img/recipes/52/picAkC0UW.jpg"
53.0,Jimmy G's Carrot Cake,"['all-purpose flour', 'sugar', 'baking powder', 'baking soda', 'five-spice seasoning', 'carrots', 'walnuts', 'pineapple', 'coconut', 'raisins', 'applesauce', 'eggs']","1. Grease and lightly flour 2 9x1 1/2-inch round baking pans or grease one 13x9x2-inch baking pan.
2. Set pan(s) aside. In a large mixing bowl combine flour, sugar, baking powder, baking soda, and 5 Spice Seasoning.
3. Add carrots, oil, eggs, coconut. Beat with electric mixer till combined.
4. Add walnuts, and raisins and fold into batter.
5. Pour batter into prepared baking pan(s). Bake in a 350~F oven for 30 - 35 minutes for round pans or 35 - 40 minutes for 13x9-inch pan or until a wooden toothpick comes out clean.
6. Cool layer cakes on wire racks for 10 minutes.
7. Remove from pans.
8. Cool thoroughly on wire racks.
9. Or, place 13x9-inch can in pan on a wire rack; cool thoroughly.
10. Frost with Cream Cheese Frosting.
11. Cover and store in refrigerator.",
54.0,Carrot Cake,"['carrots', 'eggs', 'white sugar', 'all-purpose flour', 'baking powder', 'baking soda', 'cinnamon', 'salt', 'nutmeg', 'golden raisin', 'confectioners', ',', ',', ',']","1. Beat together the eggs, oil, and white sugar. Blend mixture for thirty seconds.
2. Sift together flour, baking powder, baking soda, salt and spices. Add the carrots and raisins.
3. Pour egg mixture into dry ingredients, and mix well. Pour batter into well greased 10 inch tube or Bundt pan.
4. Bake at 350 degrees F (175 degrees C) oven for 45 to 50 minutes. Cool cake on wire rack, and then refrigerate until completely cooled.
5. To make Cream Cheese Glaze: Blend together confectioners","https://img.sndimg.com/food/image/upload/w_555,h_416,c_fit,fl_progressive,q_95/v1/img/recipes/54/picQ2X4D8.jpg"
55.0,Betty Crocker's Southwestern Guacamole Dip,"['avocados', 'tomatoes', 'salt', 'garlic', 'lime juice']","1. Peel and mash avocados until lumpy.
2. Add remaining ingredients and chill for 1 - 2 hours.","https://img.sndimg.com/food/image/upload/w_555,h_416,c_fit,fl_progressive,q_95/v1/img/recipes/55/piclZzIyA.jpg"
56.0,Buttermilk Pie,"['butter', 'margarine', 'sugar', 'flour', 'eggs', 'salt', 'vanilla', 'buttermilk']","1. Preheat oven to 400°F.
2. Beat the butter and sugar together until light.
3. Add the eggs and beat; then beat in vanilla.
4. Sift the dry ingredients together and add to the batter alternatively with the buttermilk; beat until smooth.
5. Pour into a deep dish pie shell and bake at 400F for 10 minutes, reduce heat to 350F and bake for 50-60 additional minutes.
6. Pie should turn a nice golden brown and a knife inserted should come out clean.
7. I think it is absolutely best when it is just still warm. (Not too hot, or it will be like napalm.).","https://img.sndimg.com/food/image/upload/w_555,h_416,c_fit,fl_progressive,q_95/v1/img/recipes/56/nTwHmSmmRqGCr5HAUapC_pie-1194.jpg"
57.0,Black Bean Salsa,"['black beans', 'tomatoes', 'roma tomatoes', 'green onions', 'garlic', 'cilantro', 'white pepper']","1. Combine all ingredients in a bowl.
2. Serve with tortilla chips.",
58.0,Low-Fat Burgundy Beef & Vegetable Stew,"['beef eye round', 'dried thyme leaves', 'salt', 'pepper', 'ready-to-serve beef broth', 'burgundy wine', 'garlic', 'cornstarch', 'frozen sugar snap peas']","1. Trim fat from beef, cut into 1-inch pieces.
2. In Dutch oven, heat oil over medium high hunt until hot. Add beef (half at a time) and brown evenly, stirring occasionally.
3. Pour off drippings.
4. Season with thyme, salt and pepper.
5. Stir in broth, wine and garlic. Bring to boil; reduce heat to low.
6. Cover tightly and simmer 1 1/2 hours.
7. Add carrots and onions.
8. Cover and continue cooking 35 to 40 minutes or until beef and vegetables are tender.
9. Bring beef stew to a boil over medium-high heat. Add cornstarch mixture; cook and stir 1 minute. Stir in sugar snap peas.
10. Reduce heat to medium and cook 3 to 4 minutes or until peas are heated through.","https://img.sndimg.com/food/image/upload/w_555,h_416,c_fit,fl_progressive,q_95/v1/img/recipes/58/picnE8qoe.jpg"
59.0,Lou's Fabulous Bruschetta,"['french baguette', 'butter', 'garlic powder', 'ricotta cheese', 'parmesan cheese', 'salt', 'tomatoes', 'olive oil', 'fresh basil leaves']","1. Cut baguette into slices.
2. Butter and then sprinkle garlic powder each piece, and bake till lightly golden brown.
3. Mix garlic powder, Parmesan cheese, and salt in the ricotta cheese, till a lovely blended taste.
4. Dice tomatoes in small cubes, add Olive Oil, and small strips of fresh basil leaves, cut into thin strips.
5. Spread the ricotta mixture, generously on the cooled garlic bread slices.
6. Top with tomato mixture and bake at 350F for 10 minutes.
7. Enjoy!","https://img.sndimg.com/food/image/upload/w_555,h_416,c_fit,fl_progressive,q_95/v1/img/recipes/59/pickKDLXe.jpg"
60.0,Blueberry Dessert,"['bisquick baking mix', 'sugar', 'butter', 'margarine', 'eggs', 'frozen blueberries', 'bisquick baking mix', 'sugar', 'firm butter', 'margarine']","1. Heat oven to 400 degrees.
2. Mix 2 cups baking mix, 1/2 cup sugar, 1/2 cup butter and egg yolks until crumbly.
3. Press into ungreased rectangular pan, 13x9x2\
4. ,
5. ,
6. ,
7. ,",
61.0,Brownie Heart Cake,"['brown sugar', 'butter', 'vanilla', 'eggs', 'all-purpose flour', 'salt', 'white chocolate', 'butter', 'sour cream']","1. CAKE: Grease 5 cup heart shaped pan; dust with unsweetened cocoa
2. powder and set aside. In bowl, blend together brown sugar, butter and vanilla; add eggs, one at a time, beating well with wooden spoon after each addition.
3. Sift together flour, cocoa and salt; add all at once to creamed mixture, mixing just until blended.
4. Stir in nuts; spread in prepared pan.
5. Loosely cover tip of heart with foil to prevent from drying out. Bake in 350xF oven for 35 to 40 minutes or until just barley firm to the touch.
6. Let cool in pan for 10 minutes; turn out onto rack and let cool completely.
7. FROSTING: In top of double boiler over hot, not boiling, water, melt white chocolate with butter.
8. (Alternatively, in microwaveable dish, microwave at Medium/50% for 1 to 2 minutes or until softened.) Remove from heat and let cool slightly; stir in sour cream until smooth and blended.
9. Refrigerate for 10 minutes; spread smoothly over sides then top of cooled cake. GARNISH: Sprinkle cocoa in attractive pattern on top of cake. Arrange almonds around top edge.",
62.0,"Black Bean, Corn, and Tomato Salad","['fresh lemon juice', 'olive oil', 'black beans', 'fresh corn kernels', 'plum tomato', 'scallion', 'fresh parsley leaves', 'cayenne', 'boston lettuce leaves']","1. In a bowl whisk together lemon juice, oil, and salt to taste.
2. Stir in remaining ingredients, except lettuce leaves, with salt and black pepper to taste.
3. Let salad stand, stirring once or twice, 15 minutes for flavors to develop.
4. Line 2 plates with lettuce and divide salad between them.",
63.0,Cabbage and Sausage Soup,"['olive oil', 'italian sausage', 'garlic', 'red pepper flakes', 'salt', 'black pepper', 'sun-dried tomato', 'white wine', 'cabbage']","1. In a medium stockpot or Dutch oven heat olive oil, over high heat, and saute sausage for 3 minutes.
2. Remove with a slotted spoon and set aside. Add onion, garlic, red pepper flakes, salt, pepper and sun dried tomatoes.
3. Reduce heat to medium high and saute until onions are soft, about 3 - 5 minutes.
4. Stir in the wine and cook 2 minutes.
5. Add cabbage, reserved sausage and chicken stock.
6. bring to a boil, reduce heat and simmer 15 minutes.
7. - - - - - - - - - - - - - - - - - - NOTES : To serve, place a piece of garlic toast in the bottom of the bowl and ladle soup over top.",
64.0,Almond Pound Cake,"['butter', 'almond paste', 'sugar', 'eggs', 'flour', 'cornstarch', 'baking powder', 'milk']","1. Preheat oven to 350 degrees Fahrenheit.
2. Cream butter and almond paste until fluffy.
3. Add sugar, gradually add eggs, one at a time. Mix together flour, cornstarch and baking powder, then add flour mixture and milk alternately.
4. Bake in greased 9x5 loaf pan for 1 hour.
5. Double recipe for a bundt pan and bake 75 minute.
6. Cool 10 min in pan, then turn out and cool completely.
7. Serve with powdered sugar, orange glaze or chocolate glaze.",
66.0,Black Coffee Barbecue Sauce,"['brewed coffee', 'ketchup', 'red wine vinegar', 'dark brown sugar', 'onion', 'garlic cloves', 'dark molasses', 'hot dry mustard', 'worcestershire sauce', 'cumin', 'chili powder']","1. Combine all ingredients in a saucepan and simmer over low heat for 20 minutes.
2. Cool, then puree in a blender or food processor until smooth.
3. This can be stored in the refrigerator for up to 2 weeks in a covered container.","https://img.sndimg.com/food/image/upload/w_555,h_416,c_fit,fl_progressive,q_95/v1/img/recipes/66/pic6Ysx4x.jpg"
67.0,Bourbon Pecan Pound Cake,"['butter', 'sugar', 'eggs', 'cake flour', 'baking powder', 'salt', 'nutmeg', 'sour cream', 'bourbon', 'pecans', 'powdered sugar', 'bourbon', 'water']","1. Combine butter and sugar in bowl of electric mixer and blend until light and fluffy.
2. Add eggs one at a time, beating constantly.
3. Sift together flour, baking powder, salt, and nutmeg.
4. Blend sour cream and bourbon.
5. Alternately add flour and sour cream mixture to batter.
6. Add pecans.
7. Grease bottom and sides of tube or bunt pan.
8. Pour in batter and bake at 325 degrees for about one hour and 30 minutes.
9. Test cake frequently after first hour and 15 minutes for doneness.
10. Let cake cool in pan for 15 minutes before turning out on wire rack.
11. To prepare glaze, combine sugar and bourbon.
12. Stir while gradually adding water.
13. Add only enough water to make a pourable glaze without allowing mixture to become too thin.
14. Pour glaze over top of warm cake and let dribble down sides.",
68.0,Chicago Style Pizza,"['dry yeast', 'water', 'sugar', 'salt', 'flour', 'cornmeal', 'mozzarella cheese', 'oregano', 'pepper', 'green pepper', 'mushroom', 'parmesan cheese']","1. For crust, dissolve yeast in water.
2. Add sugar, salt and 2 tablespoons oil.
3. Stir in flour to make a soft dough.
4. Turn out onto well floured board.
5. Knead about 3 minutes.
6. Put in greased bowl; cover and let rise in warm place about 1 1/2 hours.
7. Brush a 14-inch deep-dish pizza pan with 2 tablespoons oil; sprinkle with corn meal.
8. Punch dough down; press in bottom of pan.
9. Let rise 30 minutes.
10. Punch down again, lightly coat with olive oil.
11. Cook at 450 degrees for about 10 minutes until set. (Punch down dough after 5 minutes or so.) Arrange cheese over dough.
12. Place pepperoni, olives, peppers and mushrooms over cheese. Spread pizza sauce. Sprinkle with oregano, crushed pepper and Parmesan cheese. Place pizza in oven and cook at 450 degrees until cheese is melted and crust is golden (about 20 to 25 minutes). Makes 8 slices.",
69.0,Chicha Peruana,"['piloncillo cone', 'nottingham dry yeast']","1. Procedure: Mash for 90 minutes at 160°F.
2. We did two 1.5 gallon batches, each spiced differently (one with curacao/coriander, the other with allspice/cinammon). We would rather have used a higher proportion of jora, but on brewday we discovered that our ability to determine the weight of things is seriously imparied.
3. Instead of the 4.5lbs we thought we had, we found we had only 3lbs of jora.
4. Rather than readjust (the OG would have been more appropriate at ~1.045 in any case), we added more sugar, a course of action that was inspired by homebrewed Weizen as much as anything else. The result is a very tasty beverage, pretty big all the way around on corn, and yet the flavor is quite subtle. Be warned that chicha is at its peak 2 to 4 days after pitching while it still retains some sweetness and body.
5. Once the chicha ferments out, you are left with a fairly bland beverage that reminds me of iced tea more than anything else. If I
6. yellow corn from the grocery store (domestic 20-row?) In fact, I plan on doing this if only to see what kind of chicha it makes.
7. Specifics: OG: 1.055 FG: 1.012 Types of Chicha So far, there appear to me to be several main ways in which chicha de jora is made. These range in difficulty from trivial to a process almost indentical to what barley-beer homebrewers are familiar with.
8. Facil (easy) - Corn is mixed with water and sugar and allowed to sit for several days until the corn begins to germinate. The sugar ferments and the corn, lending nothing fermentable, adds flavor.
9. Abbreviated - The jora is mashed but the mash is ultimately brought to a boil, allowed to settle, and the clear liquid, or upi, now finished chicha, is drawn off.
10. Traditional - Similiar to the Abbreviated method, but the jora is mashed and the mash is allowed to settle. The upi is drawn off the mash into a separate vessel for boiling.
11. Modern - The ground jora is mashed and lautered through some sort of filtering device such as a manifold or false bottom.
12. This process is helped by the inclusion of some crushed malted barley (Barley Assisted). The first is apparently how much chicha is made in people
13. ,
14. ,
15. ,
16. ,
17. normal
18. ,",
70.0,Buckwheat Bread,"['eggs', 'water', 'buckwheat flour', 'light brown sugar', 'whole wheat flour', 'buttermilk', 'salt', 'caraway seed', 'all-purpose flour']","1. Proof the yeast in the lukewarm water with the sugar.
2. After you get a yeast sponge add the buttermilk (room temperature), salt, eggs and the three different kinds of flour and caraway seeds.
3. Mix well.
4. Take the dough out onto a lightly floured work surface, kneading until smooth.
5. Place the dough in a large buttered bowl, cover with a towel and let stand in a warm place to rise until doubled in bulk.
6. This will take from 1~/2 to 2 hours.
7. Take the dough out and punch it down a couple of times.
8. Knead and shape the dough into a loaf and place in a buttered loaf pan (9~ by 5~). Let stand in a warm place, covered with a towel, to rise for about 1 hour or until doubled in size. Preheat the oven to 400 degrees. Brush the bread with a little melted butter and bake in the oven for about 30 minutes or until light brown and the bread sounds hollow when tapped with your finger.
9. Cool wrapped in a towel.",
71.0,Chicken and Dumplings,"['chicken', 'carrot', 'celery', 'onion', 'chicken bouillon cubes', 'butter', 'flour', 'sherry wine', 'lemon juice', 'salt', 'baking powder', 'salt', 'shortening', 'milk', 'peas']","1. Place chickens in large saucepan, cover with water and bring to a boil.
2. Simmer until chickens are tender.
3. Remove chickens from pan and set aside. Remove backbones.
4. Add chopped carrot, celery and onion and simmer 30 minutes.
5. Add chicken stock base and remove from heat. Strain and reserve stock.
6. Melt butter and stir in 1 cup flour until smooth.
7. Add to straine reserved chicken stock.
8. Simmer 5 minutes.
9. Add sherry and lemon juice, salt to taste and, if desired, food color.
10. For dumplings, combine 1 1/2 cups flour, baking powder and 1/4 tsp salt in mixing bowl.
11. Cut in shortening until mixture resembles cornmeal.
12. Stir in milk until just blended.
13. Place about 1/2 inch water in saucepan with wire rack that comes 2 to 3 inches above water line. Cover rack with lightly oiled waxed paper, oiled side up.
14. With water gently simmering, drop dumplings by tablespoon onto waxed paper, leaving room in between for expansion.
15. Steam 8 minutes, uncovered, then cover and steam 7 minutes longer.
16. Meanwhile, remove skin from cooked chicken and bone, if desired.
17. Cut in large pieces.
18. Place chicken pieces in casserole. Arrange dumplings on chicken.
19. Cover with sauce and sprinkle with peas for color.",
72.0,Brownie Pudding,"['all-purpose flour', 'granulated sugar', 'baking powder', 'salt', 'milk', 'vanilla', 'butter', 'brown sugar', 'boiling water']","1. Preheat oven to 350 degrees.
2. Combine flour, granulated sugar, 1/4 cup cocoa, baking powder and salt in a bowl.
3. Stir in milk, butter and vanilla until smooth.
4. Stir in chocolate chips.
5. Spread in ungreased shallow 1 1/2 quart casserole. Sprinkle brown sugar and 1/4 cup cocoa on top.
6. Place in oven, pour boiling water over top.
7. Bake 35 minutes, cool 10 minutes before serving.
8. Serve with ice cream if desired.",
73.0,Bratwurst,"['milk', 'fine salt', 'white pepper', 'mace', 'ginger', 'nutmeg', 'powdered soy protein concentrate', 'eggs', 'fresh parsley']","1. Grind the veal and pork with a 3/8 in. (0.95 cm) plate.
2. Place the ground meat into a mixing tub and add all remaining ingredients.
3. Mix very thoroughly.
4. Return to the cooler and chill at least 1 hour.
5. Stuff the prepared casings.Tie into 4 in. (10 cm) links.
6. Poach the sausages in good veal stock for the best flavor.
7. Cover with the cold stock and heat gently.
8. Maintain a temperature of no more than 160 F (710C). When the sausages reach an internal temperature of 140 F (60 C), remove from the stock.
9. Cool quickly.
10. Dry wrap, and refrigerate for use.",
74.0,Brownie Cheesecake Torte,"['instant coffee granules', 'cinnamon', 'sugar', 'sugar', 'all-purpose flour', 'vanilla extract', 'fat free cream cheese', 'skim milk', 'fresh raspberry']","1. Preheat oven to 425 degrees F.
2. Combine first 4 ingredients in a bowl.
3. Firmly press mixture into bottom and 1 inch up sides of a 9-inch springform pan coated with cooking spray.
4. Set aside. Combine 1/2 cup sugar, flour, vanilla, and cheeses; beat at medium speed of a mixer until well-blended.
5. Add egg whites and 2 tablespoons milk; beat well.
6. Combine 1/2 cup batter, 1 tablespoon milk, 2 tablespoons sugar, and cocoa in a small bowl; stir well.
7. Spoon remaining batter alternately with cocoa mixture into prepared crust. Swirl together using the tip of a knife. Bake at 425 degrees for 10 minutes.
8. Reduce oven temperature to 250 degrees; bake 45 minutes or until almost set. Cool completely on a wire rack.
9. Garnish with chocolate syrup and fresh raspberries, if desired.","https://img.sndimg.com/food/image/upload/w_555,h_416,c_fit,fl_progressive,q_95/v1/img/recipes/74/kZ2yXx22RimC8sHBAlFa_image.jpg"
75.0,California Chilled Salsa,"['tomatoes', 'celery', 'onion', 'green pepper', 'salt', 'cider vinegar', 'sugar', 'green chili pepper']","1. * Also delicious made with red sweet peppers or a combination of red and green for nice color.
2. Combine all ingredients; if finer texture is desired may be put through food grinder using fine blade.
3. Cover tightly and chill overnight.
4. Serving Ideas : Serve cold as a relish with meat.
5. Kim C.",
76.0,Alfredo Sauce,"['sweet butter', 'heavy cream', 'parmesan cheese', 'salt', 'pepper']","1. Place butter in microwave safe pot and heat on high for 30 seconds or until melted.
2. Add cream and warm on high for approximately 1 minute.
3. Add Parmesan cheese and warm until cheese melts.
4. Add salt and pepper to taste. (If serving with shrimp, you might not need much salt.).
5. Pour over 4 servings of warm noodles (I use angel hair) and toss to coat. Serve immediately.
6. Notes: I serve it with cubed, grilled or broiled chicken breast mixed in with the noodles or shrimp. Add a green salad and you have a complete meal. I have used margarine and canned Parmesan cheese and it worked fine.","https://img.sndimg.com/food/image/upload/w_555,h_416,c_fit,fl_progressive,q_95/v1/img/recipes/76/lfS6kBlpRJMGzvXr3Gkz_AS%204%20-%20final_2.jpg"
78.0,Buttermilk Ranch Dressing,"['garlic', 'salt', 'buttermilk', 'sour cream', 'lime juice', 'parsley', 'chives']","1. Mash together garlic and salt to form a paste. Remove to a small bowl.
2. Whisk in buttermilk sour cream, lime juice, parsley, chives, and salt and pepper.
3. Taste and adjust seasonings.
4. Use immediately or cover and refrigerate.",
79.0,Brisket with Sauerkraut and Applesauce,"['stewed tomatoes', 'sauerkraut', 'applesauce', 'dark brown sugar', 'beef brisket']","1. In a large cook pot place undrained tomatoes, sauerkraut with applesauce and brown sugar.
2. Bring to a boil.
3. Lower heat and add brisket so that mixture can cover some of brisket.Cover and simmer until meat is fork tender ( about 3 hours ); spooning sauce over brisket intermittently.
4. When meat is done, place brisket on serving platter.
5. Remove excess fat from pot. Season sauce to taste ( more sugar, spices etc. ). Thicken if desired with a bit of cornstarch mixed with some cold water and add to sauce and cook and stir till thickened.
6. For best serving, prepare brisket ahead of time, let cool completely, slice meat, cover with sauce and refrigerate till needed ( may be frozen ). Gently reheat and serve slices of meat and sauce.",
80.0,Bread Pudding,"['milk', 'eggs', 'sugar', 'salt', 'real vanilla', 'unsalted butter']","1. Mix bread and milk together.
2. Add the 2 eggs and the 2 egg yolks with 5 tbsp of sugar and salt.
3. Add to the milk mixture will be the vanilla and butter.
4. Mix well and pour into a slightly greased 1 1/2 quart casserole.
5. Bake in a pie pan of water at 350° oven for 45 minutes.
6. For the Meringue topping: Beat the egg whites until stiff and add the 4 tbsp of sugar to it.
7. Pour in slowly
8. Top the already baked pudding with it--making swirly peaks for decorations.
9. Bake again at 300° until a golden brown.",
81.0,All Purpose Quick Mix With 28 Variations,"['whole wheat flour', 'flour', 'baking powder', 'salt', 'butter']","1. Blend flours, baking powder and salt. Cut butter or margarine into flour mixture until it resembles coarse cornmeal.
2. Store tightly covered in refrigerator or freezer until needed.
3. To prepare a variation: Mix together baking mix and additional ingredients listed in one of the variations. Spread batter in a 13x9 inch loaf pan and bake at 350 degrees for 30 minutes or until done. You may also make as muffins; baking time will be shorter.
4. There are 28 variations of what you can do with this mix: Variations include almond, apple, apricot, banana, blueberry, butterscotch chip, carrot, chocolate or carob chip, coconut, cranberry, date, fig, granola, lemon, orange, peach, pineapple, peanut, pear, pecan, pineapple, prune, pumpkin, raisin, spice, yam, walnut, yogurt & zucchini---with this same mix as the base for all of them! HERE ARE THE VARIATIONS:
5. SWEET POTATO OR YAM: 3 1/2 cup quick mix 1 teaspoons Cinnamon 1/2 teaspoons allspice 1 cup chopped 1 cup mashed, cooked sweet potato nuts 1 egg 2/3 cup honey - 1/3 cup milk OR 3/4 cup sugar - 1/2 cup milk.
6. WALNUT: 3 1/2 cup quick mix 1 cup chopped walnuts 1 egg 2/3 cup honey - 1 cup milk OR 3/4 cup sugar - 1 1/4 cup milk.
7. YOGURT: 3 1/2 cup quick mix 1/2 teaspoons Baking soda 1 cup chopped nuts 1 cup yogurt, any flavor 1 egg 2/3 cup honey - 1/2 cup milk OR 3/4 cup sugar - 2/3 cup milk.
8. ZUCCHINI: 3 1/2 cup quick mix 1 teaspoons Cinnamon 1 cup chopped nuts 1 cup shredded zucchini 1 egg 2/3 cup honey - 2/3 cup milk OR 3/4 cup brown sugar, firmly packed - 1 cup milk.
9. ALMOND: 3 1/2 cup quick mix 1 teaspoons almond extract 1 cup sliced almonds 1 egg 2/3 cup honey - 1 cup milk OR 3/4 cup sugar - 1 1/4 cup milk.
10. APPLE: 3 1/2 cup quick mix 1 teaspoons Cinnamon 1 cup chopped nuts 1 cup apple, shredded 1 egg 2/3 cup honey - 2/3 cup milk or apple juice OR 3/4 cup brown sugar, firmly packed - 1 cup milk or apple juice.
11. APRICOT: 3 1/2 cup quick mix 1 cup chopped nuts 1 cup diced, dried apricots 1 egg 3/4 cup honey - 3/4 cup apricot nectar OR 1 cup sugar - 1 cup apricot nectar.
12. BANANA: 3 1/2 cup quick mix 1 cup chopped nuts 1 cup mashed bananas 1 egg 2/3 cup honey - 1/3 cup milk OR 3/4 cup sugar - 1/2 cup milk.
13. BLUEBERRY: 3 1/2 cup quick mix 1 teaspoons grated orange peel 1 cup chopped nuts 1 cup blueberries 1 egg 2/3 cup honey - 1 cup orange juice OR 3/4 cup sugar - 1 cup orange juice.
14. BUTTERSCOTCH CHIP: 3 1/2 cup quick mix 1 teaspoons vanilla 1 cup chopped nuts 1 cup butterscotch chips 1 egg 2/3 cup honey - 1 cup milk OR 3/4 cup brown sugar, firmly packed - 1 1/4 cup milk.
15. CARROT: 3 1/2 cup quick mix 1 teaspoons Cinnamon 1 cup chopped nuts 1 cup grated carrot 1 egg 2/3 cup honey - 2/3 cup milk OR 3/4 cup brown sugar, firmly packed - 1 cup milk.
16. CHOCOLATE OR CAROB CHIP: 3 1/2 cup quick mix 1 cup chopped nuts 1 cup chcolate or carob chips 1 egg 2/3 cup honey - 1 cup milk OR 3/4 cup sugar - 1 1/4 cup milk.
17. COCONUT: 3 1/2 cup quick mix 1 cup chopped nuts 3/4 cup coconut 1 egg 2/3 cup honey - 1 cup milk OR 3/4 cup brown sugar, firmly packed - 1 1/4 cup milk.
18. CRANBERRY: 3 1/2 cup quick mix 1 Tbsp grated orange peel 1 cup chopped nuts 3/4 cup cranberries, chopped 1 egg 2/3 cup honey - 3/4 cup orange juice OR 3/4 cup brown sugar, firmly packed - 1 cup orange juice.
19. DATE: 3 1/2 cup quick mix 1 Tbsp grated orange peel 1 cup chopped nuts 1 cup dates, chopped 1 egg 2/3 cup honey - 3/4 cup orange juice OR 3/4 cup sugar - 1 cup orange juice.
20. FIG: 3 1/2 cup quick mix 1/2 teaspoons Cinnamon 1/2 teaspoons allspice 1 cup chopped nuts 1 cup chopped, dried figs 1 egg 2/3 cup honey - 3/4 cup orange juice OR 3/4 cup sugar - 1 cup orange juice.
21. GRANOLA: 3 1/2 cup quick mix 1 cup granola 1 egg 2/3 cup honey - 1 cup milk, apple, or orange juice OR 3/4 cup sugar - 1 1/4 cup milk, apple, or orange juice.
22. LEMON: 3 1/2 cup quick mix 2 Tbsp grated lemon peel 1 cup chopped nuts 1 egg 2/3 cup honey - 1 cup milk OR 3/4 cup sugar - 1 1/4 cup milk.
23. ORANGE: 3 1/2 cup quick mix 2 Tbsp grated orange peel 1 cup chopped nuts 1 egg 2/3 cup honey - 1 cup orange juice OR 3/4 cup sugar - 1 1/4 cup orange juice.
24. PEACH: 3 1/2 cup quick mix 1 teaspoons Cinnamon 1 cup chopped nuts 1 cup diced, dried peaches 1 egg 2/3 cup honey - 3/4 cup orange juice OR 3/4 cup sugar - 1 cup orange juice.
25. PEANUT: 3 1/2 cup quick mix 1 cup chopped peanuts 1 egg 2/3 cup honey - 1 cup milk OR 3/4 cup brown sugar, firmly packed - 1 1/4 cup milk.
26. PEAR: 3 1/2 cup quick mix 1 teaspoons Cinnamon 1 cup chopped nuts 1 cup diced, dried pears 1 egg 2/3 cup honey - 3/4 cup orange juice OR 3/4 cup sugar - 1 cup orange juice.
27. PECAN: 3 1/2 cup quick mix 1 cup chopped pecans 1 egg 2/3 cup honey - 1 cup milk OR 3/4 cup brown sugar, firmly packed - 1 1/4 cup milk.
28. PINEAPPLE: 3 1/2 cup quick mix 1 Tbsp grated orange peel 1 cup chopped nuts 2/3 cup drained, crushed pineapple 1 egg 2/3 cup honey - 2/3 cup orange juice OR 3/4 cup brown sugar, firmly packed - 3/4 cup orange juice.
29. PRUNE: 3 1/2 cup quick mix 1 Tbsp grated orange peel 1 cup chopped nuts 1 cup chopped, dried prunes 1 egg 2/3 cup honey - 3/4 cup prune juice OR 3/4 cup sugar - 1 cup prune juice.
30. PUMPKIN: 3 1/2 cup quick mix 1 teaspoons cinnamon 1/2 teaspoons allspice 1 cup chopped nuts 1 cup canned pumpkin 1 egg 2/3 cup honey - 1/3 cup milk OR 3/4 cup sugar - 1/2 cup.
31. RAISIN: 3 1/2 cup quick mix 1 cup chopped nuts 1 cup raisins 1 egg 2/3 cup honey - 3/4 cup milk or orange juice OR 3/4 cup sugar - 1 cup milk or orange juice.
32. SPICE: 3 1/2 cup quick mix 1/2 teaspoons Cinnamon 1/2 teaspoons nutmeg 1/4 teaspoons cloves 1 cup chopped nuts 1 egg 2/3 cup honey - 1 cup milk OR 3/4 cup sugar - 1 1/4 cup milk.",
82.0,Brazilian Empadinhas,"['butter', 'flour', 'salt', 'margarine', 'milk', 'water', 'shrimp', 'onion', 'tomatoes', 'parsley', 'lemon', 'salt', 'pepper', 'tabasco sauce', 'garlic', 'cornstarch', 'olive oil', 'cumin', 'bell peppers']","1. DOUGH Cut butter into salt and flour.
2. Stir in rest of the ingredients and knead to combine or just process everything until it forms a ball.
3. Let rest covered 1 hour Make balls the size of a walnut, from 2/3 of the dough and line small muffin tins with the dough.
4. Place 2 tsp. of the cold filling into the lined tins.
5. Make small balls with the rest of the dough.
6. Flatten them to make lids for the mini pies.
7. Brush tops with egg yolk Bake in preheated 350 F oven for 30 to 35 minutes or until golden brown.
8. SHRIMP FILLING Clean and devein shrimp, saving heads and shells.
9. Make a broth with the shells and heads and 2 cups water.
10. Cook 1 hour, uncovered over low heat. Strain broth and cook it down to 1/2 cup.
11. Cook onions and garlic in olive oil until they start changing color.
12. Add bell pepper and cook 2 minutes, Add tomatoes, broth and seasonings and simmer almost to a paste. Add shrimp and cook just until they become opaque. Stir in cornstarch diluted in 2 Tbsp water.
13. Stir until thick.
14. Add parsley.
15. Let cool before using
16. NOTES : May use other fillings such as chicken, hearts of palms, cheese Miriam Podcameni Posvolsky Rio de Janeiro","https://img.sndimg.com/food/image/upload/w_555,h_416,c_fit,fl_progressive,q_95/v1/img/recipes/82/82.jpg"
83.0,Bubble and Squeak,"['baking potatoes', 'unsalted butter', 'heavy cream', 'bacon', 'onion', 'celery', 'sage', 'white pepper', 'brussels sprout']","1. Wash potatoes under cold running water then place in a large saucepan.
2. Cover with salted water, bring to a boil, reduce heat and simmer until soft, uncovered, about 15 minutes.
3. Drain and set aside and allow to cool slightly.
4. Peel potatoes and mash.
5. Add butter and cream and mix well.
6. Meanwhile fry bacon until crisp.
7. Drain on paper towel and set aside. In the same skillet add onion to bacon drippings and saute until soft, about 3 - 5 minutes.
8. Stir in celery, sage and pepper and saute 2 minutes longer.
9. Add lemon juice. Combine vegetables with mashed potatoes, stir well to combine and refrigerate for 2 hours.
10. Shape potato mixture into 10 patties.
11. Melt 2 tablespoons butter in a large skillet and saute patties until brown and crispy, about 5 minutes per side. Crumble bacon over top and serve. - - - - - - - - - - - - - - - - - -",
84.0,Braised Brussels Sprouts With Vinegar and Dill,"['brussels sprouts', 'fresh dill', 'wine vinegar']","1. Trim sprouts; halved if desired.
2. In large pot of boiling salted water, cook Brussels sprouts for 8 minutes if whole, 6 minutes if halved, or until barely tender.
3. Drain, refresh under cold running water and drain again.
4. In well-greased 13x9-inch casserole, combine sprouts, dill, vinegar, and salt and pepper to taste; mix well.
5. Bake, covered, in 350°F oven for 10 minutes.
6. Uncover and bake for 5 minutes longer.","https://img.sndimg.com/food/image/upload/w_555,h_416,c_fit,fl_progressive,q_95/v1/img/recipes/84/pickFstbF.jpg"
85.0,Butter Madeira Cake,"['flour', 'baking powder', 'caster sugar', 'butter', 'eggs', 'milk', 'vanilla essence']","1. Grease lined tin with melted butter.
2. Sift flour and baking powder into processor and add all remaining ingredients.
3. Run machine for 20 counts.
4. Scrape down sides.
5. Run machine for a further 30 counts.
6. Transfer to prepared tin and spread evenly with a spatula. Bake at 160° C for 1 1/2 hours.
7. Leave in tin 15 minutes before turning onto a rack.
8. VARIATIONS Seed cake = Add 2-3 tsp caraway seeds after scraping down the sides.
9. Orange Cake = omit vanilla.
10. Add 1 tsp orange peel.
11. Lemon Cake = Add 1 tsp lemon peel.
12. Chocolate Speckle Cake = Add 1 crushed Chocolate Flake Bar after scraping down sides.
13. Raisin Cake = Add 3 oz raisins after scraping down sides.
14. Spicy Cake = Add 2-3 tsp Mixed Spice with the other ingredients.","https://img.sndimg.com/food/image/upload/w_555,h_416,c_fit,fl_progressive,q_95/v1/img/recipes/85/picH7CI8k.jpg"
86.0,Butter Dips,"['butter', 'flour', 'sugar', 'baking powder', 'salt', 'milk']","1. Heat oven to 450.
2. Melt butter in oven oblong 13 x 9 1/2 x 3 inch pan.
3. Remove when butter is melted.
4. Sift dry ingredients into bowl.
5. Add milk.
6. Stir slowly with a fork until dough just clings together.
7. Knead lightly about 10 times.
8. Roll out 1/2 inch thick into rectangular 12 x 8 inch pan.
9. Cut in half lengthwise, then crosswise into 16 strips.
10. Dip each strip on both sides in melted butter.
11. Place close together in two rows.
12. Bake 15-20 minutes until golden brown.
13. Serve piping hot.",
87.0,Brownies,"['bittersweet chocolate', 'butter', 'sugar', 'flour', 'eggs', 'vanilla extract', 'rum', 'filter coffee']","1. Preheat oven.
2. It must be hot to begin the baking.
3. Cut the chocolate and the butter into small pieces and put together in a pan.
4. Cook until butter and chocolate are well melted and mixed (one or two minutes). Don
5. ,
6. ,
7. ,
8. ,",
88.0,Breakfast Burritos,"['eggs', 'country sausage', 'flour tortillas']","1. Scramble eggs with a small amount of milk.
2. In another pan, crumble sausage and brown.
3. Combine with cheese; cook over low flame until cheese melts.
4. Mix in just enough ketchup until mixture holds together.
5. Warm tortillas in microwave on medium for about 30 seconds until soft enough to roll up without cracking.
6. Place about 1/4 cup egg mixture in tortilla and roll up.
7. Serve with salsa.",
89.0,Almond Joy Cake,"['margarine', 'milk', 'sugar', 'marshmallows', 'coconut', 'sugar', 'margarine', 'evaporated milk', 'vanilla flavoring', 'marshmallow creme']","1. Cake: Bake according to directions on Super Moist Betty Crocker German Chocolate Cake Mix in 9\
2. pan. Grease and flour pan. After allowing cake to to cool thoroughly, slice in half, making two thin layers. Lay top half aside carefully.
3. Center: Cut up marshmallows with kitchen shears, (rub blades with margarine to prevent sticking).
4. Boil margarine, milk, and sugar together for 3 minutes. Pour over marshmallows until melted. Add coconut and stir.
5. Spread this mixture over bottom half of cake. Sprinkle generously with chopped almonds, if desired.
6. Replace top half of cake.
7. Icing: Combine sugar, milk and margarine, cook to soft ball stage or until candy thermometer reaches 238 degrees. Stir constantly to prevent scorching. Remove from heat, stir in chocolate chips, add marshmallow creme and vanilla flavoring. Beat until well blended.
8. Cool, (not very much). Spread on cake. Sprinkle entire cake generously with almond pieces.
9. Cake is better if it sits overnight.",
90.0,Almond Paste,"['fresh lemon juice', 'water', 'sugar']","1. Force blanched almonds through fine blade of food chopper 4x or whirl in electric blender. Add lemon juice.
2. Cook water and sugar until candy thermometer registers 240*F or until a small amount of mixture dropped into cold water forms a soft ball. Add to ground almonds. Mix well. When cool enough to handle, knead until smooth. Cool.
3. Pack in a jar, cover & store in refrigerator for at least 1 week to ripen. Makes about 2 pounds.
4. NOTE: If almond paste is too stiff to handle after storage, place in top part of double boiler and heat over hot, NOT boiling, water until sufficiently soft to handle. Use in cookies, coffee cakes or in other pastries and desserts.","https://img.sndimg.com/food/image/upload/w_555,h_416,c_fit,fl_progressive,q_95/v1/img/recipes/90/picbvBYE9.jpg"
91.0,Brown Rice and Vegetable Pilaf,"['brown rice', 'chicken broth', 'unsalted butter', 'oregano', 'marjoram', 'summer savory', 'unsalted butter', 'celery', 'fresh snow pea', 'broccoli floret', 'green onion', 'lemons', 'coconut']","1. Preheat oven to 325 degrees F.
2. Heat chicken broth to boiling.
3. Combine broth with brown rice, butter, oregano, marjoram, and summery savory in 3 quart casserole and bake, covered, for 1-1/2 hours or until rice is tender.
4. Keep hot. Melt butter in large skillet or dutch oven.
5. Add celery, snow peas, broccoli, green onion, and ginger and stir fry until crisp-tender.
6. Add vegetables, lemon rind, and toasted coconut to rice. Toss lightly to combine. Adjust seasonings.",
92.0,Brown Bag Apple Salad,"['oranges', 'grapefruit juice', 'seedless grapes', 'honey', 'oranges', 'grapefruit section', 'lemon juice', 'lime juice', 'walnuts', 'apple']","1. In medium-size bowl, stir together orange juice, honey and lemon juice.
2. Add apples, grapes, orange sections and walnuts; toss to coat with juice mixture.
3. Refrigerate or pack into individual containers for lunches and snacks.",
93.0,Blue Stuffed Mushrooms,"['blue cheese', 'cream cheese', 'half-and-half', 'mushrooms', 'pecan halves', 'fresh basil leaves']","1. In a medium bowl, combine the blue cheese and the cream cheese.
2. Beat them together with an electric mixer so that they are smooth.
3. Add the half & half and beat it in so that the mixture is fluffy.
4. Fill the mushroom caps with the cheese mixture.
5. Top each with a pecan half and a basil leaf.",
94.0,Blueberry Buttertarts,"['egg', 'corn syrup', 'lemon juice', 'vanilla', 'brown sugar', 'all-purpose flour', 'blueberries']","1. Preheat oven to 375F.
2. Leave shells in foil cups and place on a baking sheet. In large bowl, whisk egg with syrup, juice and vanilla.
3. In another bowl, stir sugar with flour.
4. Divide berries among shells.
5. Pour in egg mixture, filling each shell right to top.
6. Bake on bottom rack at 375F oven until bubbly and top is a bit crusty, from 18-23 minutes.Tarts will firm up when cool and can be refrigerated 2 days.",
96.0,Calzone,"['tomato sauce with onion', 'basil leaves', 'oregano leaves', 'italian pork sausage', 'water', 'olive oil', 'mozzarella cheese', 'romano cheese', 'parmesan cheese']","1. Open rolls and let stand until they reach room temperature. Heat tomato sauce with basil and oregano; set aside. Simmer sausages in water to cover for 20 minutes; drain, cool, remove the casings and slice thinly.
2. For each Calzone, compress half the rolls into a flat cake and roll on a floured board to make an 11-inch diameter circle. Brush lightly with oil and spread half the tomato sauce over half the dough circle to within 1/2 inch of edge. Top sauce with half the sausage; sprinkle with half the Mozzarella cheese and Romano cheese. Fold plain half over filling to within 1/4 inch of opposite edge. Roll bottom edge up over top edge; pinch or crimp together to seal.
3. Brush with oil.
4. Repeat to make second Calzone. Transfer both Calzones with a wide spatula to a greased baking sheet, placing slightly apart. Pierce tops in a few places with a fork.
5. Bake in a 500 degrees oven for 6 minutes or until golden brown.
6. *Any brand of biscuits refrigerated dough may be substituted.",
97.0,"Capsicum, Tomato and Crunchy Bread Salad","['garlic', 'egg tomatoes', 'olive oil', 'olive oil', 'red capsicums', 'yellow capsicum', 'fresh basil leaf', 'red wine vinegar', 'brown sugar', 'olive oil']","1. DRESSING:Separate garlic bulbs into cloves, don
2. ,
3. ,
4. ,
5. ,
6. ,
7. ,
8. ,
9. ,
10. ,
11. ,
12. ,
13. ,
14. ,",
99.0,Chaat Masala,"['cumin seeds', 'fennel seeds', 'garam masala', 'mango powder', 'black salt', 'cayenne pepper', 'asafoetida powder', 'ginger']",1. Toast and grind cumin and fennel seeds and combine with remaining ingredients.,
100.0,Bread Pudding with Jack Daniels Sauce,"['milk', 'eggs', 'evaporated milk', 'butter', 'sugar', 'vanilla', 'nutmeg', 'cinnamon', 'butter', 'sugar', 'water', 'butter', 'sugar', 'water']","1. Cube bread.
2. Set aside in a large mixing bowl.
3. Combine all ingredients except butter.
4. Mix well and pour over bread.
5. Soak bread in milk mixture for 15 minutes.
6. Pour into a 13x9 buttered pan.
7. Top bread mixture, with cut up butter.
8. Bake at 325 for 60-90 minutes or until pudding mixture has risen 1 inch.
9. Serve warm Sauce over bread pudding.
10. Sauce
11. combine ingredients and add sugar and water until dissolved.
12. Add butter, and simmer until melted.
13. Cook over high heat of 2 minutes.
14. Add Jack Daniels, and simmer for 3-5 minutes.",
101.0,Braised Chicken with Onions and Tomatoes,"['onions', 'gingerroot', 'garlic', 'green serrano chilies', 'tomatoes', 'black cardamom pods', 'cinnamon sticks', 'cloves', 'black peppercorns', 'bay leaves', 'cumin', 'cayenne pepper', 'turmeric', 'plain yogurt', 'dark rum', 'salt', 'cilantro', 'chicken pieces']","1. Heat oil in large saucepan over high heat. Add onions and sauti 2 minutes.
2. Stir in ginger, garlic and chiles.
3. Add chicken pieces and brown lightly.
4. Add tomatoes and remaining spices, yogurt, rum and salt. Reduce heat to low and braise 40 minutes until chicken is cooked through.
5. Serve with cilantro and rice. With leftovers.
6. Freezes well.",
102.0,Cheesy Scalloped Potato Side Dish,"['potatoes', 'flour', 'half-and-half', 'cheddar cheese', 'parmesan cheese', 'paprika']","1. Layer potatoes, flour, milk, and salt and pepper (if desired) in a large casserole dish in several layers, then top with cheeses and paprika.
2. Bake at 350°F for 1 1/2 hours.
3. Optional crockpot method: Spray crock pot with non-stick spray. Layer ingredients in crockpot as directed for oven method. Cook on high about 5 hours, until potatoes are tender.
4. All cooking times are approximate. Preparation time allows for peeling and slicing potatoes. Cooking time is for oven method.","https://img.sndimg.com/food/image/upload/w_555,h_416,c_fit,fl_progressive,q_95/v1/img/recipes/10/2/picKlg7Uh.jpg"
103.0,Borscht,"['cabbage', 'onion', 'celery', 'butter', 'beets', 'tomato sauce', 'brown sugar', 'bay leaf', 'rosemary', 'lemon juice']","1. Saute cabbage, onion and celery in butter until soft in large saucepan.
2. Add tomato sauce, beets with juice, herbs, sugar and enough water to cover ingredients.
3. Bring to boil, reduce heat, simmer 25-30 minutes.
4. Add lemon juice a few minutes before serving.
5. Serve with chopped boiled eggs, sour cream and pumpernickel bread.",
104.0,Cheeseburger Casserole,"['flour', 'ground beef', 'onion', 'tomato sauce', 'ketchup', 'salt', 'pepper', 'cheddar cheese']","1. Combine ground beef and flour in skillet. Add onion and brown.
2. Pour off drippings.
3. Add tomato sauce, ketchup, salt and pepper.
4. Pour into 1 1/2-quart casserole dish.
5. Bake for 10 minutes at 425°F.
6. Top with cheese and biscuits.
7. Bake for 10-15 minutes longer.","https://img.sndimg.com/food/image/upload/w_555,h_416,c_fit,fl_progressive,q_95/v1/img/recipes/10/4/picP5Bk3R.jpg"
105.0,Caputo's Halibut With Mint and Balsamic Vinegar,"['halibut steaks', 'extra virgin olive oil', 'mint leaves', 'garlic clove']","1. Brush both sides of the fish with some of the olive oil and place on hot grill, barbecue or hot skillet.
2. Cook 2 to 3 minutes on each side or until fish is done.
3. In another pan, heat the remaining oil, balsamic vinegar and the mint until just warm.
4. Just before serving, add the garlic to the sauce and spoon over the fish.",
106.0,Cajun Beef Burgers,"['beef', 'black pepper', 'fresh parsley', 'spanish onion', 'salt', 'cajun-style stewed tomatoes', 'dried thyme leaves']","1. To make sauce: In large saucepan, heat oil over medium heat until hot. Add onion and salt; cook and stir over low heat 10 minutes.
2. Add tomatoes and thyme; bring to a broil.
3. Reduce heat; simmer 8 to 10 minutes or until sauce thickens slightly.
4. Meanwhile shape ground beef into four 1/2-inch thick patties.
5. Sprinkle both sides of patties with black pepper and red pepper; brush lightly with 1 teaspoon oil.
6. Heat large heavy nonstick skillet over medium heat 5 minutes.
7. Place patties in skillet; panbroil 10 to 12 minutes or until centers are no longer pink, turning once. Spoon approx.
8. 1/2 of sauce onto bottom halves or rolls; top with patties.
9. Spoon remaining sauce over patties; sprinkle with parsley.
10. Close with roll tops.
11. Serve immediately.
12. Makes 4 servings (serving size: 1 sandwich). Tip: Mexican-style stewed tomatoes may be substituted for Cajun-style. To grill, place patties on grid over medium, ash-covered coals.
13. Grill uncovered, 11 to 13 minutes or until centers are no longer pink, turning once.",
108.0,Buttermilk Pie in Cornmeal Pastry,"['flour', 'salt', 'cornmeal', 'shortening', 'cheddar cheese', 'water', 'eggs', 'sugar', 'butter', 'flour', 'buttermilk', 'lemon zest', 'lemon juice', 'sugar']","1. For Pastry: Sift together flour and salt; stir in cornmeal.
2. Cut in shortening until mixture resembles fine crumbs.
3. Stir in grated Cheddar cheese; sprinkle water over mixture gradually, mixing lightly with fork.
4. Shape into ball; flatten on lightly floured surface. Roll to about 1/8\
5. ,
6. pie pan; trim and flute edge. Fill and bake as directed below.
7. For Filling: Separate 3 eggs and set whites aside for use in meringue.
8. Beat yolks, adding sugar gradually.
9. Cut butter into flour; add buttermilk, lemon peel and juice. Fold in yolks.
10. Pour into 9\
11. ,
12. ,
13. ,
14. ,
15. ,",
109.0,Butterflied Lamb with Garlic Butter,"['lamb', 'parsley', 'fresh thyme', 'lemon, rind of', 'garlic', 'cracked black pepper', 'butter', 'lemon juice', 'small potato', 'shallots', 'olive oil']","1. Open lamb out flat, place the fat-side down on a board. Using a meat mallet or rolling pin pound the lamb to even thickness.
2. Combine herbs, rind, garlic, pepper and butter in a small bowl; spread the mixture over the fat-side of the lamb.
3. Place lamb in a large shallow dish, drizzle the juice over. Cover, refrigerate 3 hours or overnight.
4. Place the potatoes and onions in a large roasting dish; drizzle with oil. Bake uncovered, in a moderately hot oven 20 minutes.
5. Place lamb, fat-side up, over the vegetables in the roasting dish. Bake uncovered in moderately hot oven about 40 minutes or until lamb doneness as desired.
6. Remove the lamb from the dish, cover loosely with foil to keep warm.
7. Drain the excess juices from the pan, bake potatoes and onions in a very hot oven another 15 minutes or until crisp.
8. Slice lamb and serve with the vegetables.","https://img.sndimg.com/food/image/upload/w_555,h_416,c_fit,fl_progressive,q_95/v1/img/recipes/10/9/picnSlN8g.jpg"
110.0,Borsch,"['beets', 'water', 'fresh dill', 'sour cream']","1. Scrub well beets (DO NOT PEEL THEM) Put in large pot with 8 cups water.
2. Bring to boil and then reduce to simmer and cook until tender.
3. (SAVE COOKING BEET WATER). When tender take slotted spoon and put beets immediately into cold water.
4. Slip skins off with your hands.
5. If you have a cuisinart, chop beets into tiny pieces.
6. If no cuisinart, then you will have to chop the beets up by hand.
7. Put chopped beets into pot, add fresh dill, chopped, 1 can Campbell
8. ,
9. ,
10. ,
11. ,
12. t use any salt. ENJOY!",
112.0,Chicken and Broccoli Lasagna,"['butter', 'flour', 'milk', 'chicken broth', 'eggs', 'parmesan cheese', 'butter', 'onion', 'garlic', 'chicken', 'broccoli', 'parsley', 'mozzarella cheese', 'parmesan cheese', 'salt', 'nutmeg']","1. Sauce: Melt butter, stir in flour. Add milk, whisk until smooth. Stir in broth. Cook, stirring constantly, until thick.
2. Beat eggs in separate bowl, add small amount of sauce; then combine egg mix with all sauce. Stir in cheese and seasonings.
3. Cook noodles.
4. Saute chicken in butter with onion and garlic. Stir in broccoli, cook 5 min. until tender. Add seasonings.
5. Layer in 9 x 13 pan: sauce, mozzarella, noodles, chicken.
6. Repeat. Finish with cheese.
7. Freeze. Bake 350 for 50 min, until bubbly.",
113.0,Carrot Ginger Biscuits,"['all-purpose flour', 'whole wheat flour', 'baking powder', 'baking soda', 'ginger', 'salt', 'carrot', 'plain low-fat yogurt', 'canola oil', 'honey']","1. Preheat oven to 450.
2. In a large bowl, stir together the all-purpose flour and whole wheat flour, baking powder and baking soda, ginger and salt. In a small bowl, stir together the carrot, yogurt, oil and honey.
3. Add carrot mixture to dry ingredients and stir until just combined.
4. Place the dough on a well-floured surface. Using a lightly floured rolling pin, roll out the dough until 1/2\
5. ,
6. biscuit cutter or glass , cut out rounds, gently rerolling the scraps, to form 12 biscuits.
7. Place the biscuits on an ungreased baking sheet, spacing them 1\
8. ,",
114.0,Chicken Breasts Saltimbocca,"['boneless skinless chicken breast halves', 'ham slices', 'swiss cheese', 'all-purpose flour', 'parmesan cheese', 'salt', 'dried sage', 'pepper', 'dry white wine', 'cornstarch', 'water', 'rice']","1. Pound chicken breast halves until thin between two sheets of waxed paper or foil.
2. Place a slice of ham and cheese on each chicken piece. Roll up and tuck ends in; secure with small skewers or wooden picks.
3. Combine flour, Parmesan cheese, salt, sage and pepper in a shallow bowl.
4. Coat chicken rolls in flour mixture. Refrigerate chicken at least 1 hour.
5. In a large skillet, heat oil over medium heat. Add chicken rolls and cook, turning, until browned on all sides.
6. Place browned chicken in a slow cooker.
7. Combine soup and wine and pour over chicken rolls.
8. Cover and cook on LOW 4 to 5 hours or until chicken is tender.
9. Turn control to HIGH.
10. In a small bowl, dissolve cornstarch in water; stir into cooking juices in cooker.
11. Cover and cook on HIGH 10 minutes.
12. Serve with hot rice.","https://img.sndimg.com/food/image/upload/w_555,h_416,c_fit,fl_progressive,q_95/v1/img/recipes/11/4/picn5ling.jpg"
115.0,A New Spaghetti with Clams,"['littleneck clams', 'extra virgin olive oil', 'garlic', 'canadian bacon', 'smoked ham', 'dry white vermouth', 'dry white wine', 'bottled clam broth', 'baking potato', 'spaghetti', 'flat leaf parsley']","1. Bring 4 quarts of water to a boil in a large pot for cooking pasta.
2. Scrub
3. the clam shells under cold water with a stiff bristle brush.
4. Heat the olive oil in a large nonstick skillet. Add the garlic and cook over a medium heat until fragrant but not brown, about 1 minute. Stir in the bacon and pepper flakes and cook for 1 minute. Add vermouth and bring to a boil.
5. Add the clam broth, and bring to a boil.
6. Stir in the potatoes and clams, tightly cover the pan, and cook until the shells open and the potatoes are tender, about 8 minutes.
7. Cook the spaghetti in the boiling water until al dente, about 8 minutes.
8. Drain the pasta in a colander.
9. Stir it into the sauce and cook until thoroughly heated and coated with sauce, about 2 minutes.
10. Stir in the parsley and serve at once.",
116.0,Blueberry Scones,"['all-purpose flour', 'sugar', 'baking powder', 'salt', 'unsalted butter', 'fresh blueberries', 'lemon, zest of', 'heavy cream', 'eggs']","1. Adjust rack to center of oven, and heat to 400 degrees.
2. Place a Silpat baking mat on a baking sheet, and set aside. In a large bowl, sift together flour, 3 tablespoons sugar, baking powder, and salt. Using a pastry blender, or two knives, cut in butter until the largest pieces are the size of small peas.
3. Stir in blueberries and zest. Using a fork, whisk together cream and egg in a liquid measuring cup.
4. Make a well in the center of dry ingredients and pour in cream mixture. Stir lightly with fork just until dough comes together.
5. Turn out onto a lightly floured surface, and knead a few times to mix well.
6. Pat dough into a 6-inch square about 1 1/4 inches thick.
7. Using a floured knife, cut into four 3-inch squares.
8. Cut squares in half on the diagonal to form eight triangles.
9. Transfer to prepared baking sheet. Brush tops with cream and sprinkle with sugar.
10. Bake until golden brown, 20 to 22 minutes.
11. Transfer scones from baking sheet to wire racks to cool.","https://img.sndimg.com/food/image/upload/w_555,h_416,c_fit,fl_progressive,q_95/v1/img/recipes/11/6/3VsX300jTOOiZyIg6oV2_blueberry-scones-3.jpg"
117.0,Blueberry Cookies,"['flour', 'baking powder', 'salt', 'vegetable shortening', 'sugar', 'egg', 'milk', 'lemon zest', 'blueberries']","1. Combine flour, baking powder and salt.
2. In a large bowl, cream the shortening and sugar.
3. Beat in the egg.
4. Beat in the milk, almond extract and lemon rind.
5. Gradually blend in the dry ingredients.
6. Fold in the blueberries.
7. Cover and chill for at least 4 hours.Preheat oven to 375°.
8. Drop dough by spoonfuls about 1-inch apart onto ungreased cookie sheets.
9. Bake for 12-15 minutes, until pale golden.
10. Transfer to wire racks to cool.
11. NOTES: Canned or frozen blueberries can be used, but fresh gives the best results.","https://img.sndimg.com/food/image/upload/w_555,h_416,c_fit,fl_progressive,q_95/v1/img/recipes/11/7/picDf97kf.jpg"
118.0,Abby's Pecan Apple Cake,"['butter', 'sugar', 'cinnamon', 'nutmeg', 'all-purpose flour', 'tart apples', 'butter', 'eggs', 'milk', 'rum', 'vanilla extract', 'pecans', 'baking powder', 'baking soda', 'salt']","1. * , such as Granny Smith, peeled, halved, and sliced (3 cups) Preheat the oven to 350 degrees.
2. Brush the sides of a 8 x 3 1/4-inch springform pan with the melted butter.
3. Mix together 1/2 cup sugar, cinnamon, nutmeg, and 1/4 cup flour and sprinkle the mixture evenly over the bottom of the pan.
4. Wrap foil around the pan to prevent leakage. Starting at the outside edge, arrange a ring of apple slices in the pan, slightly overlapping and pointing to the center.
5. (It will feel backwards.) Fill in the center with another circle of apples, with some overlap occurring.
6. Layer any remaining apple slices evenly, overlapping to prevent the batter from escaping.
7. With a wooden spoon or electric mixer, beat together the butter and 1 cup sugar.
8. Add the eggs, milk, rum, and vanilla.
9. The batter will look curdled.
10. Add 1 1/4 cups flour, the nuts, baking powder, baking soda, and salt, beating only until the flour is completely incorporated.
11. Pour the batter over the apples and spread evenly.
12. Place the pan on a baking sheet and bake in the middle of the oven until a toothpick inserted in the cake comes out clean, about 70 minutes.
13. Cover with a piece of foil if the top begins to brown too quickly.
14. Let the cake rest in the pan on a rack for 5 minutes, then, using a small, flexible knife, gently separate the sides of the cake from the pan.
15. Invert the cake on the rack, letting it stay in the pan for another 10 minutes, then remove the pan, lifting it up carefully.","https://img.sndimg.com/food/image/upload/w_555,h_416,c_fit,fl_progressive,q_95/v1/img/recipes/11/8/pic1UgDNm.jpg"
119.0,Carrot & Tahini Sandwich,"['carrot', 'tahini sesame butter', 'tofunaise', 'mayonnaise', 'raisins']","1. In small bowl, combine all ingredients.
2. Use as sandwich filling or spread.",
120.0,Carrot Cake II,"['carrot', 'eggs', 'sugar', 'all-purpose flour', 'salt', 'baking powder', 'baking soda', 'cinnamon', 'walnuts', 'cream cheese', 'sugar', 'unsalted butter', 'real vanilla']","1. Preheat oven to 325°.
2. Add 1 egg at a time to the grated carrots until all 4 have been added.
3. Beat after each egg Add the oil and mix.
4. Then sift all of the dry ingredients together and add it to the oil, egg, and carrot mixture in 4 parts, beating after each addition.
5. Next, add the walnuts and mix well.
6. Pour into a greased/floured tube pan.
7. Bake for 1 hour at 325°, or or when a tooth pick is inserted into the cake and it comes out clean.
8. FOR THE ICING: Soften butter and cheese. Blend well and then add the sugar and vanilla.
9. Beat until smooth and creamy.
10. Frost only after cake is cooled.",
121.0,Lamb and Pork Cassoulet,"['cannellini beans', 'ketchup', 'chili powder', 'thyme', 'water', 'bacon bits', 'lamb chop', 'onion']","1. Saute onion and garlic in oil.
2. Add lamb and pork.
3. Saute 5 minutes until cooked though.
4. Combine everything in a small deep oven safe dish.
5. Bake uncovered 350 30 minutes.
6. HINTS: for those who like more beans & less meat Add another can of beans & half as much meat. Just use a tad more water.
7. If you liked it or hated it please let me know -- .",
122.0,Commissary Carrot Cake,"['sugar', 'flour', 'salt', 'heavy cream', 'unsalted butter', 'pecans', 'vanilla', 'sugar', 'flour', 'cinnamon', 'baking powder', 'salt', 'eggs', 'carrots', 'pecans', 'raisins', 'unsalted butter', 'cream cheese', 'powdered sugar', 'vanilla extract', 'coconut']","1. In a heavy saucepan,blend well the flour,sugar and salt. Gradually stir in the cream.
2. Add the butter.
3. Cook and stir the mixture over a low heat until the butter has melted, then let simmer for 20-30 minutes until golden brown in color, stirring occasionally.
4. Cool to lukewarm.
5. Stir in the nuts and vanilla.
6. Let cool and refrigerate, preferably overnight. If too thick to spread, bring to room temperature before using.
7. Carrot Cake Preheat oven to 350 F.
8. Have ready a greased and floured 10\
9. ,
10. ,
11. ,
12. ,
13. ,
14. ,
15. ,
16. ,
17. ,
18. ,
19. ,
20. ,
21. ,
22. ,
23. ,
24. ,
25. s pan and invert onto a serving plate. With a long serving knife, carefully split the cake into three horizontal layers.
26. Spread the filling between the Layers.
27. Spread the frosting over the top and sides.
28. Pat the coconut onto the sides of the cake. If desired, save 1/2 cup of the frosting and color 1/2 with green food coloring 1/2 with orange, pipe on the top to form little carrots",
123.0,Carrot Maple Cheesecake,"['graham crackers', 'butter', 'carrots', 'light cream cheese', 'granulated sugar', 'maple syrup', 'eggs', 'water', 'granulated sugar', 'carrot']","1. CRUST: Combine ingredients; mix well.
2. Press into 9 inch springform pan. Bake in preheated 350 F oven for 10 minutes.
3. FILLING: Simmer shredded carrots in water to cover for 5 minutes. Drain and remove excess liquid.
4. In food processor combine carrots, cream cheese, sugar and maple syrup, process until completely smooth and evenly colored.
5. Add eggs, one at a time, and mix until just blended.
6. Pour onto crumb crust and bake at 300 F for 45 minutes or until center is almost set. Cool to room temperature. Refrigerate 3 hours or overnight. .
7. OPTIONAL GARNISH: In small saucepan simmer water with sugar for 5 minutesAdd shredded carrots and simmer 5 minutes. Drain well and scatter on top of chilled cheesecake.",
124.0,Catherine's Excellent Yorkshire Pudding,"['plain flour', 'salt', 'black pepper', 'egg', 'milk', 'water']","1. Sieve the flour into mixing bowl.
2. Add the salts and pepper.
3. Make hole in middle of flour and add egg. Start mixing gently whilst gradually adding the milk and water.
4. Use small foil cases and put a small amount of cooking oil in each and place on a high shelf in a preheated oven, gas mark 7.
5. ( the fat needs to be hot before you add the mixture ) Pour equal amounts of the mixture into each case and place in the oven Cook for 20-25 mins Serve with all roast meats ( don",
125.0,Caribbean Cowpeas and Rice,"['black-eyed peas', 'onion', 'garlic cloves', 'cumin', 'thyme', 'bay leaf', 'long-grain rice', 'vegetable broth', 'tomatoes', 'allspice', 'salt']","1. Soak peas.
2. COmbine peas with onion, jalapeno, garlic, cumin, thyme, bay leaf and 2 cups water.
3. Boil.
4. Reduce and simmer.
5. Add rice, broth, tomato, allspice and salt.",
126.0,Carnation Lean Fettuccine Alfredo,"['fettuccine', 'olive oil', 'garlic', 'milk', 'parmesan cheese', 'fresh dill', 'fresh chives', 'nutmeg', 'salt', 'pepper', 'asparagus', 'smoked salmon', 'lemon juice']","1. In a large pot of boiling water, cook the fettuccine for 8-10 minutes until tender but firm.
2. Drain.
3. In a non-stick skillet, heat oil and cook garlic for 30 seconds.
4. Add to drained pasta along with milk and cheese. Cook over medium heat, stirring gently for four to five minutes, until sauce is thickened.
5. Remove from heat and let stand two to three minutes to thicken more. Stir in dill and chives and season with salt and pepper.
6. Stir in blanched asparagus, salmon and lemon juice. Garnish each serving with more freshly grated Parmesan, if desired.",
127.0,Caramel Rice Pudding,"['short-grain rice', 'brown sugar', 'butter', 'milk', 'nutmeg']","1. Wash the rice well and drain.
2. Mix with remaining ingredients and put in a buttered baking dish and bake in a slow oven 140 C for 2 - 2 1/2 hours, until rice is tender and creamy.
3. Stir every 30 minutes during cooking and add more milk if necessary.
4. When ready, the milk and cream should be a rich, caramel cream and a golden crust should have formed.
5. Serve hot or cold.
6. This can be cooked in individual dishes if wished and just eat from them.
7. You can use brown, raw or demerara sugars.",
128.0,Caramel Apple Milkshakes,"['frozen yogurt', '1% low-fat milk', 'applesauce', 'cinnamon']","1. Place the yogurt, milk, cinnamon, and topping in a blender.
2. Cover and blend until smooth.
3. Pour into 4 glasses.
4. Serve immediately.","https://img.sndimg.com/food/image/upload/w_555,h_416,c_fit,fl_progressive,q_95/v1/img/recipes/12/8/picfvdzrj.jpg"
129.0,Champagne Punch,"['frozen limeade concentrate', 'ginger ale']","1. Mix the juice concentrates in punch bowl (do not add water).
2. Stir in the Gingerale then add the Champagne (do not stir after adding the champagne!)
3. ** Note ** The large bottles of Gingerale and Champagne should be equal volumes (I use 2 L. bottles).","https://img.sndimg.com/food/image/upload/w_555,h_416,c_fit,fl_progressive,q_95/v1/img/recipes/12/9/picI35rA2.jpg"
130.0,Butterscotch Apple Dumpling,"['green apples', 'self rising flour', 'salt', 'sugar', 'butter', 'water', 'butter', 'brown sugar', 'golden syrup', 'water']","1. Sift flour and salt. Add sugar. Rub in butter, then add water and mix to a soft dough.
2. Peel and quarter apples.
3. Divide pastry into 8 equal portions.
4. Roll out each portion of pastry and wrap each around an apple quarter.
5. Place in an oven proof dish.
6. Combine sauce ingredients in saucepan and bring to boil.
7. Pour sauce over pastries in dish.
8. Bake 25-30 minutes in a moderate oven, about 325 degrees Fahrenheit. Serve with ice cream.",
131.0,Buttermilk-Oat Bread,"['buttermilk', 'honey', 'butter', 'margarine', 'bread flour', 'rolled oats', 'salt', 'active dry yeast', 'bread machine yeast']","1. For toasted rolled oats, place oats in a shallow baking pan. Bake at 350 for 15 to 20 minutes or till oats are lightly browned, stirring occasionally. Cool.
2. Add all of the ingredients to a bread machine according to manufacturer",
133.0,Blueberry Pancake Syrup,"['blueberries', 'water', 'lemons, rind of', 'sugar', 'lemon juice']","1. Pour the blueberries into a saucepan and crush them with a potato masher or a wooden spoon until most of the skins are broken.
2. Add 1 cup of water and strips of lemon peel and bring to a simmer.
3. Turn heat down to low and cook the berries for 5 minutes at just under a simmer.
4. Pour the hot berries into a strainer lined with two layers of cheesecloth and let the blueberry juice drip through.
5. Twist the cloth to extract all the juice; there should be about 2 cups.
6. Discard the berry pulp.
7. Combine the remaining 2 cups water with the sugar in a small saucepan.
8. Bring the mixture to a boil, stirring, until the sugar is dissolved and the mixture is clear.
9. Wash down the sides of the pan with a wet pastry brush, then boil the syrup, without stirring, until it reaches 260 degrees on a candy thermometer.
10. Add the blueberry syrup to the sugar syrup and bring the mixture to boil.
11. Boil for 1 minute. Let the syrup cool, then add lemon juice to taste. Pour the syrup into two pint jars and refrigerate if you plan to use it in a month or two.
12. To can (for indefinite storage) Pour into canning jars with 1/2 inch headspace. Process in hot water bath for 30 minutes.
13. Cool.",
134.0,Chanfana Ou Lampantana,"['bacon', 'olive oil', 'onions', 'paprika', 'cloves', 'nutmeg', 'bay leaf', 'parsley', 'garlic', 'piri-piri', 'red wine']","1. Preheat oven to 200 degrees C. Place the meat and bacon in a pot and add the oil and lard. Add the onions, spices, herbs and seasonings. Cover completely with the wine. Cover the pot and place it in a very hot oven (200 degrees C) for 1 hour.
2. Remove the lit and stir. Add more wine if necessary.
3. Cover the pot again and reduce the oven temperature of 100 degrees C.
4. Continue cooking, preferably overnight or until the meat is tender.
5. (The time taken will depend on the age of the lamb or goat.) Serve with potatoes boiled in their Jackets.",
135.0,Cherry Sandwich Maker Snack,['powdered sugar'],"1. Spread a thin layer between buttered bread and place in sandwich maiker.
2. Note: do not add too much filling or it will make one terrible mess in sandwich maker.
3. Let brown.
4. Remove from sandwich maker and sprinkle with powdered sugar.
5. Makes two triangular tarts.
6. My kids love them.",
136.0,Cheesecake Cupcakes with Blueberries,"['cream cheese', 'sugar', 'eggs', 'sour cream', 'vanilla', 'lemon, rind of', 'flour', 'blueberries']","1. Heat oven to 325 degrees.Line 12 muffin cups with foil liners.
2. Place a cookie in bottom of each liner; trim cookies to fit if necessary.Beat together cream cheese and sugar on med.
3. speed in large bowl until smooth.
4. Add eggs, beating just until blended.
5. Beat in sour cream, vanilla and lemon rind.
6. On low speed, beat in flour.
7. Stir in blueberries.
8. Spoon batter into cups, dividing equally.Bake for 35-40 min., until cakes are set. Cool cakes in pan on rack for 20 min.
9. Remove cakes to rack to cool.
10. Refrigerate. - - - - - - - - - - - - - - - - - -",
138.0,Cheese and Pineapple Dip,"['cheese', 'pineapple']","1. Mix reduced cream, tomato & onion soup, cheese and crushed pineapple together until well combined.
2. Chill for 2 hours before serving.
3. Makes about 3 cups.
4. Cheers, Doreen Doreen Randal, Wanganui.
5. New Zealand.",
139.0,Chicken and Pineapple Salad With Curry Mayonnaise,"['barbecued chicken', 'coconut', 'unsweetened pineapple slices', 'spring onions', 'curry powder', 'five-spice powder', 'garlic clove', 'fresh ginger', 'mayonnaise', 'coconut milk']","1. CURRIED MAYONNAISE:
2. Combine all ingredients thoroughly.
3. CHICKEN AND PINEAPPLE SALAD:
4. Toast coconut on oven tray in moderate oven for about 5 minutes.
5. Cut chicken and pineapple into chunks; place in bowl, mix in coconut, shallots and Mayonnaise.
6. Refrigerate 1 hour before serving.
7. Serves 4.
8. Cheers, Doreen Doreen Randal, Wanganui.
9. New Zealand.",
141.0,Carrie's Pizza Rolls,"['dry yeast', 'water', 'honey', 'white flour', 'water', 'garlic clove', 'tomatoes', 'tomato sauce', 'mozzarella cheese', 'parmesan cheese', 'romano cheese', 'olive oil', 'salt', 'pepper', 'oregano', 'basil']","1. Dough: Dissolve yeast with honey and 1/2 cup water; let stand 10 minutes.
2. Put 4 cups flour in large mixing bowl; stir in oil, water and yeast mixture. Mix thoroughly.
3. Knead 8 to 10 minutes.
4. Let dough rise 1 hour until doubled.
5. Punch down and roll on floured surface to about 1/2- inch.
6. Cut into rectangles about 4 x 6-inches or desired size of pizza roll.
7. Sauce: Place all ingredients (except the Mozzarella cheese) in a crock-pot and simmer on low for about 2 hours.
8. Let cool to room temperature. Hot sauce will make dough soggy.
9. Rolls: Place a small amount of sauce on the dough rectangles, spreading it to cover the entire piece of dough.
10. Sprinkle Mozzarella cheese over half of the dough.
11. Roll up the dough burrito-style, sealing edges with moistened fingers.
12. Place rolls on a cookie sheet. Allow to rest for about 10 minutes.
13. Bake in a hot 500 degrees oven until dough is golden brown.
14. Serve rolls with a side bowl of hot pizza sauce for dipping the pizza rolls inches.
15. These freeze beautifully.
16. Can be reheated in the microwave. Variations: You may wish to add slices of mushroom, olive, shredded beef, pepperoni slices or whatever in addition to the Mozzarella cheese inside the pizza roll.",
142.0,Almond Fudge Banana Cake,"['dole&reg; banana', 'sugar', 'margarine', 'eggs', 'amaretto liqueur', 'vanilla extract', 'all-purpose flour', 'baking soda', 'salt']","1. Mash bananas and set aside. Beat sugar and margarine until light and fluffy.
2. Beat in eggs, liqueur and vanilla.
3. Combine dry ingredients.
4. Stir in almonds.
5. Add to sugar mixture alternately with bananas.
6. Beat well.
7. Pour batter into greased 10-inch Bundt pan.
8. Bake in preheated 350°F oven 45 to 50 minutes or until toothpick inserted in center comes out almost clean and cake pulls away from side of pan.
9. Cool 10 minutes.
10. Remove cake from pan to wire rack to cool completely.
11. Drizzle glaze over top and down side of cake. Make 16-20 servings.","https://img.sndimg.com/food/image/upload/w_555,h_416,c_fit,fl_progressive,q_95/v1/img/recipes/14/2/picZy4Zce.jpg"
143.0,Cherry Tomatoes on Provolone Garlic Bread,"['cherry tomatoes', 'scallions', 'parsley', 'rosemary', 'garlic', 'extra virgin olive oil', 'extra virgin olive oil', 'garlic', 'provolone cheese', 'parmesan cheese']","1. For the tomatoes, mix tomatoes, scallions, parsley, rosemary, garlic, olive oil and vinegar in a shallow bowl.
2. Season with salt and pepper.
3. Cover bowl and let tomatoes marinate at room temperature for at least 1 hour, but preferably 3-4 hours.
4. Stir occasionally to distribute seasonings.
5. For the bread, combine olive oil and garlic and let mixture stand for about 10 minutes so flavors can mingle. Meanwhile, heat the broiler.
6. Brush one side of each bread slice with garlic and olive oil mixture and broil them oiled-side up until lightly browned.
7. Put a slice of provolone and a generous sprinkling of Parmesan on each slice, reserving a little of the parmesan for garnish.
8. Set aside. Just before serving, heat up broiler again and toast cheese until bubbly.
9. Serve bread in shallow bowls, spooning about 3/4 cup of tomatoes and marinade over each slice, garnishing with remaining parmesan.","https://img.sndimg.com/food/image/upload/w_555,h_416,c_fit,fl_progressive,q_95/v1/img/recipes/14/3/picBwpb8U.jpg"
144.0,Cheesy Chicken Noodle Casserole,"['chicken breasts', 'olive oil', 'velveeta cheese', 'corn', 'seasoning salt', 'parsley flakes', 'pepper']","1. Cook egg noodles in boiling water till chewy.
2. Cook chicken in olive oil, and Lawry salt till chicken is not pink in middle, then drain oil.
3. Combine cream of chicken soup, egg noodles, and chicken till boiling.
4. Reduce heat, and add Velveeta cheese, corn, and pepper.
5. Cook until all of Velveeta is melted.
6. Remove from heat and sprinkle with parsley flakes.",
145.0,Caramel Sultana Square,"['butter', 'sugar', 'egg', 'flour', 'baking powder', 'sultana', 'butter', 'golden syrup', 'sugar']","1. Cream butter and sugar, add egg then dry ingredients.
2. Divide shortcake in two.
3. Press one half in tin.
4. Melt together and pour over base. Sprinkle with sultanas and cover with remaining mixture. Bake in a moderate oven 20 - 30 minutes.",
146.0,&quot;21&quot; Apple Pie,"['all-purpose flour', 'salt', 'unsalted butter', 'apples', 'lemons', 'dark brown sugar', 'light brown sugar', 'cinnamon', 'egg']","1. Add the cold butter cubes and, with a pastry blender, blend in the flour until mixture becomes mealy ans butter forms peas-size nuggets plainly visible in the flour.
2. The water should be added to the flour slowly to ensure that only the minimum amount of water is used.
3. Do not over-mix the dough.
4. When the dough has been mixed just sufficiently to combine the ingredients, form it into a ball and wrap in a piece of plastic wrap and refrigerate for several hours.
5. To prepare the filling, melt the butter in a large saute pan until it begins to brown.
6. Add the sliced apples and cook over medium heat until they begin to soften, about 2 to 3 minutes.
7. In a bowl, combine the lemon juice, sugars, Southern Comfort, and cinnamon.
8. Add this mixture to the apples and cook 2 to 3 minutes over medium-high heat until the apples are completely caramelized and covered with all the sugar.
9. Remove filling from the heat and allow to cool.
10. Preheat the oven to 375 degrees.
11. When ready to use, remove the dough from the refrigerator, lightly flour a pastry board and a rolling pin, and unwrap the dough.
12. Divide the dough into 2 equal pieces and begin to roll out into a circle by rolling evenly outward from the center and turning the dough in small 1/8th turns to keep the rolling even.
13. When the dough is rolled out to an even thickness and is about 12 inches in diameter and 1/8-inch thick, it is ready to be transferred to a 10-inch pie pan or plate.
14. Lightly butter the pie plate, partially roll the dough up on the rolling pin, lift the dough and center it in the pie pan and unroll.
15. Roll the second half of the pie dough into a round slightly larger than the pie pan.
16. Fill the bottom crust with the cooked apples using a slotted spoon to drain the apples.
17. Reserve juices if desired, for sauce. Brush an egg wash coating over the lip of the dough.
18. This is where it will be sealed to the top crust. Cover the apples with the top half of the pie dough.
19. Trim any excess from the top crust before using both hands to crimp the edges of the two crust together to seal.
20. With a sharp knife, make several crosshatch slits in the top crust. Brush with the egg wash and bake for 35 to 40 minutes.
21. Remove from the oven and cool 20 minutes.
22. Serve with vanilla ice cream.
23. Reserved juices can be reduced with heavy cream for a sauce for the pie.",
147.0,Campfire Orange Cake,['oranges'],"1. You could probably do this with any cake mix. Foil is nice (keeps ash out), but apparently not necessary unless you are worried about burning the bottom of the orange cups. Follow the directions on the package for the cake batter and do like below:
2. Gingerbread Cups Halve and clean inside of oranges out. Prepare a package of gingerbread mix, fill cups 3/4 full.
3. Place cups in a bed of coals, not too hot. Bake slowly, turning around from time to time.",
148.0,Bugwiches,"['carrot', 'lettuce', 'cucumber', 'radish', 'raisins', 'mayonnaise', 'celery', 'tuna salad', 'salmon salad']","1. How to assemble: Slice roll horizontally, about 1/2 inch from bottom.
2. Pull out bread from top half, leaving walls about 1/2 inch thick.
3. Place cucumber or radish slices over bottom halves of rolls, sticking out slightly to make mouths or tongues.
4. Spoon a mound of filling on top and cover with top halves of rolls.
5. Insert carrot sticks into filling for legs.
6. Make two slits on each side of top half of bun and insert lettuce leaves as wings.
7. Decorate with vegetable pieces for eyes, antennae, scales and other body parts.
8. Attach using mayonnaise.",
149.0,Cheese Rolls,"['cheese', 'pepper']","1. Butter thin slices of white bread, cut off crusts.
2. Spread with grated tasty cheese and sprinkle with a little pepper.
3. Roll up as for asparagus rolls.
4. Bake in oven until crisp.",
150.0,All-Purpose Crock Pot Chicken,"['chicken', 'lemon pepper', 'salt', 'bell pepper', 'celery', 'carrot', 'green onion', 'garlic', 'water']","1. If using thigh portions or a cut up fryer, etc, remove all skin and as much fat as possible. I boil the skins with garlic for the dog.
2. There is no need to bone the chicken.
3. Put about 1/4 inch water in the slow cooker.
4. Rinse the chicken well, getting into the crevices, and sprinkle with the Cajun seasoning on both sides.
5. Go easy at first; this is NOT low-salt and it tends to be a little spicy.
6. I start immediately placing the chicken in the slow cooker.
7. I rinse one piece, season both sides, and layer it in the pot. When you are done seasoning all the chicken (I generally do 2-3 lbs in a batch; less is not worth the time), cover the pot and let the chicken stand for 30 minutes.
8. At the end of that time, cover the chicken fully with water (don
9. Low.\
10. ,
11. ,
12. ,",
151.0,Anise Toast,"['eggs', 'sugar', 'flour', 'salt', 'baking powder', 'vanilla']","1. In a large bowl, beat all eggs, then add sugar, oil, and remaining ingredients.
2. Spread the batter on a cookie sheet. Place in 350° oven for 20 minutes.
3. Remove from oven and cut into squares while it is still hot.
4. Put back into oven for 5 minutes and remove. Makes a great little add on to ice cream and other flavorful desserts.",
152.0,Angel Food Cake Waldorf,"['sugar', 'salt']","1. Prepare Angel Food Cake by cutting a 1 inch slice off the top.
2. Remove the center, leaving walls around a cavity.
3. Whip cream.
4. Combine sugar, salt and cocoa.
5. While beating the cream sprinkle in the cocoa mixture..
6. Whip until stiff.
7. Fold in cut-up almonds.
8. Fill cavity.
9. Replace top of cake and spread rest of cream mixture on top and sides of cake. Sprinkle with 1/3 cup shaved toasted almonds.
10. Chill 3 hrs. or more before serving.",
153.0,Amish Friendship Bread and Starter,"['sugar', 'milk', 'flour', 'milk', 'eggs', 'vanilla extract', 'flour', 'sugar', 'baking powder', 'cinnamon', 'salt', 'baking soda', 'instant vanilla pudding', 'cinnamon', 'sugar']","1. Place ONE cup each sugar, milk, and flour in large glass or plastic bowl.
2. Cover lightly with plastic wrap and set on your counter at room temperature. Stir with a wooden spoon everyday for 17 days.
3. On day 18 do nothing.
4. On days 19, 20, and 21, stir.
5. On day 22, add 1 cup sugar, 1 cup milk, and 1 cup flour, and stir again.
6. On days 23, 24, 25, and 26 stir.
7. On day 27, add 1 cup milk, 1 cup flour, and 1 cup sugar and stir.
8. It
9. ,
10. ,
11. ,
12. ,
13. ,
14. ,","https://img.sndimg.com/food/image/upload/w_555,h_416,c_fit,fl_progressive,q_95/v1/img/recipes/15/3/picjFhmLD.jpg"
154.0,Amish Cornbread,"['amish friendship starter', 'eggs', 'milk', 'sugar', 'flour', 'cornmeal', 'baking soda', 'salt', 'baking powder']","1. Combine all above in large bowl and beat at medium speed for 2 minutes.
2. Add: oil, baking soda, salt, and baking powder Mix well and pour in well greased 9\
3. ,",
155.0,Light Cucumber Soup,"['cucumbers', 'nonfat sour cream', 'low sodium chicken broth', 'onion', 'fresh parsley', 'fresh dill', 'dill weed', 'lemon juice', 'white pepper']","1. Cut cucumbers into large chunks; place in a blender with remaining ingredients.
2. Puree; pour into bowl.
3. Cover and refrigerate for at least 8 hours.","https://img.sndimg.com/food/image/upload/w_555,h_416,c_fit,fl_progressive,q_95/v1/img/recipes/15/5/jAqyjMulRhqQ8Jkd5Ch8_DSC_7660.JPG"
156.0,Cold Celery,"['celery', 'salt', 'soy sauce', 'brown sugar']","1. Wash the celery and cut into 1 inch lengths.
2. Put into a large pan, cover with cold water and bring to the boil, drain and immediately cover with water.
3. Chill completely under cold running water.
4. Drain.
5. Add the salt, soy sauce, sugar and sesame oil.
6. Mix well and serve chilled.",
157.0,Coconut-Lemon Macaroons,"['coconut', 'sugar', 'lemon juice', 'lemons, rind of', 'flour']","1. In a medium pan combine coconut, sugar, 1 egg white, lemon rind and strained lemon juice. Stir over a low heat until lukewarm, cool.
2. Beat remaining egg whites until soft peaks form.
3. Gradually fold egg whites into cooled mixture. Add sifted flour, combine gently.
4. Place mixture in heaped teaspoonfuls on greased oven trays which have been lightly dusted with cornflour.
5. Bake in slow oven 30 minutes.
6. Cool on trays.",
158.0,Chicken Flambe,"['boneless skinless chicken breast', 'onion', 'portabella mushroom caps', 'dry white wine', 'butter', 'margarine', 'flour']","1. Preheat oven to 350 F.
2. Lightly season the chicken breasts with salt and pepper.
3. In a large skillet over medium heat, brown chicken breasts on both sides.
4. Add onions and mushrooms and stir cook until the onions soften.
5. Transfer mixture to a shallow casserole dish and bake, uncovered, for 15 minutes.
6. In a small sauce pan warm the orange liqueur over low heat (should be lukewarm, not hot). Take the casserole out of the oven.
7. Pour the liqueur over the chicken and vegetables and ignite it. When the flames die out, add the wine and return the casserole to the oven for another 15 minutes or until chicken breasts are no longer pink inside. Remove the casserole from the oven.
8. Arrange the chicken and vegetables on a warm platter and keep hot. Mix butter and flour to make a paste. Stir this into the pan juices, add cream and simmer over low heat for 5 minutes until thickened.
9. Pour sauce over chicken.
10. Serve with wild rice and vegetables.",
159.0,Chicken Curry,"['cumin seeds', 'red pepper flakes', 'turmeric', 'ginger', 'clove', 'salt', 'black pepper', 'boneless skinless chicken breasts', 'butter', 'fresh ginger', 'garlic', 'onions', 'cinnamon sticks', 'bay leaf', 'cardamom pods', 'whole canned tomatoes', 'plain yogurt', 'golden raisin', 'fresh cilantro', 'basmati rice', 'cashews', 'mango chutney']","1. In a dry skillet over medium heat, toast coriander and cumin seeds until fragrant, 1 to 2 minutes.
2. Transfer to spice grinder, add crushed red-pepper flakes, and grind to a powder.
3. Place in a small bowl, and add turmeric, ginger, cloves, salt, and black pepper.
4. Add chicken, and toss to coat. Heat peanut oil in a large pot over medium-high heat. Add chicken, cooking until browned, 3 to 5 minutes.
5. Remove chicken.
6. Set aside. Reduce heat, and add ginger, garlic, and onions.
7. Cook until softened and deep-brown in color, 8 to 10 minutes.
8. Add cinnamon sticks, bay leaf, and cardamom pods; cook for 10 minutes.
9. Add tomatoes, chicken stock, and cooked chicken.
10. Raise heat to medium high, and cook until liquid is reduced, about 15 minutes.
11. Meanwhile, toast pappadams.
12. Reduce heat to low, and stir in yogurt and raisins.
13. Cook until warmed throughout; add cilantro.
14. Serve with basmati rice, and garnish with cashews.","https://img.sndimg.com/food/image/upload/w_555,h_416,c_fit,fl_progressive,q_95/v1/img/recipes/15/9/picsDFqlH.jpg"
160.0,Chicken Goulash on a Sour Cream Crust,"['olive oil', 'red onions', 'boneless chicken', 'paprika', 'seasoned flour', 'tomato paste', 'red wine', 'plain yogurt', 'butter', 'sour cream', 'egg', 'self raising flour', 'parsley']","1. Lightly saute the onions in 1 Tbsp of the oil until golden.
2. Meanwhile place the seasoned flour and paprika in a mixing bowl, add the chicken to coat. Remove the onions from the pan, Add the rest of the oil and saute the chicken for 2 - 3 minutes.
3. Return onions to the pan, add the tomato paste, wine and stock.
4. Bring to the boil and simmer for 6 - 7 minutes.
5. Remove pan from the heat and stir in the yoghurt. (This can be made in advance and stored in the refrigerator.) CRUST Place the butter, sour cream and egg into a bowl, mix to combine. Stir in the flour and parsley to form a soft dough.
6. Press the dough into a lightly greased casserole or flan dish, working it well up the sides to a thickness of 12 mm.
7. Spoon the filling, cover and bake at 180C for 35 minutes.
8. Uncover and bake for a further 10 minutes or until golden and crusty.",
161.0,Chicken in Pizza Dough,"['chicken breast', 'egg', 'active dry yeast', 'sugar', 'salt', 'water', 'all-purpose flour']","1. Prepare pizza dough (see recipe following). While dough rises, prepare baked chicken and vegetables.
2. After dough has risen and chicken has finished baking, turn dough onto a lightly floured board.
3. Cut off a small piece of dough the size of a tennis ball to use for a top decoration.
4. Form remaining dough into a ball and roll out to a 12 x 17-inch rectangle. Place chicken, breast side down, in the middle of the dough.
5. Arrange vegetables around chicken.
6. Wrap sides and ends of dough over chicken.
7. Turn right side up and place on a baking sheet. Brush surface with beaten egg.
8. Roll out reserved piece of dough.
9. Using a cookie cutter, cut out a design and place on top of dough wrapped chicken.
10. Brush with egg.
11. Bake in pre- heated 425 degrees oven for 30 minutes, until golden brown.
12. To serve, let everyone tear off the bread, then cut up the chicken.
13. PIZZA DOUGH: Dissolve yeast, sugar and salt in warm water.
14. In large bowl, combine 2 cups of flour and yeast mixture; beat with an electric mixer several minutes.
15. Stir in enough additional flour to make a stiff dough.
16. Turn out on a floured board and knead 5 minutes until smooth and elastic. Place dough in a lightly oiled bowl; turn to coat surface of dough with oil.
17. Cover with a damp cloth and let rise in a warm place until double in bulk (about 2 hours).",
162.0,Chicken Lasagna,"['onion', 'green pepper', 'skim milk', 'fresh mushrooms', 'pimiento', 'dried basil', 'nonfat cottage cheese', 'mozzarella cheese', 'parmesan cheese', 'chicken', 'cheddar cheese']","1. Mix filling ingredients in large bowl.
2. Spread 1 cup filling on bottom of each of 2 8x8 pans.
3. Cook noodles for 3 min (or not at all). Break noodles to fit pans and layer over filling.
4. Repeat. Evenly divide remaining filling for the final layer.
5. Sprinkle with paprika.
6. Freeze. To serve, sprinkle cheddar cheese on top and bake from frozen to done for 1-2 hours at 400 deg.",
163.0,Chicken Liver Pate,"['butter', 'cream cheese', 'chicken liver', 'onion', 'chicken broth', 'brandy', 'paprika', 'salt', 'cayenne pepper']","1. Bring liver, onions, chicken broth, brandy to boil.
2. Cook 5 min.
3. Put in blender.
4. Add paprika, salt and cayenne pepper.
5. Blend on high.
6. Add butter and cream cheese. Pour in a mold or container.
7. Let stand covered in refrigerator until firm about 3 hours.
8. Serve with crackers or party rye. - - - - - - - - - - - - - - - - - -",
164.0,Chicken Liver Pate II,"['chicken livers', 'heavy cream', 'butter', 'onion', 'garlic', 'allspice', 'bay leaf', 'peppercorn', 'dried funghi porcini', 'white mushrooms', 'madeira wine', 'cognac', 'shallot']","1. Marinate livers in the cognac overnight. Drain Soak dried mushroom in hot water for 1 hour.
2. Drain it squeezing out all the liquid Melt 1 tbs butter in a pan Add the livers, onion, mushroom and garlic. Cook until almost all the red has disappeared.
3. Add the cream, the funghi, and the spices and cook to reduce by half over high heat. Turn off heat, process everything and mix in the butter while still hot..
4. Pour into a mold and refrigerate If you like you may top it with gelatin",
165.0,Coconut Shrimp With Orange Mustard Sauce,"['shrimp', 'all-purpose flour', 'salt', 'pepper', 'paprika', 'beer', 'coconut', 'orange marmalade', 'orange marmalade', 'dijon mustard']","1. Peel and devein the shrimp leaving the tails intact. Combine flour, salt, pepper and paprika in a medium bowl, stirring well.
2. Make a well in center of the flour mixture. Gradually add beer stirring until batter is smooth.
3. Dip shrimp in batter then dredge in the coconut. Fry shrimp in hot oil until lightly browned.
4. Drain in paper towels.
5. Orange Mustard Sauce: Combine marmalade, juice and mustard in a small bowl, stirring well. Makes 1 cup.
6. Jan.",
166.0,Chicken Liver Pate III,"['chicken livers', 'unsalted butter', 'onions', 'fine salt', 'white pepper', 'brandy', 'heavy cream', 'bacon']","1. Using a large skillet, sweat the livers in 4 oz of the butter.
2. After 3 minutes, add the onion, salt, and pepper.
3. Cook until the livers are just off-pink.
4. Set aside and hold warm.
5. Line a 2 l/2quart mold with a single layer of the bacon slices.
6. Chill the mold.
7. Puree the liver and onion mixture in a food processor.
8. Gently warm the remaining butter.
9. Add to the livers with the brandy and cream.
10. Mix again to assure uniformity Pour into the well-chilled mold.
11. Place the mold in a water bath that reaches to I in.
12. (2.5 cm) from the top of the mold.
13. Bake 45-60 minutes at 3250F (1630C) until the pate sets.
14. Shake the pan gently to observe the texture. A metal cake tester should come out clean.
15. The time will vary depending on the thickness of the mold.
16. Record the time for future reference. Remove from the oven and water bath.
17. Cover and chill for a minimum of 12 hours.
18. Unmold, plate, and garnish for presentation.",
167.0,Appetizers-Easy Stuffed Mushrooms,"['fresh mushrooms', 'butter', 'celery', 'onion', 'worcestershire sauce', 'parsley flakes', 'salt', 'oregano']","1. Wash and dry the mushrooms.
2. Remove and chop the stems.
3. Melt butter in a 12 inch skillet over medium high heat. Add the mushroom stems, celery and onion.
4. Saute until the onion is translucent, stirring occasionally.
5. Stir in the bread crumbs, Worcestershire Sauce and seasonings.
6. Mound the stuffing onto the mushroom caps.
7. Arrange caps on a greased baking sheet. Bake for 5-7 minutes, or until thoroughly heated.
8. If you like mushrooms, you will like this!","https://img.sndimg.com/food/image/upload/w_555,h_416,c_fit,fl_progressive,q_95/v1/img/recipes/16/7/pictKxvMg.jpg"
168.0,Anzac Biscuits,"['rolled oats', 'plain flour', 'sugar', 'golden syrup', 'butter', 'bicarbonate of soda', 'water']","1. Mix oats, flour, sugar and coconut together.
2. Melt syrup and butter together.
3. Mix the bicarb with boiling water and add to butter and syrup mixture. Add this to dry ingredients.
4. Place tablespoonsful of the mixture on a greased oven slide (cookie sheet). Bake at 150 - 160 C (300-325F) for 20 minutes.
5. Good luck.","https://img.sndimg.com/food/image/upload/w_555,h_416,c_fit,fl_progressive,q_95/v1/img/recipes/16/8/pic2xDQsB.jpg"
169.0,Ancho Chile Rub,"['dried ancho chiles', 'mild chili powder', 'hot chili powder', 'chimayo chili powder', 'cayenne pepper', 'black pepper', 'salt', 'chipotle paste']","1. Combine ancho chiles, mild chili powder, hot chili powder, chimayo chili powder, cayenne pepper, black pepper, salt, and chipotle paste in a large bowl.
2. Makes about 2 cups.",
170.0,Amish Six Layer Dinner,"['ground beef', 'raw potatoes', 'celery', 'onion', 'salt', 'pepper', 'green pepper', 'canned tomatoes', 'onion']","1. Grease a casserole dish.
2. Sprinkle each layer with salt and pepper before adding the next layer. Place potatoes in the bottom of the casserole. Add the layer of celery. Add the layer of hamburger. Add the layer of onions. Add the green pepper.
3. Pour the tomatoes over the mixture.
4. Bake for 2 hours at 350°F (I cover with foil after about an hour).",
171.0,Chicken on Sunday  (Or Whenever),"['minute rice', 'milk', 'chicken parts', 'seasoning salt', 'pepper', 'curry']","1. Grease large 9x13-inch pan.
2. Heat soups and milk together in a large saucepan.
3. Stir in Minute Rice (you want the mixture to be rather juicy). Pour into 9x13-inch pan.
4. Place chicken part on top and then sprinkle with seasoning salt, pepper and curry lightly.
5. Cover all with foil.
6. Bake at 325°F for 2 hours and 15 minutes.
7. I have baked this on a higher temp with less baking time but, you have to watch that you don",
172.0,Chicken Pot Pie Lasagna,"['boneless chicken breast', 'fresh mushrooms', 'carrot', 'spring onion', 'frozen green pea', 'thyme', 'salt', 'all-purpose flour', 'skim milk', 'dry sherry', 'low-fat ricotta cheese', 'part-skim mozzarella cheese', 'lowfat swiss cheese']","1. Prepare pasta according to package directions.
2. Spray a Dutch oven or large skillet with cooking spray; place over medium-high heat until hot. Add chicken and saute 4 minutes or until cooked through.
3. Drain well and set aside. Recoat Dutch oven with cooking spray and place over medium-high heat until hot. Add mushrooms, carrots and onions; saute 6 minutes.
4. Set aside. Place flour in a medium saucepan.
5. Gradually add milk, stirring with a wire whisk until blended; stir in sherry.
6. Bring to a boil over medium heat and cook for 5 minutes or until thickened, stirring constantly.
7. Stir in salt and red pepper.
8. Reserve one cup of sauce and set aside. In a bowl, combine ricotta cheese, 1 cup mozzarella cheese and Swiss cheese. Preheat oven to 350 degrees.
9. Spread 1 cup of the sauce over the bottom of a 13 x9 x 2-inch pan.
10. Arrange 4 pieces of the lasagne (3 lengthwise, 1 widthwise)over the sauce. Top with half of ricotta cheese mixture, half of chicken mixture and half of remaining sauce mixture. Repeat layers, ending with 4 pieces of lasagne. Spread reserved 1 cup of sauce over the last complete layer of lasagne, being sure to cover the lasagne completely.
11. Cover lasagne with foil and bake 1 hour.
12. Uncover lasagne, sprinkle remaining 1/2 cup mozzarella cheese on top and bake an additional 5 minutes uncovered.
13. Re-cover and let stand 15 minutes before serving.",
173.0,Chicken Roll-Ups,"['chicken', 'cream cheese', 'butter', 'margarine', 'onions', 'chives', 'pimientos', 'milk', 'salt', 'pepper', 'croutons', 'butter', 'margarine']","1. Boil chicken until done and no pink remains.
2. Cool and chop into small cubes.
3. In a large bowl, mix together the cream cheese, butter, onion, pimento, milk, salt, and pepper.
4. Stir in chicken and set aside. Open crescent rolls and place each piece of dough flat on a lightly greased baking sheet. Place several tablespoons of chicken mixture on the center of each piece of dough.
5. Roll up dough around the chicken mixture making sure are edges are sealed.
6. Dip each chicken roll in melted butter and roll in the crushed croutons or corn flakes (optional). Place on baking sheet. Bake at 350°F for 15-20 minutes or until golden brown.
7. Serve with chicken gravy if desired.
8. To make chicken gravy add 1 can cream of chicken soup to a small saucepan.
9. Add 1 tablespoon fresh lemon juice and stir well.
10. Add milk or sour cream to thin to desired consistency.
11. Cook over low heat until hot. Serve over chicken roll-ups.",
174.0,Chicken Supreme with Mushrooms,"['butter', 'onions', 'mushrooms', 'dry white wine', 'tomato puree', 'boneless chicken breasts']","1. Melt 15g of the butter in a pan.
2. Add the onions and saute until soft. Add the mushrooms and salt and pepper to taste and cook until soft. Add the wine, tomato puree and stock and continue cooking, stirring, until the liquid is well concentrated; chill.
3. Beat out the chicken breasts to an even thickness and place each one on a sheet of foil.
4. Divide the mushrooms mixture between them and dot with the remaining butter.
5. Fold the foil over the top and seal the edges.
6. TO FREEZE Place parcels on a baking sheet and freeze, then pack in a plastic bag.
7. Seal, label and return to the freezer.
8. TO SERVE Place the foil parcels on a baking sheet. Cook from frozen in a preheated hot oven, 220 C , for about 1 hour.
9. Remove the foil and sprinkle with parsley.",
175.0,Cola Roast,"['salt', 'pepper', 'garlic powder', 'chili sauce', 'worcestershire sauce']","1. Preheat oven to 325F.
2. In a small bowl, combine the salt, pepper, and garlic powder; rub over surface of roast. In a Dutch oven, heat the oil to hot and brown roast on all sides.
3. Transfer roast to roasting pan.
4. Combine all the remaining ingredients; pour over roast. Cover and roast for 2 1/2-3 hours until tender.",
176.0,Cola Cake,"['flour', 'white sugar', 'baking soda', 'buttermilk', 'butter', 'margarine', 'vanilla', 'eggs', 'miniature marshmallows']","1. Beat all but eggs and marshmallows for two minutes.
2. Add eggs and beat two minutes more. Stir in marshmallows.
3. Bake in 9 X 13 pan for 35 minutes.
4. FROSTING: 1/2 cup butter or margarine 3 tablespoon cocoa 1 pound powdered sugar 1/3 cup Coke or Pepsi 1 cup chopped nuts Mix butter, cocoa, sugar and Coke well together and add chopped nuts.
5. Pour over hot cake.",
177.0,Chicken Sate with Peanut Sauce,"['boneless skinless chicken breast halves', 'soy sauce', 'lime juice', 'butter', 'onion', 'olive oil', 'cayenne', 'soy sauce', 'sugar', 'garlic', 'ginger', 'salt', 'lime juice']","1. Combine butter, 1/4 cup soy sauce, coriander, and 2 Tbsp lime juice. Marinate chicken in this while you make peanut sauce: Saute onion and garlic in oil until tender.
2. Cool.
3. Place in blender, add everything else, and blend carefully.
4. Slowly and carefully add enough boiling water to form a thick paste. Now, broil chicken until done, basting with marinade. Serve with peanut sauce.",
178.0,Coconut Crunch Beans,"['sesame seeds', 'butter', 'unsweetened coconut', 'chili powder', 'turmeric', 'salt', 'green beans']","1. In nonstick skillet, cook sesame seeds, stirring, over medium heat for 2 minutes or until slightly golden.
2. Stir in half of the butter until melted.
3. Stir in coconut, chili powder, turmeric and salt; cook, stirring, for 1 minute or until coconut turns deep golden.
4. (Coconut mixture can be stored in airtight container at room temperature for up to 24 hours.) In large pot of boiling salted water, cook beans for 3 minutes; drain well.
5. (Beans can be prepared to this point, chilled under cold water, drained and refrigerated in towel-lined airtight container for up to 24 hours.) In nonstick skillet, melt remaining butter over medium heat; cook beans for about 3 minutes or until tender-crisp.
6. Toss with coconut topping.",
179.0,Coconut Chicken Bites,"['chicken breast', 'coconut', 'flour', 'salt', 'black pepper', 'garlic powder', 'egg', 'butter']","1. Heat oven to 400°F.
2. Mix flour, coconut, salt, pepper and garlic powder together.
3. Dip chicken bites in the egg, then in the flour mixture. Place the chicken bites onto a greased cookie sheet or baking pan.
4. Drizzle with melted butter.
5. Bake approximately 25 minutes or until the chicken is browned and cooked through.
6. Turn once during cooking.
7. This is good served with an apricot or plum dipping sauce. Jan.","https://img.sndimg.com/food/image/upload/w_555,h_416,c_fit,fl_progressive,q_95/v1/img/recipes/17/9/picHQgcFk.jpg"
180.0,Chocolate Pound Cake,"['boiling water', 'vanilla', 'eggs', 'cake flour', 'sugar', 'sugar', 'baking powder', 'salt', 'unsalted butter']","1. Preheat oven to 350°F.
2. Use a 8 x 4 x 2 1/2\
3. ,
4. ,
5. ,
6. ,
7. ,
8. ,
9. s structure. Scrape down the sides.
10. Gradually add the remaining chocolate mixture in 2 batches, beating 20 seconds after each addition to incorporate the ingredients and strengthen the structure. Scrape down the sides.
11. Scrape the batter into the prepared pan and smooth the surface with a spatula.
12. The batter will be almost 1/2 inch from the top of a 4-cup pan.
13. (if your pan is slightly smaller, use any excess batter for cupcakes.) Bake for 50 to 60 minutes, (40 to 50 minutes in a fluted tube pan) or until a wooden toothpick inserted in the center comes out clean.
14. Place loosely with buttered foil over the cake after 20 minutes to prevent over browning.
15. The cake should start to shrink away from the sides of the pan only after removal from the oven.
16. Let the cake cool in the pan on a rack for 10 minutes.
17. Loosen the sides with a metal spatula and invert onto a greased wire rack.
18. If baked in a loaf pan, to keep the bottom from splitting, reinvert so that the top is up and cool completely before wrapping airtight.
19. TOPPING: This is for extra moistness and gives a subtle coffee accent.
20. In a small pan, stir together 1/4 cup water and 2 Tbsp sugar.
21. Bring to a full rolling boil.
22. Cover and remove from heat. When cool, add 1 tbsp Kahlua.
23. When cake is baked, brush half the syrup onto the top.
24. Cool the cake 10 minutes and invert it onto a lightly greased rack.
25. Brush the bottom and sides with remaining syrup.
26. Reinvert onto rack, top side up, to finish cooling.","https://img.sndimg.com/food/image/upload/w_555,h_416,c_fit,fl_progressive,q_95/v1/img/recipes/18/0/picecIIb4.jpg"
181.0,Chicken With Portabella Mushrooms-,"['chicken breasts', 'flour', 'olive oil', 'butter', 'portabella mushroom', 'onion white', 'green onion', 'fresh garlic', 'fresh basil', 'oregano', 'fresh lemon juice']","1. Dredge the chicken breast pieces in flour and saute in olive oil.
2. In a non stick pan you can get by with very little.
3. Add the onions and mushrooms and saute till soft.
4. Add the lemon juice and fresh herbs, saute for 1 minute till the flavors combine.",
182.0,Low-Fat Apple &amp; Apricot,"['raisins', 'dried currant', 'lemon, rind of', 'cinnamon stick', 'clove']","1. Mix all ingredients thoroughly in a 3-quart pot.
2. Simmer uncovered for the better part of an hour, stirring often.
3. Add more juice if necessary and discard spice packet at end of cooking time.
4. Serve warm or chilled.
5. Keeps for days in the refrigerator.",
183.0,"Chicken, Mozzarella & Pepper Tarts","['chicken', 'onion', 'sun-dried tomatoes', 'dried basil', 'mozzarella cheese']","1. Preheat oven to 350 F.
2. In a non-stick skillet, stir cook the chicken just until it turns white. Add the onion, pepper, tomatoes and basil.
3. Continue to stir cook until the onions are tender.
4. Remove from the heat and let cool.
5. Stir the Mozzarella into the cooled chicken mixture then fill the tart shells.
6. Bake in the oven for 20-25 minutes or until the pastry is golden brown and the filling is bubbly.",
185.0,Cola Fruit and Date Loaf,"['dates', 'brown sugar', 'flour', 'baking soda', 'baking powder', 'cinnamon', 'lemon rind', 'egg', 'vanilla extract', 'pecans']","1. Preheat oven to 350 Fahrenheit.
2. Generously grease a 9 by 5 inch loaf pan.
3. Chop dates.
4. Heat cola to boiling. Remove from heat and stir in dates, mixing very well.
5. Stir in sugar and oil. Cool while preparing other ingredients.
6. Stir dry ingredients together and add to cola mixture. Stir in egg, extract and nuts.
7. Spoon batter into pan. Bake about 1 hour until cake tests done. Cool on a rack for 20 minutes then remove from pan and wrap.
8. Store overnight before slicing.","https://img.sndimg.com/food/image/upload/w_555,h_416,c_fit,fl_progressive,q_95/v1/img/recipes/18/5/picgrPBKe.jpg"
186.0,Coca-Cola Cake,"['flour', 'sugar', 'salt', 'baking soda', 'margarine', 'buttermilk', 'miniature marshmallows', 'eggs', 'margarine', 'confectioners', ',']","1. Combine flour, sugar, salt, cocoa and baking soda.
2. In small saucepan, bring butter and Coca-cola to a boil.
3. Add dry ingredients to mixture and then add buttermilk, eggs, and marshmallows.
4. (batter will be thin). Bake in 9x12 inch baking pan at 350 degrees for about 45 to 60 minutes or until tooth pick comes out clean.
5. Topping for coca-cola cake: Combine butter cocoa and coke in a small saucepan and bring to a boil.
6. Pour over sugar and mix well.
7. Add nuts an vanilla.
8. Pour over cake while still hot.","https://img.sndimg.com/food/image/upload/w_555,h_416,c_fit,fl_progressive,q_95/v1/img/recipes/18/6/01478391864.jpeg"
187.0,Chicken-Fried Steak With Cracked Pepper Gravy,"['flour', 'salt', 'pepper', 'cayenne', 'eggs', 'bock beer', 'unsalted butter', 'flour', 'milk', 'salt', 'cracked pepper']","1. Prepare the flour spice by blending the flour, salt, pepper, and cayenne. Set aside on a plate or wax paper.
2. Prepare the batter by mixing the eggs with a whisk, in a large bowl.
3. Add the cream, and beer. Whisk to blend.
4. Set aside. In a deep, heavy skillet, heat the oil to 350 degrees. While the oil is heating, prepare the round steaks by dredging them in the flour spice, taking care to evenly coat the meat. Shake off any excess.
5. Dip the meat into the batter, and then again in the flour spice, evenly coating the batter so it is dry on the outside. When the oil temperature reaches 350 degrees (when a drop of batter sizzles when dropped in it), gently slide one steak into the hot oil. Cook the steak about 5 minutes.
6. Turn in, taking care not to break the coating, and cook the meat 5 more minutes, or until the batter is nicely browned. Drain the cooked steak on paper towels. Repeat with the other steaks.
7. Hold the cooked steaks in a 225 degree oven until all four are done. Pour Cracker-Pepper Gravy over the steaks and serve. Yield: 4 servings.
8. CREAM GRAVY Melt the butter in a heavy saucepan.
9. When the foam goes down, whisk in the flour. Continually whisk until the flour cooks, becoming a fragrant light brown.
10. Slowly add the milk, continuing to whisk to keep lumps from forming.
11. Season with salt and pepper.
12. Simmer gravy for 10 minutes to cook and reduce. Serve hot.","https://img.sndimg.com/food/image/upload/w_555,h_416,c_fit,fl_progressive,q_95/v1/img/recipes/18/7/picvWKPo1.jpg"
189.0,Claudi Sanders' Refrigerator Rolls,"['shortening', 'sugar', 'potato', 'milk', 'cake yeast', 'flour', 'baking soda', 'salt', 'baking powder']","1. Preheat oven to 400.
2. Cream shortening and sugar until light and fluffy.
3. Add potatoes and cream again.
4. In separate pot,m heat milk to lukewarm, and dissolve yeast. Pour milk mixture into shortening, sugar and potatoes.
5. Ad enough flour (about 4 cups) to make a like a cake dough consistency.
6. Stir in salt. Cover.
7. Let rise 2 hours, stir in balance of flour (about 6 to 7 cups), baking soda and powder to make like biscuit dough-knead.
8. Cover and refrigerate 1/2 hour, make into tolls.
9. Let rise until double in size. Bake about 15-20 minutes.
10. Refrigerate and use over 5 or 6 days.
11. Makes 24 rolls.",
190.0,"$20,000 Prize-Winning Chili Con Carne","['onion', 'garlic cloves', 'budweiser beer', 'hunts tomato sauce', 'water', 'chili powder', 'cumin', 'bouillon', 'oregano leaves', 'paprika', 'sugar', 'flour', 'cornmeal', 'water']","1. In large saucepan or Dutch oven, brown half the meat; pour off fat. Remove meat.
2. Brown remaining meat; pour off all fat except 2 Tbsps.
3. Add onion, garlic; cook and stir until tender.
4. Add meat and remaining ingredients except flour, cornmeal and warm water. Mix well.
5. Bring to boil; reduce heat and simmer covered 2 hours.
6. Stir together flour and cornmeal; add warm water. Mix well.
7. Stir into chili mixture. Cook covered 20 minutes longer.
8. Serve hot.",
191.0,Chilies Corn Muffins,"['all-purpose flour', 'cornmeal', 'sugar', 'brown sugar', 'baking powder', 'salt', 'skim milk', 'soymilk', 'egg', 'green chilies']","1. Preheat oven to 400.
2. Spray a standard muffin pan with cooking spray.
3. In medium bowl, whisk flour, cornmeal, both sugars, baking powder and salt. In medium bowl, mix remaining ingredients.
4. Make well in dry ingredients.
5. Add milk mixture and stir until just blended.
6. Divide batter among prepared muffin cups.
7. Bake 15 to 20 minutes, or until top springs back when lightly pressed.
8. Let cool in pan 5 minutes, them loosen edges and turn out on rack and cool completely.",
192.0,Classic Cream Scones,"['all-purpose flour', 'granulated sugar', 'baking powder', 'salt', 'unsalted butter', 'heavy cream', 'egg', 'vanilla extract', 'currants', 'raisins', 'egg']","1. Preheat oven to 425F.
2. Lightly butter a baking sheet. In a large bowl, stir together the flour, sugar, baking powder, and salt. Cut the butter into 1/2-inch cubes and distribute them over the flour mixture. With a pastry blender or two knives used scissors fashion, cut in the butter until the mixture resembles coarse crumbs.
3. In a small bowl, stir together the cream, egg, and vanilla.
4. Add the cream mixture to the flour mixture and stir until combines.
5. Stir in the currents/raisins (optional). With lightly floured hands, pat the dough into a 1/2-inch thickness on a lightly floured cutting board.
6. Using a floured 2 1/2-inch-diameter round biscuit cutter or a glass, cut out rounds from the dough and place them on the prepared baking sheet. Gather the scraps together and repeat until all the dough is used.
7. Lightly brush the tops of the scones with the egg mixture, if desired.
8. Bake for 13-15 minutes, or until lightly browned.
9. Remove the baking sheet to a wire rack and cool for 5 minutes.
10. Using a spatula, transfer the scones to the wire rack to cool.
11. Serve warm or cool completely and store in an airtight container.
12. Makes about 14 scones.
13. Variation: Add about 1 1/2 teaspoons of grated lemon peel to the dry ingredients.
14. My variation: Classic Scones 280 grams all-purpose flour 65 g granulated sugar 2 teaspoons baking powder 1/8 teaspoon salt 110 g unsalted butter, chilled 6 tablespoons milk 1 large egg 1 teaspoon vanilla sugar 125 g raisins Preheat oven to 220C.
15. Directions as above.","https://img.sndimg.com/food/image/upload/w_555,h_416,c_fit,fl_progressive,q_95/v1/img/recipes/19/2/picgmwTjd.jpg"
193.0,Chinese Chicken,"['chicken', 'tomato sauce', 'soy sauce', 'dry sherry', 'white vinegar', 'chili powder', 'garlic', 'green ginger']","1. Wash and dry chicken.
2. Combine the rest of the ingredients together and mix well.
3. Add the chicken, coat well with the marinade. Allow to stand several hours or overnight in refrigerator.
4. Place chicken in a baking dish and pour over marinade. Cover dish with foil.
5. Bake in a moderate oven 1 1/2 hours, remove foil, bake a further 30 minutes, brushing frequently with marinade.",
194.0,Classic Chicken and Coconut Soup,"['chicken broth', 'unsweetened coconut milk', 'fresh lemongrass', 'chicken breast', 'lime juice', 'jalapeno chile', 'fresh cilantro']","1. Bring first 3 ingredients to boil in heavy medium saucepan.
2. Reduce
3. heat, add chicken and simmer until almost cooked through, turning occasionally, about 12 minutes.
4. Transfer chicken to plate; cool.
5. Remove chicken skin and bones.
6. Cut meat into 1/2-inch pieces.
7. Strain soup through sieve into small saucepan.
8. Add 1 Tbsp lime juice and jalapeno to soup and simmer until reduced to 2 cups, about 20 minutes.
9. Add chicken and simmer just to heat through.
10. Taste, adding more lime juice if desired.
11. Ladle soup into bowls.
12. Sprinkle with fresh cilantro.",
195.0,Chinese Hot and Sour Chicken Noodle Salad,"['chicken breast', 'dry linguine', 'peppercorn', 'rice vinegar', 'cider vinegar', 'soy sauce', 'fresh cilantro', 'cucumber']","1. In a 5-6 quart pan, bring about 3 quarts of water to a boil.
2. Add chicken, cover and bring to a boil.
3. Remove from heat and let stand, covered, until meat is white in thickest part, about 20-25 min.
4. Lift out chicken, let cool and reserve water.
5. Remove and discard skin and bones*; tear chicken into bite-size shreds.
6. If made ahead, cover and chill chicken and water until next day.
7. Bring water to a boil and add linguine. Boil, uncovered, until just tender to bite, 6-8 min.
8. Drain; immerse in cold water until cool, then drain well again.
9. Remove any debris from peppercorns.
10. In a 6-8\
11. ,
12. ,
13. ,
14. ,
15. ,
16. ,",
196.0,Clam - Lobster Bake,"['baking potatoes', 'sweet potatoes', 'corn', 'onions', 'chicken halves', 'live lobsters', 'clams']","1. Prepare your favorite clam chowder as an appetizer.
2. Serve clambake with plenty of melted butter, lemons, and watermelon.
3. \
4. ,
5. ,
6. ,
7. ,
8. ,
9. ,
10. ,
11. ,
12. ,
13. ,
14. ,
15. ,
16. ,","https://img.sndimg.com/food/image/upload/w_555,h_416,c_fit,fl_progressive,q_95/v1/img/recipes/19/6/196.jpg"
197.0,Civil War Cake,"['raisins', 'water', 'sugar', 'shortening', 'cake flour', 'salt', 'cinnamon', 'baking soda', 'nutmeg', 'clove']","1. Combine raisins, sugar, 1 cup of water, shortening, salt & spices in a saucepan.
2. Bring to a boil, simmer 3 minutes, stirring occasionally, then cool till lukewarm, then add the other cp of water.
3. Dissolve soda in 2 teas.
4. of water, set aside. Stir sifted & measured flour into raisin mixture & beat until smooth.
5. Add dissolved soda last. Pur into greased floured 13x9 [am & bale 50-55 min.
6. at 350 degrees.
7. It may also be cooked in a tube pan.
8. Serve with whipped cream or caramel frosting.
9. Combine 3/4 cup of brown sugar 1/2 cup of water 1/2 tsp salt in a saucepan.
10. Cook 6 min.
11. stirring often.
12. Cool to lukewarm and stir in 3 Tbsp.
13. of butter.
14. Then gradually stir in 21/4 cups of sifted confectionery sugar, beating until smooth.
15. Stir in 1 teas.
16. vanilla and spread on cake. You will be surprised how good it taste with such little ingredients.",
198.0,Chinese Hot and Sour Pork Soup,"['soy sauce', 'white pepper', 'egg substitute', 'cornstarch', 'bamboo shoot', 'water chestnut', 'carrot', 'shiitake mushroom', 'cake tofu', 'white vinegar', 'scallion']","1. Bring stock to a simmer.
2. Add soy sauce, pork, mushrooms and chile paste. Simmer for 10 minute.
3. Add pepper, vinegar, bamboo shoots, water chestnuts, fungus and tofu.
4. Simmer 5 minute.
5. Mix cornstarch with 2 tablespoons water and add.
6. Bring back to simmer and pour the eggs in a very thin stream over the surface. Let stand for 10 sec. before stirring in the sesame oil.
7. Serve with a garnish of chopped scallions.
8. NOTE: The pepper, chile paste and vinegar can be varied for taste. I also omit the pork and use less egg.","https://img.sndimg.com/food/image/upload/w_555,h_416,c_fit,fl_progressive,q_95/v1/img/recipes/19/8/picICZ80k.jpg"
199.0,Citrus Glazed Barbecued Pork Loin,"['canola oil', 'onion', 'garlic', 'chipotle pepper', 'arbol chile', 'cracked black pepper', 'worcestershire sauce', 'barbecue sauce', 'lemons', 'kosher salt', 'olive oil', 'kosher salt', 'cracked black pepper']","1. Preheat oven to 350 degrees.
2. In a small saucepot add canola oil and saute onions and garlic until translucent.
3. Add chipotle and arbol chilies and continue to cook until chiles start to toast.
4. Add cracked black pepper and deglaze with Worcestershire sauce and orange juice; reduce until starts to thicken.
5. Then add in your favorite barbecue sauce, reduce to low heat, and simmer for about 15 minutes.
6. Season with hot sauce, lemon juice and to taste with salt. Strain barbecue sauce and set aside.
7. On a large sheet pan rub the pork loin with olive oil and season with salt and cracked pepper.
8. Roast in a 350 degree oven (basting with the citrus glaze about every 15 minutes) until the internal temperature is about 140 degrees.
9. Remove from oven and let meat set for about 5 minutes, slice, and enjoy!","https://img.sndimg.com/food/image/upload/w_555,h_416,c_fit,fl_progressive,q_95/v1/img/recipes/19/9/picyeMlI7.jpg"
200.0,Citrus Chicken,"['chicken breast halves', 'lemon juice', 'lime juice', 'sugar', 'dried oregano']","1. Rinse chicken; pat dry.
2. Sprinkle with salt and pepper.
3. Place chicken in plastic bag set in shallow dish.
4. For marinade, combine lemon, lime, and orange juices, oil, sugar and oregano in small bowl.
5. Pour over chicken; seal bag.
6. Marinate in refrigerator 4 to 24 hours, turning occasionally.
7. Drain chicken, reserving marinade.
8. Grill chicken on rack of uncovered grill directly over medium coals 12 to 15 minutes or until tender and no longer pink inside, turning once and brushing occasionally with marinade during first half of cooking.
9. Or, broil on unheated rack of broiler pan 4 to 5 inches from heat 12 to 15 minutes, turning once and brushing occasionally with marinade during first half of cooking.
10. Discard any remaining marinade.","https://img.sndimg.com/food/image/upload/w_555,h_416,c_fit,fl_progressive,q_95/v1/img/recipes/20/0/picj7Zloz.jpg"
201.0,Citrus Baked Halibut,"['halibut steaks', 'butter', 'onion', 'garlic cloves', 'fresh parsley', 'salt', 'black pepper', 'fresh lemon juice']","1. OVEN COOKING:
2. Rinse halibut in cold water and dry using paper toweling.
3. Arrange halibut in a 9\
4. oven-proof baking dish.
5. Preheat oven to 400 degrees Fahrenheit.
6. In a frying pan, add butter, onion and garlic. Saute until translucent.
7. Remove from heat; stir in parsley, orange rind, salt and pepper.
8. Spread mixture over halibut steaks.
9. In a small bowl, mix together orange juice and lemon juice.
10. Sprinkle juice over steaks, but be careful not to wash away the onion/garlic mixture.
11. Bake fish in preheated 400 degree Fahrenheit oven for 20 to 22 minutes, turning over at about 10 minutes of cooking time.
12. Continue cooking until time expires or until fish flakes easily with a fork.
13. DO NOT OVERCOOK FISH.
14. Spoon hot juices over fish.
15. Serve at once.
16. MICROWAVE COOKING:
17. Prepare and arrange fish and onion/garlic as above.
18. Reduce orange juice by 2 tablespoons.
19. Cover fish with a clear plastic wrap vented.
20. Cook on HIGH (full power) for 4 minutes.
21. Turn fish over and cook for an additional 3 to 4 minutes on HIGH (full power) or until fish flakes easily with a fork.
22. Spoon juices over fish and serve at once.
23. If desired, serve with Tartar Sauce.",
203.0,Chinese Plum Sauce,"['plums', 'onion', 'water', 'gingerroot', 'garlic', 'granulated sugar', 'rice vinegar', 'cider vinegar', 'salt', 'cinnamon', 'cayenne pepper', 'clove']","1. In large heavy saucepan, bring plums, onions, water, ginger and garlic to boil over medium heat; cover, reduce heat to low and simmer, stirring occasionally, until plums and onions are very tender, about 30 minutes.
2. Press through food mill or sieve and return to clean pan; stir in sugar, vinegar, coriander, salt, cinnamon, pepper and cloves.
3. Bring to boil, stirring; reduce heat to low and simmer until mixture reaches consistency of applesauce, about 45 minutes.
4. Fill and seal jars; process in boiling water bath for 30 minutes.
5. Makes about 4 cups","https://img.sndimg.com/food/image/upload/w_555,h_416,c_fit,fl_progressive,q_95/v1/img/recipes/20/3/picOx4nYS.jpg"
204.0,Chinese Meatballs,"['shrimp', 'water chestnut', 'green onion', 'soy sauce', 'white wine', 'salt', 'sugar', 'cornstarch', 'egg', 'chicken broth', 'napa cabbage']","1. Combine pork, shrimp, water chestnuts, ginger, green onion, 1 Tbsp soy sauce, wine, salt, 1/2 tsp sugar, 1 Tbsp cornstarch, and egg.
2. Make twelve meatballs.
3. Heat oil in wok.
4. Add meatballs; cook 6-8 minutes, until browned, stirring occasionally.
5. Transfer meatballs to 5-qt saucepan; discard drippings.
6. Add chicken broth, 2 Tbsp soy sauce and 1/2 tsp sugar.
7. Bring to a boil.
8. Reduce heat to low, cover, and simmer 30 minutes.
9. Meanwhile, core cabbage. Cut base of leaves into 2\
10. ,
11. ,
12. ,
13. ,",
205.0,Cinnamon Curry Rice,"['onions', 'potatoes', 'carrot', 'apple', 'curry powder', 'flour', 'garlic', 'water', 'butter', 'rice', 'cinnamon']","1. Bring cinnamon to boil in 2 cups water, simmer covered until reduced to 1 cup; strain, discard pulp, reserve broth.
2. Cook enough rice for 5 persons.
3. Heat butter in a wok, add flour and stir well to mix and thicken; then add curry powder and stir well to mix; then add a little stock or water and mix well; return to boil, add carrot, potatoes, and apple, cover, simmer on low heat.
4. In a separate wok or pan, stir-fry sliced pork quickly in a little oil along with garlic.
5. Remove and reserve. When carrots and potatoes are almost done, add cinnamon broth, pork and onions to the pot, return to boil, simmer for a few minutes, then serve over rice.",
206.0,Chocolate Almond Scones,"['all-purpose flour', 'baking powder', 'sugar', 'salt', 'butter', 'eggs', 'chocolate chips']","1. Preheat oven to 425 degrees Fahrenheit.
2. Combine flour, baking powder, sugar and salt.
3. Cut in butter until it resembles course meal.
4. Add 2 eggs (1 egg is reserved for later use), almond extract and cream.
5. Stir until soft dough forms; mix in chocolate chips and toasted almonds.
6. Pat out dough until 3/4 inch thick.
7. Cut into diamond shape; brush with reserved egg.
8. Place on baking pan coated with cooking spray.
9. Bake for 10 minutes until lightly browned.
10. Serve warm.",
207.0,Cinnamon Apple Salad,"['boiling water', 'lemon gelatin', 'applesauce', 'cream cheese', 'mayonnaise', 'pecans', 'celery']","1. In a bowl, dissolve candies in water (keep warm until melted). Add gelatin and stir to dissolve. Stir in the applesauce and pour half into an 9\
2. ,
3. ,
4. ,",
208.0,Chunky Tomato Cheese Pie,"['tomatoes', 'cheddar cheese cubes', 'all-purpose flour', 'sugar', 'salt', 'cheddar cheese']","1. Preheat oven to 375 degrees Fahrenheit.
2. Cut 4 of tomatoes into cubes; slice remaining tomato.
3. On a lightly floured surface roll out pastry; fit into a 9-inch pie pan; flute edges.
4. In a large bowl combine tomato cubes, cheese cubes, bread crumbs, flour, sugar and salt. Toss until well blended.
5. Spoon into pie shell.
6. Bake 30 minutes until cheese cubes melt and tomato cubes are soft.
7. Remove from oven and garnish with tomato slices.
8. Add cheese strips.
9. Return to oven.
10. Bake 10 minutes longer or until cheese is melted and tomatoes are soft. Cut into wedges and serve.",
209.0,Chocolate Bread and Butter Pudding,"['butter', 'chocolate chips', 'eggs', 'milk', 'sugar', 'sherry wine', 'vanilla']","1. Cut crusts from bread.
2. Butter and bread, cut into triangles and layer with chocolate in a ovenproof dish.
3. Beat eggs, milk, sugar, sherry and vanilla together and pour over the bread.
4. Leave to stand for 15 minutes to fully absorb liquid.
5. Heat oven to 160 C.
6. Bake for 30 minutes until golden and set. Dust with icing sugar to serve. Hope it tastes good.",
210.0,Christmas Snow Punch,['vanilla ice cream'],"1. In punch bowl, combine Hi-C Hula Punch, Sprite and ice cream.
2. Stir until well blended and chill.
3. From: Spartan Holiday Cookbook Robin",
211.0,Christmas Cranberry Salad,"['cranberries', 'miniature marshmallows', 'sugar', 'apples', 'seedless grapes', 'walnuts', 'salt']","1. Cover marshmallows and cranberries with sugar; chill overnight.
2. Add apples, grapes, walnuts, salt and whipping cream.
3. Chill until ready to serve.","https://img.sndimg.com/food/image/upload/w_555,h_416,c_fit,fl_progressive,q_95/v1/img/recipes/21/1/ZDQGnHD7T6y1qbcy5HxK_DSC_0665.JPG"
212.0,Chocolate Caramels,"['sugar', 'brown sugar', 'salt', 'corn syrup', 'heavy cream', 'vanilla', 'butter']","1. In a sauce pan over medim heat, add chopped chocolate, sugar, salt, syrup and cream.
2. Cover and boil 5 minutes.
3. Uncover.
4. Boil slowly, stirring constantly, to firm ball stage (248 degrees Fahrenheit).
5. Remove from heat.
6. Add flavoring and stir until well blended.
7. Pour quickly over nuts which have been placed in well-buttered pan.
8. Allow to cool; cut into squares.",
213.0,Chocolatey Raisin Chip Cookies,"['brown sugar', 'sugar', 'canola oil', 'vanilla', 'water', 'flour', 'baking soda', 'raisins', 'walnuts']","1. Preheat oven to 375F.
2. Combine sugars and oil; mix thoroughly.
3. Add vanilla and egg whites; beat well.
4. Stir in water.
5. In separate bowl, combine flour, milk, baking soda, and cocoa powder; add to wet ingredients.
6. Stir in chocolate chips, raisins, and nuts.
7. Drop by heaping teaspoon onto lightly oiled cookie sheets.
8. Bake 10 to 12 minutes.
9. Remove from sheets immediately; cool on racks.
10. Makes about 60 cookies.",
214.0,Chocolate-Chocolate Cupcakes,"['water', 'eggs', 'skim milk', 'powdered sugar', 'vanilla extract', 'powdered sugar']","1. Preheat oven to 350 degrees Fahrenheit.
2. Spray muffin cups with cooking spray.
3. In large bowl, combine cake mix, water, and eggs; beat with an electric mixer for 2-1/2 minutes.
4. Divide batter evenly into muffin cups about two-thirds full.
5. Bake 20 to 25 minutes or until toothpick inserted in centre comes out clean.
6. Let cool in pan for 10 minutes.
7. Remove from pan; cool another 10 minutes.
8. Gently cut each cupcake in half horizontally - a serated knife usually works best.
9. Using a double boiler; mix together chocolate morsels, milk, and cocoa in top; and bring water to a boil.
10. Once boiling, reduce heat to low and cook until morsels are melted; stirring occasionally.
11. Remove boiler from heat and stir in 2 cups powdered sugar and vanilla.
12. Gently spread bottom half of cupcakes with 2-3 teaspoons chocolate mixture; cover with top half of cupcake.
13. Sprinkle lightly with remaining powdered sugar.",
215.0,Crock Pot Chocolate Zucchini Nut Bread,"['shortening', 'sugar', 'eggs', 'vanilla', 'baking soda', 'zucchini', 'milk', 'flour', 'walnuts']","1. Cream sugar and shortening in mixer, beat in eggs one at a time, add vanilla. Add everything else and mix thoroughly.
2. Pour into a greased crock pot bread insert. Cook 3 hours on high, or until the bread tests done with a wooden pick.
3. Let stand until it
4. ,",
216.0,Chocolate Cashew Spread,"['unsalted cashews', 'butter']","1. In a small heavy saucepan, melt chocolate over low heat, stirring constantly until chocolate begins to melt. Immediately remove the chocolate from heat; stir until smooth.
2. Cool slightly.
3. Place nuts in a food processor or blender; cover and process until nuts are finely chopped, stopping and scraping the sides as necessary.
4. Add butter; process until nearly smooth.
5. Transfer mixture to a bowl; stir in melted chocolate. Serve at room temperature. Use spread on croissants, muffins or biscuits.",
217.0,Chocolate Chip Cheesecake Dip,"['raisins', 'brandy', 'cream cheese', 'vanilla extract', 'dark brown sugar', 'cinnamon']","1. Mix the raisins and brandy until raisins are coated and soak for 15 minutes.
2. In another bowl, beat the cream cheese and whipping cream until well blended and smooth.
3. Add the vanilla, mixing well.
4. Blend in the brown sugar and cinnamon.
5. Mix in the drunken raisins and chocolate chips, blending well.
6. Garnish with a light dusting of cinnamon.
7. Serve at room temperature.
8. About 3 -3/4 cups dip.",
218.0,Chocolate Chip Cookie Pizza,"['peanuts', 'coconut']","1. Preheat oven to 350 degrees Fahrenheit.
2. Coat a nonstick 12\
3. ,
4. ,
5. ,
6. ,
7. ,
8. of edge.
9. Sprinkle chocolate candy, peanuts and coconut evenly over the preserves.
10. Cut into 12 pizza-shaped slices.",
219.0,Chocolate Zucchini Cake,"['eggs', 'sugar', 'vanilla extract', 'butter', 'all-purpose flour', 'baking powder', 'baking soda', 'salt', 'buttermilk', 'zucchini', 'walnuts', 'butter', 'confectioners', ',', ',']","1. In a large bowl, beat eggs until fluffy.
2. Add sugar gradually, beating until mixture is thick and lemon-colored.
3. Beat in vanilla and butter.
4. Combine flour, cocoa, baking powder, soda and salt; add alternately with buttermilk.
5. Beat until smooth.
6. Fold in zucchini and walnuts.
7. Divide batter into four greased and floured 8 or 9-in. round pans.
8. Bake at 350 degrees Fahrenheit for 25 to 30 minutes or until top springs back when gently pressed.
9. Cool in pans 10 minutes; remove to wire wracks and cool completely.
10. For frosting, beat all ingredients in a large bowl until creamy.
11. Frost between layers and on sides and top of cake.",
220.0,Chocolate Zucchini Bread,"['eggs', 'sugar', 'vanilla extract', 'zucchini', 'all-purpose flour', 'salt', 'baking soda', 'cinnamon', 'baking powder']","1. In a mixing bowl, beat eggs, oil, sugar and vanilla.
2. Stir in zucchini.
3. Combine dry ingredients; add to zucchini mixture and mix well.
4. Pour into two greased 8x4x3-inch loaf pans.
5. Bake at 350°F for 1 hour or until bread tests done. Makes 2 loaves.","https://img.sndimg.com/food/image/upload/w_555,h_416,c_fit,fl_progressive,q_95/v1/img/recipes/22/0/V4O52EGNQlCwno2EDOa4_zucchinnibread3%20(1%20of%201"
221.0,Chocolate Chip Muffins,"['all-purpose flour', 'whole wheat flour', 'baking powder', 'banana', 'brown sugar', 'eggs', 'milk', 'butter', 'chocolate chips']","1. Preheat oven to 400 degrees Fahrenheit.
2. Butter 12 large muffin pans well or line with paper muffin cups.
3. Sift together all-purpose flour, whole wheat flour, and baking powder. Reserve.
4. Combine mashed banana with brown sugar until smooth.
5. Beat in eggs, milk and melted butter.
6. Stir in dry ingredients only until blended.
7. Quickly stir in chocolate chips. Do not overbeat.
8. Spoon mixture into prepared muffin cups. An ice cream scoop works well for this.
9. Bake 25 minutes or until browned slightly.
10. Cool on racks.
11. Preparation time 15 minutes, Cooking Time 25 minutes, Yield 12 large muffins.
12. RJ
13. ,
14. ,","https://img.sndimg.com/food/image/upload/w_555,h_416,c_fit,fl_progressive,q_95/v1/img/recipes/22/1/picmE4uiZ.jpg"
222.0,Chocolate Triumph of Gluttony Cake,"['eggs', 'vanilla extract', 'sugar', 'unbleached all-purpose flour', 'cornstarch', 'salt', 'unsalted butter', 'maraschino cherries', 'unsalted shelled pistachios', 'sugar', 'water', 'maraschino cherry juice']","1. In a medium mixing bowl, whisk the yolks with the vanilla extract. Whisk in half the sugar and continue to beat until very light and frothy, about 5 minutes.
2. Combine the flour and cornstarch and sift once to aerate. In a clean, dry bowl, beat the egg whites with the salt until they hold a very soft peak.
3. Beating faster, add the remaining sugar in a very slow stream, beating until the egg whites hold a firm peak.
4. Fold the yolks into the whites.
5. Sift the flour and cornstarch over the eggs in 3 additions, folding them in gradually.
6. Do not over-mix the batter.
7. Pour the batter into a buttered and paper-lined 9- or 10-inch round pan, 2-inches deep and smooth the top.
8. Bake the Pan di Spagna at 350 degrees, 30 to 40 minutes, until it is well risen and feels firm when pressed gently with the palm of the hand.
9. Immediately loosen the layer from the side of the pan with a small knife or spatula.
10. Invert the layer and leave the paper stuck to it. Turn the layer right side up and cool it on a rack.
11. Double-wrap the layer in plastic and keep it in the refrigerator up to 5 days or freeze it. Variations: Flavor the batter with a grated orange or lemon zest or a tablespoon of Anisette.
12. For the chocolate filling, bring the cream to a boil and remove the heat.
13. Add finely cut chocolate, stir once and let stand for 3 minutes.
14. Whisk smooth, pour into a bowl and cool until set, several hours at a cool room temperature.
15. Set aside.
16. For the syrup, bring sugar and water to a boil in a small pan.
17. Cool and stir in Maraschino.
18. For the pistachios, place in a pan and cover with water.
19. Bring to a boil, drain and rub in a towel to loosen skins.
20. Go over pistachios to separate from skins.
21. Place pistachios on a jelly roll pan and dry out at 325 degrees about 5 minutes.
22. Cool and chop coarsely.
23. To prepare the layers, cut the Pan di Spagna into 5 thin horizontal slices.
24. Reserve 2 of the slices, then cut the other slices into smaller disks, each 1-inch smaller in diameter then the reserved 2, to make a 9, 8-, and 7-inch disk.
25. Reserve scraps.
26. To finish the filling, beat the butter by machine until soft and light, then beat in the cooled chocolate mixture all at once. Beat again until light, then beat in the Maraschino.
27. Stir in half of the chopped pistachios.
28. To assemble, place one of the 10-inch layers on a platter or cardboard and moisten with the syrup.
29. Spread the filling.
30. Continue with the remaining layers.
31. After spreading the 7-inch layer with the filling, form a 6-inch layer with the scraps on top of it.
32. Moisten the 6-inch layer and spread the entire outside of the cake with the filling.
33. Cut a slash from the center to the edge of the reserved 10-inch layer and cover the entire outside of the cake with it.
34. Moisten with the remaining syrup and spread with the remaining filling.
35. Press the reserved pistachios all over the outside of the cake.
36. Dust lightly with the confectioners",
223.0,Chocolate Chip Squares,"['butter', 'brown sugar', 'flour', 'baking powder', 'vanilla', 'milk', 'chocolate chips', 'brown sugar']","1. Mix the butter, brown sugar, flour, baking powder, vanilla, milk, and egg yolks together until it forms a stiff dough.
2. Press dough into the bottom of a 9 X 9 inch pan.
3. Sprinkle chocolate chips over dough.
4. Make a meringue by whipping together the egg whites and brown sugar.
5. Pour meringue over dough and chocolate chips.
6. Bake at 350 degrees Fahrenheit for about 30 minutes.
7. NOTES : I usually cut down on the brown sugar in the meringue by about 1/4 of a cup. The squares are rich enough that they don",
224.0,Chocolate Tapioca Pudding,"['sugar', 'tapioca', 'salt', 'milk', 'egg', 'instant coffee', 'vanilla']","1. Combine sugar, tapioca, and salt in a saucepan; stir in milk and egg.
2. Let stand 5 minutes.
3. Add chopped chocolate squares and instant coffee.
4. Cook, stirring over medium heat, until mixture comes to a full boil and chocolate is blended, about 15 minutes.
5. Remove from heat and stir in vanilla.
6. Cool for 20 minutes; stir and chill.
7. Serve with whipped topping if desired.","https://img.sndimg.com/food/image/upload/w_555,h_416,c_fit,fl_progressive,q_95/v1/img/recipes/22/4/picgOJlqk.jpg"
225.0,Chocolate Chip Shortbread,"['unsalted butter', 'powdered sugar', 'vanilla', 'all-purpose flour']","1. Cream butter, sugar, and vanilla until blended.
2. On low speed, beat in flour.
3. Stir in 1/2 cup chocolate chips.
4. Cover and chill until firm, but not too firm.
5. Shape heaping tablespoonfuls into 3\
6. thick logs.
7. Place cookies on lightly greased cookie sheets.
8. Bake in 350 degree Fahreneheit oven for 8 minutes or until golden brown.
9. Cool.
10. Melt remaining 1/2 cup chocolate chips and oil.
11. Dip 3/4\
12. ,",
226.0,Chocolate Chunk and Walnut Brownies,"['all-purpose flour', 'baking soda', 'salt', 'granulated sugar', 'unsalted butter', 'light corn syrup', 'water', 'eggs', 'vanilla extract', 'walnuts']","1. Preheat oven to 325 degrees Fahrenheit.
2. Line a 13 by 9-1/2 inch baking pan with two layers of aluminum foil, allowing an overhang on each end. Grease the foil with butter.
3. Stir together the flour, baking soda, baking powder and salt.
4. Place the chopped semi-sweet chocolate in a larger bowl.
5. In a saucepan, heat the granulated sugar, unsalted butter, corn syrup and water until the butter melts and the sugar is dissolved.
6. Remove the pan from the heat once it reaches a boil.
7. Pour the hot syrup over the semi-sweet chocolate, allowing it to stand momentarily. Stir until smooth.
8. Whisk the eggs in one at a time.
9. Whisk in the vanilla and the flour mixture until smooth.
10. Fold in the walnuts and the chopped Swiss chocolate.
11. Scrape the batter into the prepared pan.
12. Bake for 50 minutes to 1 hour, or until a cake tester comes out clean.
13. Cool the brownies in the pan on a wire rack for at least 6 hours.
14. Carefully invert the brownies onto a large cutting board or platter and peel off the foil.
15. Invert the brownies again and cut into 24 squares.",
227.0,Chocolate Pudding,"['instant nonfat dry milk powder', 'sugar', 'cornstarch', 'salt', 'chocolate pudding mix', 'milk', 'vanilla', 'butter']","1. Mix the dry milk powder, sugar, cornstarch, salt, and cocoa together until well blended.
2. It can be stored in a big airtight container or glass jar until you need it.
3. To use, stir mix before using to redistribute ingredients.
4. Measure out 2/3 cup of the pudding mix into a medium saucepan.
5. Add milk, vanilla and butter and cook over low heat, stirring constantly until mixture comes to a boil.
6. Continue cooking and stirring for another minute.
7. Remove from heat and let cool.","https://img.sndimg.com/food/image/upload/w_555,h_416,c_fit,fl_progressive,q_95/v1/img/recipes/22/7/picUibSRC.jpg"
228.0,Chocolate Coffee,"['half-and-half', 'brewed coffee']","1. Bring chocolate and half and half to a boil in a large saucepan over medium heat stirring constantly; stir in coffee.
2. Remove from heat; stir in liqueur.
3. Serve with sweetened whipped cream.","https://img.sndimg.com/food/image/upload/w_555,h_416,c_fit,fl_progressive,q_95/v1/img/recipes/22/8/picky2WNd.jpg"
229.0,Chocolate Pudding II,"['sugar', 'cornstarch', 'salt', 'milk', 'baking chocolate', 'butter', 'vanilla']","1. Combine sugar, cornstarch, and salt in medium saucepan; gradually stir in milk and egg yolks.
2. Add baking chocolate, broken into pieces; cook and stir over medium heat until mixture boils.
3. Boil and stir for 1 minute; remove from heat. Add butter and vanilla; pour into individual serving dishes.
4. Chill.
5. Serve with whipped cream.","https://img.sndimg.com/food/image/upload/w_555,h_416,c_fit,fl_progressive,q_95/v1/img/recipes/22/9/picKWjzxr.jpg"
230.0,Fudgy Chocolate Crinkle Cookies,"['sugar', 'eggs', 'vanilla', 'salt', 'flour', 'baking powder', 'powdered sugar']","1. Mix oil, chocolate, sugar; blend in eggs.
2. Add vanilla, salt, baking powder and flour.
3. Cover and chill several hours or overnight.
4. Preheat oven to 350F and grease your cookie sheets.
5. Roll 1 tbsp dough into a ball and roll around in powdered sugar to coat.
6. Place on greased cookie sheet and bake for 10 to 12 minutes.
7. Remove from baking sheet and cool.","https://img.sndimg.com/food/image/upload/w_555,h_416,c_fit,fl_progressive,q_95/v1/img/recipes/23/0/picnPKYOC.jpg"
231.0,Chocolate Cream Puffs,"['water', 'unsalted butter', 'sugar', 'salt', 'flour', 'eggs', 'ice cream']","1. Combine water, butter, sugar and salt in a medium size saucepan.
2. Place over medium low heat to melt butter.
3. Add flour and cocoa powder all at once; stir vigorously until mixture pulls away from side of pan.
4. Remove from heat. Heat oven to 400.
5. Lightly coat baking sheet with cooking spray.
6. With the saucepan off heat, add eggs one at a time, to batter in saucepan, beating well after each addition.
7. With a 1/4 cup drop mixture onto baking sheet, spacing 2\
8. ,
9. ,
10. ,
11. ,
12. ,
13. ,
14. ,
15. ,
16. ,
17. ,",
232.0,Chocolate Cream Meringue Pie,"['sugar', 'all-purpose flour', 'salt', 'milk', 'butter', 'margarine', 'vanilla', 'cream of tartar', 'sugar']","1. FILLING:
2. Combine sugar, flour, cocoa, and salt in medium saucepan; stir in milk.
3. Cook over medium heat, stirring constantly until mixture boils; remove from heat.
4. Stir half of the mixture into beaten egg yolks; return egg mixture to saucepan.
5. Continue cooking and stirring over medium heat until mixture boils; boil and stir for 1 minute.
6. Remove from heat and stir in butter and vanilla.
7. Cool for 10 minutes.
8. Pour into pre-baked pie shell.
9. MERINGUE TOPPING:
10. Heat oven to 350°F.
11. In small mixing bowl, beat egg whites and cream of tartar until foamy.
12. Gradually add sugar and beat until stiff peaks form.
13. Spread this on warm pie filling, carefully sealing to the edges of crust.
14. Bake 5 to 8 minutes or just until meringue is lightly browned.
15. Cool to room temperature; chill for several hours.","https://img.sndimg.com/food/image/upload/w_555,h_416,c_fit,fl_progressive,q_95/v1/img/recipes/23/2/picoZjAEx.jpg"
233.0,Chocolate Cream Easter Eggs,"['butter', 'flour', 'water']","1. Combine frosting mix with soft butter, water and if desired chopped fruits or nuts.
2. Knead 20-30 times on board lightly dusted with confectioners sugar.
3. Divide and shape into 8 eggs; chill.
4. Coat eggs with Chocolate Fudge Frosting mix by dipping egg into frosting, ending with a swirl on top.
5. Keep frosting mix over hot water while dipping the eggs.
6. Decorated with white frosting mix tinted with pastel colors.",
234.0,Chocolate Cream Cheese Pie,"['german chocolate square', 'milk', 'cream cheese', 'sugar', 'cool whip', 'graham cracker pie crust']","1. Melt chocolate bar in milk over low heat.
2. Cream together cream cheese and sugar. Add chocolate, then fold in cool whip.
3. Put into pie crust.
4. Freeze.",
235.0,Chocolate Cream Brulee,"['chestnut puree', 'heavy cream', 'cinnamon', 'chocolate', 'sugar']","1. Beat the chestnut puree to lighten it.
2. Whip the cream (not stiffly); fold in cinnamon, chestnut puree and chocolate.
3. Divide among 4 heat-proof ramekins and smooth level.
4. Chill 1 hour.
5. Preheat broiler.
6. Sprinkle sugar on the Brulee evenly; broil until bubbly.
7. Serve immediately.",
236.0,Chicken Curry II,"['chicken', 'unsalted butter', 'onions', 'salt', 'flour', 'curry powder', 'ginger', 'black pepper']","1. The day before, place whole chicken in a large saucepan.
2. Cover chicken with water; bring to a boil; lower heat and simmer for about one hour or until chicken is starting to fall off the bones.
3. Remove chicken and put aside to cool.
4. Pour stock into a large bowl; place in the refrigerator.
5. The next day the fat will have set. Remove the fat and throw it away.
6. Meanwhile, remove chicken from bones and cut into bite size pieces.
7. Put in refrigerator until needed.
8. (Ingredients do not need to be precise.) Place butter and onions in saucepan over a medium to high heat and fry until soft.
9. Add one teaspoon of salt.
10. Add extra butter to saucepan if needed as you are about to add flour, curry powder, ginger, and a good few shakes of pepper (about 1/2 teaspoon).
11. You need the melted butter to combine it all to a thick paste.
12. Stir out any lumps.
13. Add chicken stock one cupful at a time; stir well to smooth paste.
14. Bring to boil after each cupful is added.
15. Continue with this process until sauce is the thickness you like. (I like it fairly thick).
16. Add chopped chicken.
17. Reheat until chicken is hot.
18. Serve with rice. (Tastes better if cooked the day before).
19. Leftover curry can be frozen. Don",
238.0,Chicken Giblets or Livers,"['chicken giblets', 'olive oil', 'cumin', 'clove', 'paprika', 'bay leaf', 'piri-piri', 'onions', 'garlic', 'white wine']","1. Fry the giblets and/or livers in the olive oil until brown.
2. Add the spices and seasonings and stir well.
3. Add the chopped onion and garlic. Fry for 5 minutes.
4. Add wine and simmer gently until cooked.
5. If you are cooking giblets only, a little water may be added if necessary.","https://img.sndimg.com/food/image/upload/w_555,h_416,c_fit,fl_progressive,q_95/v1/img/recipes/23/8/picWtSDwE.jpg"
240.0,Chicken Fried Brown Rice,"['boneless skinless chicken breasts', 'green onion', 'cooked brown rice', 'light soy sauce']","1. Heat large nonstick skillet over medium heat. Add 1 tablespoon oil.
2. Add chicken, red pepper, and green onion.
3. Cook 5 minutes until chicken is cooked through.
4. Remove to plate.
5. Heat remaining tablespoon of oil in skillet.
6. Add cooked rice; cook 1 minute.
7. Stir in soy sauce, vinegar, and peas; cook 1 minute.
8. Stir in chicken and vegetable mixture.
9. *NOTE: Simmer, covered, 1 cup brown rice in 2-1/2 cups water for 45 minutes.","https://img.sndimg.com/food/image/upload/w_555,h_416,c_fit,fl_progressive,q_95/v1/img/recipes/24/0/picvBXFwb.jpg"
242.0,&quot;any&quot; Muffins,"['white flour', 'milk', 'egg', 'sugar', 'baking powder', 'salt', 'milk']","1. Bake 15 to 20 minutes in a 400 oven.
2. FOR THE MUFFINS: GRAIN: Use 2 to 2 1/2 cup of white flour.
3. OR --
4. substitute oatmeal, cornmeal, whole wheat flour, rye flour, or flake cereal for 1 cup of the white flour.
5. OR --
6. substitute 1 cup leftover cooked oatmeal, rice or cornmeal for 1/2 cup of the white flour and decrease liquid to 1/2 cup.
7. MILK: Use 1 cup.
8. OR --
9. substitute buttermilk or sour milk.
10. Or substitute fruit juice for part or all of the milk.
11. FAT: Use 1/4 cup vegetable oil or 4 Tbsp melted butter or margarine. OR substitute regular or crunch peanut butter for part or all of the fat. The fat can be reduced or omitted with fair results if using a \
12. EGG: Use 1 egg.
13. OR --
14. substitute 1 heaping Tbsp of soy flour and 1 Tbsp of water.
15. If using a cooked grain, separate the egg, add the yolk to the batter, beat white until stiff, and fold into the batter.
16. SWEETENER: Use between 2 Tbsp and 1/2 cup sugar.
17. OR --
18. substitute up to 3/4 cup brown sugar.
19. OR -- substitute up to 1/2 cup honey or molasses and decrease milk to 3/4 cup.
20. BAKING POWDER: Use 2 teaspoons.
21. If using whole or cooked grains or more than 1 cup additions, increase to 3 teaspoons.
22. If using buttermilk or sour milk, decrease to 1 tsp and add 1/2 tsp baking soda.
23. SALT: Use 1/2 tsp, or omit if you have a salt-restricted diet. OPTIONAL INGREDIENTS: The following ingredients are optional.
24. Additions can be used in any combination, up to 1 1/2 cups total.
25. If using more than 1 cup of wet additions, decrease the milk to 1/2 cup.
26. DRY ADDITIONS: Nuts, sunflower seeds, raisins, coconut, and so on.
27. MOIST ADDITONS: Blueberries, chopped apple, shredded zucchini, shredded carrot, and so on.
28. WET ADDITIONS: Pumpkin puree, applesauce, mashed potato, mashed bananas, mashed carrot, and so on.
29. If using 1/2 cup drained canned fruit or thawed shredded zucchini, substitute the syrup or zucchini liquid for all or part of the milk.
30. SPICES: Use spices that complement the additions, such as 1 tsp cinnamon with 1/4 tsp nutmeg or cloves.
31. Try 2 tsp grated orange or lemon peel.
32. JELLIES AND JAM: Fill cups half full with a plain batter.
33. Add 1 tsp jam or jelly and top with 2 more Tbsp batter.
34. NONSWEET COMBINATIONS: Use only 2 Tbsp sugar and no fruit. Add combinations of the following: 1/2 cup shredded cheese, 2 strips fried and crumbled bacon, 2 Tbsp grated onion, 1/2 cup shredded zucchini, 2 Tbsp Parmesan cheese. Spices could include parsley, marjoram, rosemary --
35. ALENA KIBBLER
36. ,
37. ,
38. ,",
243.0,Amber and Zach's Kisses,"['granulated sugar', 'baking powder', 'salt']","1. Beat egg whites until they are very stiff.
2. Add the sugar slowly while beating the stiff egg whites.
3. Drop by teaspoonfuls onto waxed paper lined cookie sheet.
4. Bake at 275 degrees Fahrenheit for 50 minutes.
5. Adds a wonderful decoration to anything edible or eat them by themselves.
6. For a colorful variation, separate into small bowls and add small drops of food coloring to a more colorful decoration.
7. Experiment with them.
8. Use your imagination to make all kinds of food art; flowers, smiley faces, animals, etc.","https://img.sndimg.com/food/image/upload/w_555,h_416,c_fit,fl_progressive,q_95/v1/img/recipes/24/3/picjGKQRO.jpg"
245.0,Swiss Crab Melt,"['english muffins', 'tomatoes', 'celery', 'lemon juice', 'mayonnaise', 'swiss cheese']","1. Split English muffins and broil until lightly browned.
2. Top each half with a fourth of the crab meat.
3. Place a slice of tomato on each.
4. Sprinkle with salt and pepper.
5. Top with Swiss cheese.
6. Put back under the broiler briefly until cheese melts.
7. Serve while hot.",
246.0,Lee's Hot Crab Dip,"['cream cheese', 'sour cream', 'mayonnaise', 'lemon juice', 'worcestershire sauce', 'dry mustard', 'milk', 'cheddar cheese']","1. Remove cartilage from crab meat.
2. In a large bowl, mix cream cheese, sour cream, mayonnaise, lemon juice, Worcestershire sauce, dry mustard, and garlic salt until smooth.
3. Add enough milk to make mixture creamy.
4. Stir in 2 tablespoons of the grated cheese.
5. Fold crab meat into cream cheese mixture.
6. Pour into greased 1-quart casserole.
7. Top with remaining cheese and paprika.
8. Bake at 325 degrees Fahrenheit until mixture is bubbly and browned on top, about 30 minutes.","https://img.sndimg.com/food/image/upload/w_555,h_416,c_fit,fl_progressive,q_95/v1/img/recipes/24/6/picxbWNQR.jpg"
247.0,Grilled Avocado Toast,"['olive oil', 'garlic clove', 'plum tomatoes', 'red onion', 'avocado', 'pepper', 'cheddar cheese']","1. Combine olive oil and garlic.
2. Cut bread diagonally into 1/2 inch slices.
3. Brush each slice with oil.
4. Place on a cookie sheet; broil or grill until golden, approximately 5 minutes.
5. Top each slice with tomato, onion, avocado and cheese.
6. Return to broiler for 5 to 10 minutes until avocados begin to blister and brown.","https://img.sndimg.com/food/image/upload/w_555,h_416,c_fit,fl_progressive,q_95/v1/img/recipes/24/7/pPz9Z7FDSAlhXaPL11pe_image.jpg"
248.0,Mustard Dill Sauce I,"['spicy brown mustard', 'sugar', 'distilled white vinegar', 'dry mustard', 'fresh dill']","1. Whisk first 4 ingredients in bowl.
2. Gradually whisk in oil.
3. Stir in dill.
4. Cover and chill.",
249.0,Cucumber Pita Wedges,"['cream cheese', 'cucumber', 'lemon-pepper seasoning']","1. In a mixing bowl, beat cream cheese and salad dressing mix until combined.
2. Split pita breads in half, forming two circles.
3. Spread cream cheese mixture over pita circles; cut each into six wedges.
4. Top with cucumbers.
5. Sprinkle with lemon-pepper.",
250.0,Thai Chicken Curry,"['coconut milk', 'potatoes', 'nam pla', 'curry powder', 'clove', 'boneless chicken']","1. Combine cocnut milk, potatoes, nam pla, curry powder, and cloves.
2. Simmer 15 minutes.
3. Add chicken; cover, increase heat and cook until chicken and potatoes are tender, about 8 minutes.
4. Stir occasionally.
5. Serve with rice.","https://img.sndimg.com/food/image/upload/w_555,h_416,c_fit,fl_progressive,q_95/v1/img/recipes/25/0/pico7fh1h.jpg"
251.0,Thai Chicken Noodles,"['boneless skinless chicken breast halves', 'white wine', 'garlic cloves', 'shallots', 'shrimp', 'tomato paste', 'sugar', 'nam pla', 'bean sprouts', 'basil', 'peanuts']","1. Marinate chicken in wine 30 minutes.
2. In a small skillet, saute garlic and shallots in 3 Tablespoons oil until crisp; drain, reserving oil.
3. Boil rice vermicelli noodles 2 minutes; drain; toss with garlic oil.
4. Grind red chilies.
5. In a wok, heat 1 tablespoon oil and fry chilies 1 minute, until aroma mellows.
6. Add chicken and wine, and sliced Chinese mushrooms; stir-fry 3 minutes.
7. Add shrimp; heat through; add tomato paste, 2 tablespoons sugar, and nam pla.
8. Add bean sprouts and basil; stir 2 minutes.
9. Add noodles; toss.
10. Garnish with garlic, shallots, and peanuts.","https://img.sndimg.com/food/image/upload/w_555,h_416,c_fit,fl_progressive,q_95/v1/img/recipes/25/1/picRSGryq.jpg"
252.0,Sorrel Tarragon Sauce,"['mayonnaise', 'sour cream', 'fresh sorrel', 'arugula', 'fresh tarragon', 'dried tarragon', 'fresh chives', 'green onion tops', 'fresh parsley', 'fresh lemon juice', 'garlic']","1. Mix all ingredients in medium bowl.
2. Season with salt and pepper.
3. Cover and chill at least 4 hours.
4. (Can be prepared 1 day ahead. Keep refrigerated.)","https://img.sndimg.com/food/image/upload/w_555,h_416,c_fit,fl_progressive,q_95/v1/img/recipes/25/2/picY6RiAl.jpg"
253.0,Thai Cucumber Salad,"['cucumber', 'onion', 'sugar', 'nam pla', 'lime', 'peanuts']","1. Seed and finely chop cucumbers; pat dry.
2. Mix together with onion and shrimp; sprinkle with sugar.
3. Season with nam pla and lime juice.
4. Sprinkle with peanuts and optional chilies.",
254.0,Lime Pistachio Bars,"['all-purpose flour', 'powdered sugar', 'unsalted butter', 'eggs', 'granulated sugar', 'all-purpose flour', 'baking powder', 'lime zest', 'lime juice', 'unsalted shelled pistachio']","1. To prepare crust: Preheat oven to 350°.
2. Coat bottom of 8-inch square baking pan with cooking spray.
3. Place flour and powdered sugar in bowl of food processor.
4. Add butter.
5. Pulse machine on and off until mixture resembles coarse meal.
6. (By hand, place flour and sugar in mixing bowl; add butter.
7. Cut butter into dry ingredients using pastry blender or 2 table knives.) Remove mixture from processor; knead gently until dough holds together and forms solid mass.
8. Press dough evenly into prepared pan.
9. Bake on center rack until crust is lightly colored, 15-18 minutes.
10. Remove from oven; retain oven temperature. To prepare filling: Beat eggs in mixer on medium speed 1 to 2 minutes.
11. Add sugar, flour and baking powder; beat 1 minute at high speed.
12. Stir in lime zest and juice. Pour mixture over baked crust and spread evenly with spatula.
13. Return pan to oven and bake until top is light brown and center is set, 20-25 minutes.
14. Sprinkle pistachios over top, pressing them down so they adhere well.
15. Let cool completely in pan.
16. Using long, heavy, sharp knife, cut into 16 squares.
17. If not using immediately, arrange squares on plate and cover with plastic wrap.
18. (Bars can be prepared 1 day ahead).
19. Serve bars cold or at room temperature.",
256.0,London Bars,"['butter', 'margarine', 'sugar', 'eggs', 'all-purpose flour', 'vanilla extract', 'pecans']","1. Cream butter in a large mixing bowl; gradually add 1/4 cup sugar, beating until light and fluffy.
2. Add egg yolks, one at a time, beating well after each addition.
3. Stir in flour, blending well.
4. Press mixture into a lightly greased 15 x 10 x 1\
5. ,
6. ,
7. ,
8. ,
9. ,
10. ,
11. ,
12. ,
13. ,
14. ,
15. ,
16. ,",
257.0,Stewed Jimmy Crabs,"['tap water', 'bacon', 'flour', 'salt', 'pepper', 'onion', 'potatoes']","1. Remove all traces of mud from crabs.
2. Pull off back shell and innards.
3. Set a 10 quart pot on the burner.
4. Lay 4 strips of bacon on the bottom of the pan and fry.
5. Set aside bacon.
6. To the bacon grease add 2 tablespoons of flour.
7. Brown the flour in the grease, then add 1 quart of water to the pot. Add the diced onion, the cleaned crabs, and the salt and pepper.
8. Cook over medium heat for 25 minutes, then add potatoes.
9. When potatoes are cooked through, remove the stew from the heat and serve hot. For hearty crab eaters, allow 4 crabs per serving.",
258.0,Ann's Blooming Lovely Chocolate Cheesecake,"['margarine', 'firm tofu', 'oranges', 'banana', 'cocoa powder', 'sugar', 'soya milk']","1. To make the base:
2. Melt the margarine gently in a saucepan.
3. Crush the digestive biscuits until they resemble fine breadcrumbs.
4. Take the margarine off the heat and mix in the biscuit crumbs.
5. Press this mixture into an 11\
6. ,
7. ,
8. ,
9. ,
10. t mix well, add a few tablespoons of soya milk.
11. Place over the base and smooth the top.
12. Cook for 30-40 minutes at 175 degrees Celsius.
13. Remove from oven.
14. Cool. Chill in the refrigerator overnight.
15. Add a topping of your choice such as slices of fresh orange or grated chocolate.",
259.0,Chinese Style Sauteed Firm Tofu,"['firm tofu', 'salt', 'onion', 'mushrooms', 'carrot', 'green bell peppers', 'sake', 'white wine', 'soy sauce', 'gingerroot', 'sugar', 'water', 'cornstarch']","1. Cut tofu crosswise into pieces the shape of French-fried potatoes.
2. Heat a wok, coat with oil and sprinkle on the salt.
3. Add onion then mushrooms, stir-frying each over high heat for about 30 seconds.
4. Reduce heat to medium-low.
5. Add carrot, green pepper and tofu in that order, sauteing each for about 1 minute.
6. Reduce heat to low and add sake, soy sauce, ginger, sugar and water.
7. Simmer for 3 to 4 minutes.
8. Stir in dissolved cornstarch and simmer 30 seconds more.",
260.0,Chesapeake Bay Crab Salad,"['mayonnaise', 'pimiento', 'dijon mustard', 'worcestershire sauce', 'salt', 'lemon', 'celery', 'lettuce', 'lemon slice', 'paprika']","1. Remove cartilage from crab meat.
2. In a bowl, mix mayonnaise, pimiento, mustard, Worcestershire sauce, salt, hot pepper sauce, lemon juice, and celery.
3. Blend well.
4. Pour over crab meat and toss lightly but evenly.
5. Refrigerate.
6. Serve in bowl lined with lettuce leaves.
7. Garnish with lemon slices and sprinkle with paprika.",
261.0,Crab Bisque Chincoteague,"['butter', 'flour', 'milk', 'sharp cheddar cheese', 'lemon pepper', 'cooking sherry', 'parsley', 'salt']","1. Melt butter in a heavy 4-quart saucepan over medium heat. Stir in flour to make a roux.
2. Slowly add milk until it is well blended.
3. Stirring constantly, add cheese and cook until mixture thickens.
4. Reduce heat and add seasonings, sherry, cream, and parsley.
5. When mixture is thoroughly heated, add crab meat, stirring gently to keep lumps intact. Serve immediately in warm bowls and garnish with parsley.",
262.0,Maryland Pavilion Crab Cakes,"['eggs', 'mayonnaise', 'parsley', 'salt', 'pepper']","1. In a bowl, combine crab meat, eggs, mayonnaise, horseradish mustard, chopped parsley, salt, pepper, and hot-pepper sauce. Mix lightly.
2. Separate and form into 12 to 16 small cakes; do not pack firmly.
3. Roll crackers into fine crumbs.
4. Pat the cracker crumbs lightly onto the crab cakes.
5. Heat oil to a depth of about 1/4 inch in a large skillet, or heat the oil in a deep fryer.
6. Fry crab cakes until golden brown, turning once. Drain on paper toweling.
7. Serves 6.
8. \
9. s Fair.\",
263.0,Crabapple Jelly,"['cinnamon', 'lemon basil', 'sugar']","1. Wash apples; remove stem and blossom ends.
2. Cover with a water in a large stainless steel or ceramic pot.
3. Add washed sprigs of cinnamon or lemon basil.
4. Simmer until apples are soft.
5. Drain juice over pan; through jelly bag or clean dish towel.
6. Bring 4 cups of drained juice (add water to make 4 cups if necessary), to a boil in a very large stainless steel or ceramic pot.
7. Add sugar and boil to sheeting stage. (When the drips sheet together on the side of a stainless steel spoon). Skim.
8. Pour into sterilized jelly jars.
9. Skim again and seal with two thin layers of paraffin, making certain the 2nd one seals the jar to glass edges.
10. Yield - about 5 cups of bright red jelly.",
264.0,Trifle,"['egg white substitute', 'granulated sugar', 'soymilk', 'lemon juice', 'whole wheat pastry flour', 'baking powder', 'salt', 'cornstarch', 'granulated sugar', 'soymilk', 'vanilla extract', 'lemon juice', 'sweet sherry', 'port wine', 'pear']","1. Preheat the oven to 350 degrees.
2. Beat the egg white substitutes until stiff with an electric mixer.
3. Fold in the sugar, milk, and lemon juice and beat again.
4. Combine the flour, baking powder, and salt in a small mixing bowl.
5. Sprinkle into the egg white mixture, a bit at a time, beating in each time with the mixer until velvety smooth.
6. Pour into a lightly oiled, 9- by 13-inch baking pan.
7. Bake for 25 minutes, or until the top is golden and a knife inserted into the center tests clean.
8. This cake may be made well ahead of time; let it cool completely, then store in an airtight container or proceed with the remaining steps.
9. For the custard, combine the cornstarch and sugar in a heavy saucepan.
10. Pour in enough soy milk to dissolve them.
11. Whisk in the remaining milk.
12. Place over moderate heat and bring to a simmer, whisking almost continuously, so that the cornstarch does not lump on the bottom.
13. Let the mixture simmer gently, whisking frequently, until thick.
14. Remove from the heat. Stir in the vanilla and lemon juice. Let the custard cool to room temperature. Before assembling the trifle, cut the cake base into 4 to 6 sections, then carefully split the sections in half through the center so that they are half the thickness.
15. Spread the bottom halves with the raspberry preserves , then cover with the tops.
16. Cut the sandwiched cake into approximately 1- by 2-inch fingers.
17. Assemble the trifle in a trifle dish or a IO-inch round, preferably clear-glass casserole dish at least 3 to 4 inches deep: half the cake fingers, sprinkled with half of the sherry or port, half of the custard, the pear s lices, the remaining cake fingers, the remaining sherry or port, the remaining custard.
18. Sprinkle the top with the sliced almonds and decorate with small dots of raspberry jam, either in an irregular or regular pattern.
19. Chill thoroughly before serving.",
265.0,Suffolk Trifle (English),"['white wine', 'brandy', 'egg', 'cornflour', 'caster sugar']","1. Put the macaroons in a glass bowl and pour over the wine and brandy.
2. Leave macaroons to soak, adding extra wine or brandy if they appear dry.
3. Pour the single cream into a pan and warm gently until just on the point of boiling.
4. Beat together the egg, egg yolk and cornflour in a bowl, pour on the cream and whisk Iightly.
5. Return to a clean saucepan and cook gently, without boiling, until custard has thickened, stirring continuously.
6. Stir in the sugar and allow the custard to cool a little. Pour over the soaked macaroons and set in a cool place. Carefully smooth the jam over the custard, then sprinkle with almonds and candied peel.
7. Whip the double cream until it stands in soft peaks and pipe or pile on top of trifle. Serve decorated with extra blanched almonds and candied peel, if desired.",
266.0,Twice-Baked Potatoes (Microwave),"['baking potatoes', 'bacon', 'butter', 'margarine', 'green onions', 'milk', 'salt', 'pepper', 'paprika']","1. Pierce well-scrubbed potatoes twice.
2. Place 1 inch apart on paper towel in microwave oven.
3. Microwave at HIGH 10-1/2 to 12-1/2 minutes, or until just softened, rearranging and turning over after half the cooking time.
4. Let stand, covered with a bowl, for 5 minutes.
5. Place bacon on paper towel lined plate. Cover with paper towel.
6. Microwave at HIGH 5 to 6 minutes, or until crisp.
7. Drain bacon on paper towel; crumble.
8. Place butter and green onion in 2 quart casserole; cover.
9. Microwave at HIGH 1-1/2 to 2 minutes, or until butter is melted and onion is tender.
10. Cut potatoes in half lengthwise.
11. Scoop out center; place in casserole with onion-butter and bacon.
12. Add milk, salt and pepper; mash until fluffy.
13. Spoon into potato shells.
14. Arrange on paper towel-lined microwaveable baking sheet.
15. Sprinkle with paprika.
16. Microwave at HIGH 3 to 7 minutes, or until heated, rotating 1/2 turn.
17. Garnish with additional chopped green onion, if desired.","https://img.sndimg.com/food/image/upload/w_555,h_416,c_fit,fl_progressive,q_95/v1/img/recipes/26/6/pic1M4xec.jpg"
267.0,Twice Baked Potatoes,"['baking potatoes', 'milk', 'butter', 'egg', 'parmesan cheese', 'nutmeg', 'chives', 'green onion top', 'paprika']","1. Heat oven to 400 degrees Fahrenheit.
2. Scrub potatoes; prick several times with a fork.
3. Place in oven; bake 50 to 60 minutes until potatoes feel soft when squeezed.
4. Remove and cool 15 minutes; half potatoes length wise (carefully).
5. Using a small spoon scoop out pulp into a large bowl, leaving a 1/4 inch thick shell.
6. Save the best 8 shells.
7. Freeze the remaining shells for French fries or stuffed potato skins.
8. Simmer milk and butter until butter melts.
9. Pour over potato pulp and mash or beat until almost smooth.
10. Add egg, half of cheese,salt, pepper and nutmeg.
11. Mash until almost smooth.
12. Fill shells using about 1/3 cup mixture per shell.
13. Sprinkle with chives or green onion, remaining cheese and a little paprika.
14. Reduce oven heat to 350 degrees Fahrenheit.
15. Place shells on cookie sheet.
16. Bake for 30 minutes until puffed and brown.","https://img.sndimg.com/food/image/upload/w_555,h_416,c_fit,fl_progressive,q_95/v1/img/recipes/26/7/picmkFSou.jpg"
270.0,Spiced Pear Butter,"['pears', 'cinnamon sticks', 'allspice', 'cloves', 'sugar']","1. Combine pears and apple juice in a large Dutch oven.
2. Tie broken cinnamon spices, gingerroot, allspice and cloves in a piece of cheese cloth; add to pear mixture. Bring to a boil; cover, reduce heat, and simmer for 45 minutes to 1 hour or until pears are tender.
3. Drain pears, and discard spice bag.
4. Mash pears or process in food processor until smooth.
5. Return pear puree to Dutch oven, and add sugar.
6. Cook, uncovered, over medium heat for 30 to 40 minutes or until mixture thickens, stirring frequently.
7. Remove from heat, and quickly pour hot pear mixture into hot sterilized jars, leaving 1/4-inch headspace; wipe jar rims.
8. Cover at once with metal lids, and screw on bands.
9. Process in boiling water bath for 5 minutes.",
271.0,Lemon Curried Lamb Chops,"['lamb chops', 'lemon juice', 'salt', 'curry powder', 'sugar', 'butter']","1. Combine lemon juice, curry powder, salt and sugar.
2. Brush mixture over the chops and let stand for 2 hours to absorb the flavors.
3. Heat the butter in a frying pan, cook until golden brown on both sides.","https://img.sndimg.com/food/image/upload/w_555,h_416,c_fit,fl_progressive,q_95/v1/img/recipes/27/1/picJ4N9BR.jpg"
272.0,Lemon Mint Lamb Chops,"['lamb chops', 'butter', 'onion', 'lemon', 'lemon juice', 'sugar', 'mint']","1. Grill chops until tender.
2. While chops are under the grill, prepare the sauce:
3. Melt butter in pan; add finely chopped onion, saute until tender.
4. Add lemon rind, lemon juice, sugar and mint, heat gently.
5. Spoon over hot chops.
6. Cheers, Doreen Doreen Randal, Wanganui, New Zealand.","https://img.sndimg.com/food/image/upload/w_555,h_416,c_fit,fl_progressive,q_95/v1/img/recipes/27/2/picdjVM3b.jpg"
273.0,Winter Pear Butter,"['pears', 'sugar', 'brandy', 'water']","1. Peel, quarter and core the pears; chop in 1/2-inch pieces.
2. Put all the ingredients in a large heavy pot; bring to a boil.
3. Reduce the heat and cook, stirring often, for 15 minutes, or until the pears are soft.
4. Puree the mixture in a food processor or blender.
5. Return the puree to the pot.
6. Cook uncovered over very low heat, stirring often, for 1 to 1-1/2 hours, or until the pear butter is very thick.
7. Be careful not to let it scorch.
8. Remove from the heat.
9. Stir the hot pear butter for a minute or two to release more heat.
10. Spoon into clean hot jars, leaving 1/4 inch of space at the top of each jar.
11. Wipe the rim of each jar.
12. Cover and allow to come to room temperature. (You
13. ,
14. ,",
274.0,Meatballs in Cheese Pastry,"['flour', 'cayenne pepper', 'butter', 'cheese', 'egg', 'sesame seeds', 'beef', 'lime rind', 'lime juice']","1. Process flour, pepper and butter until combined.
2. Add cheese, process until mixture forms a ball.
3. Knead dough on a lightly floured surface until smooth; cover and refrigerate 30 minutes.
4. Roll pastry between sheets of greaseproof paper until 2mm thick.
5. Cut into 4cm rounds, top each with a meatball.
6. Fold pastry to enclose meatballs completely, roll into balls.
7. Brush top with egg, sprinkle with seeds, place about 3cm apart on greased oven trays.
8. Cover and refrigerate 30 minutes.
9. Bake in a moderately hot oven about 15 minutes or until lightly browned; cool before serving.
10. MEATBALLS:- Combine all ingredients in a bowl; mix well.
11. Roll level teaspoons of mixture into balls.
12. You can make three hours ahead of time and cooked balls freeze well.",
275.0,Basic Habanero Sauce,"['habanero peppers', 'carrot', 'onion', 'distilled vinegar', 'garlic cloves', 'lime juice']","1. Saute onion and garlic until soft.
2. Add carrots with a small amount of water.
3. Bring to a boil, reduce heat and simmer until carrots are soft.
4. Place in a blender with the peppers; puree until smooth.
5. Mix puree with vinegar and lime juice and simmer for 5 minutes.
6. Seal in sterilized bottles/jars. Makes 2 cups.
7. You can also try: My recipe.
8. I
9. ,
10. ,
11. ,
12. ,
13. ,
14. ,
15. ,
16. ,
17. ,
18. ,",
276.0,Greek Phyllo Seafood Rolls,"['frozen spinach', 'part-skim ricotta cheese', 'feta cheese', 'lemon', 'dried dill weed', 'fresh dill weed', 'pepper', 'olive oil', 'onion', 'garlic cloves', 'garlic cloves', 'large shrimp', 'phyllo dough', 'butter']","1. Squeeze the spinach with your hands to remove excess liquid.
2. Put the spinach in a large bowl with ricotta, feta, lemon zest, dill weed and pepper.
3. Stir to mix well.
4. Heat the olive oil in a medium frying pan over medium heat.
5. Add the onion and cook, stirring occasionally, until the onion is tender, 3 to 4 minutes.
6. Add the garlic and stir 20 to 30 seconds.
7. Add the onion-garlic mixture to the bowl with the spinach; stir until well mixed.
8. Stir in the shrimp and set aside.
9. Preheat the oven to 375 degrees Fahrenheit.
10. Separate 1 sheet of the phyllo dough; lay it on the work surface with the long side toward you.
11. (Keep the stack of remaining dough covered with plastic wrap to prevent it from drying.).
12. Lightly brush the sheet with a little of the melted butter; lay another sheet evenly on top.
13. Lightly brush half of the top sheet with more butter; fold the other half over to make a rectangle 8 x 11 inches.
14. Lightly brush with a little more melted butter.
15. Spoon a generous 1/4 cup of the filling along the bottom edge, leaving 1 inch of phyllo clear on all sides.
16. Lift the bottom end of the sheet and fold it over the filling.
17. Fold the sides over and press lightly; gently roll up.
18. Set the roll seam-side down on a lightly greased baking sheet (you will need 2 baking sheets).
19. Repeat to use the remaining filling and phyllo.
20. Brush the tops of the rolls with melted butter.
21. Bake until golden, 25 to 30 minutes.
22. Serve hot or warm.",
277.0,Ouzo-Marinated Greek Cheese,"['kasseri cheese', 'olive oil', 'fresh parsley', 'fresh thyme', 'pepper']","1. Cut cheese lengthwise into four 1/2-inch thick pieces.
2. Arrange in single layer in shallow dish.
3. Mix ouzo, olive oil, parsley, thyme and pepper in small bowl.
4. Pour over cheese.
5. Marinate at least 4 hours and up to 8 hours, turning once.
6. Preheat broiler.
7. Remove cheese from marinade; transfer to 4 small broiler proof gratin dishes.
8. Drizzle 2 teaspoons marinade over each piece of cheese.
9. Broil until cheese is soft and just begins to melt, about 4 minutes.
10. Serve with bread.
11. Notes: This starter is an easy version of the fried cheese dish, saganaki, which is traditionally paired with a glass of ouzo.
12. Serve with freshly grilled pita bread.",
278.0,Greek Spinach Triangles,"['frozen spinach', 'eggs', 'onion', 'cream cheese', 'pepper', 'feta cheese', 'butter', 'margarine', 'phyllo pastry']","1. * To cut calories, you can use butter-flavored cooking spray in place of the butter.
2. Cook spinach according to directions; drain well.
3. Mix spinach, eggs, onion, cream cheese, pepper and feta cheese together.
4. Refrigerate mixture at least 1 hour.
5. Open package of phyllo pastry; cut a strip 2\
6. ,
7. ,
8. ,
9. ,
10. ,
11. ,
12. ,
13. ,
14. ,
15. ,","https://img.sndimg.com/food/image/upload/w_555,h_416,c_fit,fl_progressive,q_95/v1/img/recipes/27/8/picOW6aES.jpg"
279.0,Grand Marnier Cake,"['butter', 'sugar', 'grand marnier', 'flour', 'baking soda', 'baking powder', 'sour cream', 'walnuts', 'sugar', 'grand marnier']","1. Cream sugar and butter.
2. Add egg yolks and 1 teaspoon Grand Marnier.
3. Continue to beat. Sift flour, baking soda and baking powder.
4. Add flour to mixture with sour cream, beginning and ending with dry ingredients.
5. Add orange rind, walnuts and stiff beaten egg whites.
6. Butter and flour an angle food cake pan.
7. Bake at 350 degrees for 55 minutes.
8. Spoon topping over baked cake while still in hot pan.
9. Cool and invert onto serving plate.",
280.0,Spanish Potato Omelet (Tortilla a la Espanola),"['olive oil', 'potatoes', 'onion', 'coarse salt', 'eggs']","1. Heat the oil in a 8-9 inch skillet. Add the slices of potato one at a time to avoid sticking together.
2. Alternate layers of potatoes with layers of onions.
3. Cook slowly over medium heat, turning the potatoes until tender, not brown.
4. Drain potatoes in a colander, save oil.
5. Make sure skillet is very clean for later use. In a bowl, beat eggs with a fork until slightly foamy.
6. Salt to taste. Add the potatoes, press down to cover potatoes completely with egg. Return to skillet, heat 2 tablespoons of saved oil until smoking point. Add the mixture, spread it out. Rapidly, lower the temperature to medium-high.
7. Shake the pan often to avoid sticking.
8. When the bottom is brown, cover the skillet with a plate, turn skillet up-side down, remove tortilla, slide off plate with uncooked side down into skillet and cook the other side, Turn several times until cooked","https://img.sndimg.com/food/image/upload/w_555,h_416,c_fit,fl_progressive,q_95/v1/img/recipes/28/0/Kiww21BfQbyLiesH7KYW_fooddotcom-jan-2017-25.jpg"
281.0,French Pecan Pie,"['sugar', 'vanilla', 'pecans', 'german chocolate']","1. Beat egg whites until stiff but not dry.
2. Gradually add sugar.
3. Add vanilla, broken crackers and pecans.
4. Bake in a 10-inch buttered pie pan for 30 minutes at 300 degrees Fahrenheit.
5. Cool.
6. Top with sweetened whipped cream (spread over cooled pie).
7. Garnish with shaved chocolate.",
282.0,Thai Coconut Chicken Soup,"['boneless skinless chicken breast halves', 'coconut milk', 'green onions', 'serrano chilies', 'nam pla', 'lemongrass', 'lime']","1. Bring 1 cup coconut milk to boil.
2. Add chicken, lemon grass, and Laos.
3. Cover and simmer til chicken is tender.
4. Add remaining 1 cup coconut milk, green onions and chilis.
5. DO NOT BOIL.
6. Stir in lime juice and fish sauce just before serving.",
283.0,Salt Cod Chowder,"['salt cod fish', 'fat salt pork', 'onion', 'raw potatoes', 'raw carrot', 'boiling water', 'salt', 'pepper', 'canned corn niblet', 'milk']","1. Freshen salt cod by soaking it overnight in cold water to cover.
2. Drain, place in a stewing pot, and cover with fresh water.
3. Bring to simmer with low heat.
4. Check to see if the fish is still too salty - if so, drain, add fresh cold water, and bring to simmer again, and drain.
5. Fry salt pork in stewing pot until crisp; remove fried pork scraps and reserve for garnish.
6. Cook onion in pork fat until tender.
7. Add potatoes, carrots, water, salt, and pepper and cook covered for about ten minutes, or until vegetables are tender.
8. Add corn or hominy, heated milk, and freshened salt cod.
9. Bring chowder to a simmering temperature, but do not boil.
10. Garnish with the pork scraps.
11. Serve hot, with freshly baked home made bread or rolls and butter.","https://img.sndimg.com/food/image/upload/w_555,h_416,c_fit,fl_progressive,q_95/v1/img/recipes/28/3/1o1wksRS0aVHRdhmhMtH_codchowder.jpg"
284.0,Thai Fried Bananas,"['bananas', 'butter', 'palm sugar', 'lime']","1. Peel bananas; slice lengthwise then in half.
2. Fry in butter until soft and golden.
3. Add sugar and stir until syrup thickens.
4. Sprinkle with lime juice and serve.",
285.0,Thai Beef Salad,"['romaine lettuce', 'red leaf lettuce', 'belgian endive', 'fresh lime juice', 'soy sauce', 'beef', 'brown sugar', 'garlic cloves', 'cilantro', 'tomatoes', 'green onions']","1. Tear romaine lettuce, red leaf lettuce, and Belgian endive into bite-size pieces.
2. In small bowl, combine 2 tablespoons oil, 2 tablespoons lime juice, and 2 tablespoons soy sauce.
3. Add beef strips; stir; marinate at least 1 hour at room temperature.
4. In food processor, combine 1/2 cup oil, 2 tablespoons lime juice, 1 tablespoon soy sauce, ginger, brown sugar, garlic and jalapenos; puree.
5. Reserve marinade.
6. Stir-fry beef in 2 tablespoons oil until just browned.
7. Mix reserved marinade with dressing.
8. Top greens with beef.
9. Pour dressing into a wok; stir to heat; mix in beef juices.
10. Pour hot dressing over salad.
11. Add cilantro, tomatoes, and green onions; toss.",
287.0,Feijoada (Brazilian Bean Soup),"['dried black beans', 'onions', 'turkey polish kielbasa', 'turkey polish kielbasa', 'garlic', 'cumin', 'water', 'salt', 'pepper', 'bay leaf', 'red wine vinegar']","1. Sort and wash beans; place in a large Dutch oven.
2. Cover with water to 2 inches above beans, and bring to a boil; cook 2 minutes.
3. Remove from heat; cover and let stand 1 hour.
4. Drain beans; set aside. Wipe pan with a paper towel.
5. Heat oil in pan over medium heat. Add onion, kielbasa, and garlic; saute 10 minutes or until onion is tender.
6. Add cumin, and saute 1 minute. Return beans to pan.
7. Add water and next 3 ingredients; bring to a boil.
8. Cover, reduce heat, and simmer 1 hour and 10 minutes or until beans are tender; remove bay leaf.
9. Stir in vinegar and hot sauce.",
288.0,Thai Coconut Custard,"['coconut milk', 'eggs', 'palm sugar', 'salt']","1. Beat coconut milk, eggs, palm sugar and salt together.
2. Cook in a double boiler, stirring constantly, until it resembles soft scrambled eggs.
3. Pour into a small casserole dish.
4. Bake at 350 degrees Fahrenheit for 30 minutes.
5. Brown under a broiler.",
289.0,Feijoada (Brazilian Bean Soup) II,"['black beans', 'water', 'ham', 'hot italian sausage', 'cherry tomatoes', 'onion', 'red pepper flakes', 'garlic cloves', 'orange zest']","1. Soak black beans overnight; drain.
2. Preheat oven to 350 degrees Fahrenheit.
3. Combine black beans, water, ham, pork loin, Italian sausage, cherry tomatoes, onion, red pepper flakes, garlic, and orange zest in a Dutch oven.
4. Bring to boil, uncovered, on stove top.
5. Cover and transfer to oven.
6. Bake 90 minutes.
7. Remove cover and bake another 30 minutes.
8. Cool overnight in refrigerator.
9. Remove fat and reheat.",
290.0,Bean Curd With Broccoli,"['cornstarch', 'dry sherry', 'soy sauce', 'scallion', 'gingerroot', 'garlic cloves', 'broccoli', 'salt', 'medium firm tofu']","1. Put cornstarch into a cup and slowly add 1/4 cup of the vegetable stock (make sure it is room temperature or cooler) and mix well.
2. Add wine, soy sauce and sesame oil.
3. Mix well.
4. Cut scallion into 1 1/2-inch lengths.
5. Heat vegetable oil in a wok over medium heat. When hot, put in ginger and garlic. Stir fry for 10 seconds.
6. Put in scallion and broccoli.
7. Fry for 1 minute. Add 1/2 cup vegetable stock and the salt. Bring to a simmer.
8. Cover and cook over a medium heat for a minute, until broccoli is tender-crisp.
9. Remove broccoli with a slotted spoon.
10. Turn heat to low and add tofu.
11. Let it heat through.
12. Add cornstarch mixture.Stir very gently.
13. Put broccoli back in wok.
14. Serve as soon as the sauce is thick and everything is heated through.",
291.0,Cauliflower and Potatoes,"['cumin seed', 'fresh ginger', 'cauliflower', 'potatoes', 'garam masala', 'salt']","1. Put oil, cumin seed and ginger in a large frying pan and cook over medium heat 3 to 5 minutes.
2. Add cauliflower and potatoes.
3. Add some garam masala and red peppers and mix.
4. Cook over medium heat 7 to 10 minutes.
5. Cover and reduce heat to low. The steam should cook the vegetables. If it seems too dry, add a little water.",
292.0,Curried Vegetables,"['cauliflower', 'carrots', 'celery', 'onion', 'mayonnaise', 'salt', 'curry powder', 'ginger', 'cheddar cheese', 'butter']","1. Cook the cauliflower, carrots, celery, and onion in a small amount of water until crisp- tender-drain; set aside.
2. Combine the soup, mayonnaise, salt, curry powder, coriander, and ginger in a mixing bowl; mix well.
3. Stir in the vegetables.
4. Spoon into an oven-proof casserole dish.
5. Combine cheddar cheese, bread crumbs and melted butter.
6. Sprinkle over the vegetables.
7. Bake uncovered at 350 degrees Fahrenheit for 30 to 35 minutes.",
293.0,Scrambled Tofu on Toast,"['plain firm tofu', 'butter', 'turmeric', 'herbs']","1. Crumble the tofu and fry it in the vegetable oil and butter until evenly cooked.
2. Add the turmeric, herbs, and salt and pepper to taste. Saute a further few minutes.
3. Serve on crispy wholemeal toast spread with butter.
4. This is the basic recipe... you can also add grated cheese, fried mushrooms, sweet or hot peppers, onions, garlic, or anything you like to this mixture to make it to your taste! Experiment and enjoy!",
294.0,Crisp Sauteed Cucumbers With Lemon,"['cucumber', 'salt', 'lemon', 'olive oil', 'flour', 'salt', 'pepper', 'fresh parsley leaves']","1. Peel the cucumbers if waxed.
2. Cut cucumbers in half lengthwise; scoop out the seeds with a spoon.
3. Cut them into inch chunks.
4. If the cucumbers are not super-firm, place the chunks in a colander and sprinkle them with 1 tablespoon of salt. Shake to distribute the salt. Let cucumber drain for about 20 minutes. Rinse and dry.
5. If the cucumbers are already firm, proceed with the recipe.
6. Remove a few strips of zest from the lemon with a zester or vegetable peeler; mince enough to measure 1 teaspoon.
7. Cut the lemon in half through its equator and section it as you would an orange. Set the zest and lemon sections aside.
8. Place the butter or oil in a large skillet over medium high heat.
9. Place about 2 cups flour in a bag, and, when the butter melts or the oil is hot, put a few chunks of cucumber at a time in the bag.
10. Shake well; add cucumbers to the skillet.
11. Repeat until all the cucumbers are used up.
12. Cook over medium high heat, stirring and turning occasionally, for about 10 minutes, until the exteriors of the cucumbers are crisp and the interiors are tender enough to be easily pierced with a thin-bladed knife.
13. Add the lemon zest and lemon sections, along with salt and pepper, and cook for 1 minute more.
14. Garnish with parsley and serve.",
295.0,Tutti Frutti Trifle,"['grapefruit', 'orange', 'fresh pineapple', 'marshmallows', 'maraschino cherries', 'moist coconut', 'maraschino juice', 'confectioners']","1. Remove segments from membrane of grapefruit and orange; slice pineapple.
2. Cut marshmallows and cherries into eighths.
3. Soak marshmallows and coconut in maraschino juice.
4. Beat egg whites until stiff and fold in sugar.
5. Combine with fruits and coconut marshmallow mixture. Freeze until firm.
6. For an extra taste treat add 1 Tbsp of brandy or some people like to add 1/2 cup of seedless raisins.",
296.0,Creamed Cucumbers,"['salt', 'butter', 'onion', 'pepper', 'sour cream', 'yogurt', 'fresh dill', 'cucumber']","1. Peel the cucumbers if waxed.
2. Cut them in half lengthwise and scoop out the seeds with a spoon.
3. Cut them into 3/4 inch chunks.
4. If the cucumbers are not super-firm, place the chunks in a colander and sprinkle them with 1 tablespoon of salt. Shake to distribute the salt and let them drain for about 20 minutes.
5. Rinse and dry.
6. If the cucumbers are already firm, proceed with the recipe. Place butter in a medium to large skillet over medium heat. When it melts, add the onion and cook, stirring occasionally, until the onion softens, about 5 minutes.
7. Do not let the onion brown.
8. Add the cucumbers and cook, stirring for about 5 minutes, until the cucumbers are just tender.
9. Add pepper and, if you did not salt them earlier, salt. Turn heat to low, then stir in the cream or yogurt and a good handful of dill.
10. Stir until well blended, then serve, garnished with more dill.",
297.0,Virginia Fried Soft Shell Crabs,"['soft shelled crabs', 'milk', 'flour', 'eggs', 'salt']","1. Dress fresh crabs or thaw frozen crabs. Rinse in cold water; drain.
2. Combine eggs, milk, and salt.
3. Combine flour and crumbs.
4. Dip crabs in egg mixture and roll in flour/crumb mixture. For heavier breading, let crabs sit several minutes and repeat dipping/rolling procedure. Additional spices, such as cayenne pepper and garlic, may also be added.
5. Place crabs in a heavy frying pan which contains 1/8 to 1/4 inch of fat, hot but not smoking.
6. Fry at moderate heat. When crabs are brown on one side, turn carefully and brown the other side. Cooking time is approximately 8 to 10 minutes.
7. Drain on absorbent paper.",
298.0,Blue Jimmy Pillows,"['chicken broth', 'worcestershire sauce', 'parsley', 'season salt', 'celery seed', 'tarragon', 'all-purpose flour', 'eggs']","1. In saucepan, combine chicken broth, vegetable oil, Worcestershire sauce, parsley, season salt, celery seed, red pepper, and tarragon.
2. Bring to a boil, incorporate flour until blended.
3. Once flour and ingredients are combined set aside to cool.
4. While that is cooling beat eggs to a fluffy consistency.
5. The reason for letting the flour mixture cool is so that it doesn
6. ,
7. ,","https://img.sndimg.com/food/image/upload/w_555,h_416,c_fit,fl_progressive,q_95/v1/img/recipes/29/8/picQuJ2iT.jpg"
299.0,Apricot Salsa,"['red bell pepper', 'olive oil', 'onion', 'tomatoes', 'apricots', 'dark rum', 'apple cider']","1. Cut a red bell pepper in half; remove seeds; and roast half of it. (Brush with olive oil; put under broiler very close to heat until blackened, about 5 minutes). Chop.
2. Saute onion in about a tablespoon of olive oil until translucent.
3. Add tomato and jalapeno; saute about another 5 minutes, until tomato is cooked.
4. Add apple cider to cover apricots and boil down until cider is almost all boiled off.
5. Add chopped roasted bell pepper; stir.
6. Add dark rum and flambe. (Light and swirl until flame goes out).
7. Serve hot over grilled shark, swordfish, shrimp, or marlin.",
300.0,English Trifle - Guy Attwood,"['sugar', 'cornstarch', 'vanilla', 'nutmeg', 'cream sherry', 'frozen raspberries']","1. This recipe was given to me by my Grandmother who came over to America in 1895 from England. I have altered it slightly. As far as I know it is relatively original, or as original as any type of recipe such as this can be. It is not only addictive and decadent but pretty to look at as well. This is a special occasion dessert.
2. Whisk yolks in a medium saucepan.
3. Gradually add sugar, whisking until mixture is thick and lemon colored, about 1 or 2 minutes.
4. Blend in whole milk, whipping cream and cornstarch; mix.
5. Place over medium low heat and cook, stirring constantly, until mixture thickens, about 3 to 5 minutes. DO NOT BOIL OR MIXTURE WILL SEPARATE.
6. Remove from heat and stir until slightly cooled.
7. Blend in vanilla and nutmeg.
8. Transfer to a bowl; repeat process for the two required for the trifle.
9. ASSEMBLY:
10. Whip the cream as your MaMa or Daddy taught you to do.
11. In your prettiest large crystal bowl (salad bowl size) place a little less than half the whipped cream around the bottom and half way up the sides.
12. Break 1/2 of the cakes into bite sized pieces and drop randomly all over the cream.
13. Drizzle sherry over all.
14. Drop dollops of jam and slightly less than half of the drained raspberries over the cake.
15. Drizzle 1/2 of the thick but liquid custard over all.
16. Repeat for the next layer, reserving some raspberries for the top.
17. (Try to plan to end with a layer of jam and raspberries as the top of the Trifle.)
18. Finally, completely cover the top with the remaining whipped cream.
19. Drizzle a little chocolate on top in any pattern you think looks good.
20. Add a few raspberries and stand back to receive raves.
21. To serve, merely scoop down and place on a pretty plate.
22. NOTE: Make about 4 hours before serving. Cover with plastic wrap and refrigerate.",
301.0,Rote Gr&uuml;tze,"['raspberries', 'strawberries', 'dark sweet red cherries', 'dark sweet cherries', 'cranberry juice', 'sugar', 'lemon zest', 'lemon juice', 'cornstarch', 'dry red wine', 'heavy cream']","1. FOR DESSERT:
2. Combine raspberry juice, pureed strawberries and cherry juice in 1 quart measure.
3. Add enough grape juice to total 1 quart.
4. Pour mixture into heavy saucepan (NOT ALUMINUM).
5. Add 2 more cups grape juice.
6. Stir in sugar, lemon zest, lemon juice.
7. Bring to a boil, uncovered, over medium heat stirring often.
8. Combine cornstarch with wine in separate bowl to make a thin, smooth paste.
9. As soon as mixture boils, add corn starch paste, whisking vigorously.
10. Immediately reduce heat to low; cook and stir for 3 minutes until mixture boils again, thickens, and starch taste is gone.
11. Stir in raspberries and cherries gently.
12. Heat and stir 1 minute more.
13. Remove from heat and stir 1 minute more.
14. Cool mixture to room temperature.
15. Chill for 24 hours.
16. FOR TOPPING:
17. Shortly before serving, beat heavy cream with vanilla sugar until slightly thickened, but still thin enough to pour.
18. Spoon Rote Grutze into stemmed goblets and top each with a generous ladle of whipped cream and serve.",
302.0,Twice Baked Ham and Cheese Potatoes,"['potatoes', 'cheddar cheese', 'milk', 'ham', 'sour cream', 'pepper', 'butter', 'paprika', 'parsley flakes']","1. Bake potatoes at 400 degrees Fahrenheit for 1 hour until soft.
2. Slice potatoes in half lengthwise.
3. Scoop out insides, leaving a firm shell.
4. Place potato pulp, cheddar cheese, milk, ham, sour cream, onion salt, pepper, and butter in a mixing bowl.
5. Beat at high speed until smooth.
6. Fill potato shells with mixture.
7. Bake at 350 degrees Fahrenheit for 20 to 30 minutes.
8. Garnish with paprika or parsley.",
303.0,Rock Candy,"['water', 'sugar']","1. * Candy flavoring is carried by a lot of grocery stores, near the baking aisle with candy-making and cake decorating supplies.
2. Bring the water to a boil in the saucepan.
3. Remove from heat; add 3 cups of sugar, stirring until dissolved.
4. Slowly add the remaining sugar, reheating the water if necessary.
5. When all the sugar is dissolved, pour the mixture into 3 heat proof jars or glasses.
6. Stir 3 drops of liquid food coloring and 1/2 teaspooon candy flavoring into each jar.
7. Tie each length of string around a pencil.
8. Lay one string on top of each jar so the strings hang down into the liquid.
9. Crystals will begin to form in 1 hour, and continue to solidify for several days.
10. If a layer forms on the surface of the jar, break it.
11. When liquid completely evaporates, candy is ready.",
304.0,Twice-Baked Sweet Potatoes,"['head of garlic', 'sweet potatoes', 'sour cream', 'salt', 'pepper']","1. Remove outer covering from garlic but don
2. ,
3. ,
4. ,
5. ,
6. ,
7. ,
8. ,
9. ,",
306.0,Rock Candy II,"['water', 'sugar']","1. Tie a short piece of cotton string to the middle of the pencil or stick.
2. Attach a paper clip to the other end of the string for weight. Moisten the string very lightly, and roll in a bit of sugar (this will help \
3. the sugar crystals from the syrup to the string) Place the pencil or stick over the top of the glass or jar with the string hanging down inside. Heat the water to boiling, and dissolve 2 cups of sugar in it. For the biggest crystals FAST, heat the sugar water solution a second time, and dissolve as much additional sugar into it as possible. Add a few drops of food coloring to the solution if desired.
4. Pour the solution into the prepared glass or jar and leave undisturbed for a couple days.
5. Depending on how much sugar you were able to dissolve in the water, you should start seeing crystals growing in a few hours to a few days.",
308.0,Curry Curlies,"['puff pastry sheets', 'butter', 'curry powder']","1. Cut pastry into 1 cm strips.
2. Brush both sides of the strips with combined melted butter and curry powder.
3. Lightly press finely crushed potato chips on both sides; twist to curl.
4. Place on lightly greased oven trays.
5. Bake in moderately hot oven 8 minutes or until golden.
6. Cool on wire rack.",
309.0,Florentiner,"['butter', 'sugar', 'flour', 'water']","1. Preheat oven to 350 degrees Fahrenheit.
2. In saucepan, combine whipping cream, butter and sugar.
3. Bring to a boil, stirring constantly.
4. Remove from heat.
5. Add candied fruit, candied orange, almond slivers, ground almonds, and flour, one after the other to cream, mixing well.
6. Drop by teaspoonfuls onto greased cookie sheet, leaving several inches space in between.
7. With fork, dipped in water, press dough to approx 5 cm (2 inches diameter) rounds.
8. Bake 5 to 6 minutes.
9. Carefully remove and cool on rack.
10. In the meantime, for the glaze, melt the grated chocolate with water in double boiler or in microwave.
11. After cookies have cooled, brush glaze onto smooth bottom side of cookies.
12. Before glaze hardens, make a pattern by moving a fork across glaze.
13. Die Florentiner im 180 oC heissen Ofen 5 bis 6 Minuten backen.
14. Mit einem Spatel vom Blech loesen und auf einem Kuchengitter abkuehlen lassen.
15. Inzwischen die feingeriebene Zartbitterschokolade mit dem Wasser vermischen und im heissen Wasserbad schmelzen.",
310.0,Homemade Butter,['heavy cream'],"1. Place the bowl and blade of a food processor into the freezer to chill for 4 to 5 hours.
2. Refit the bowl and blade, turn on the food processor, and pour the cream through the feed tube. Continue to process for about 10 minutes, until the Butter has hardened around the blade, leaving the liquid that has separated from the cream in the bottom of the bowl.
3. Transfer the Butter to a fine sieve and shake 2 or 3 times over the sink to allow any excess liquid to drain.
4. Put the butter in a bowl, cover, and chill for at least 1 hour before using.
5. Store it in the refrigerator, where it has a shelf life of about 1 week.
6. While holding the ruler, grab the end of the top layer of wax paper and slowly pull it toward you; this will form the Butter into the shape of a log.
7. Roll the paper around the log and chill.
8. Serve whole or cut off medallions as needed.","https://img.sndimg.com/food/image/upload/w_555,h_416,c_fit,fl_progressive,q_95/v1/img/recipes/31/0/picinxOPY.jpg"
311.0,Homemade Butter II,"['heavy whipping cream', 'water']","1. Fit the steel knife blade into the work bowl of your food processor.
2. Process cream until whipped, about 30 seconds.
3. Add water and ice cubes.
4. Process 2-3 minutes until butter has formed and separated from the liquid.
5. No harm will be done if you overwhip this mixture. Pour butter and liquid into a fine strainer.
6. With a rubber spatula, gently press butter against sieve to remove excess moisture. DO NOT press too hard or butter will go through strainer.
7. Refrigerate butter in a covered container.
8. This makes 1/3 cup butter.
9. If you prefer salted butter, add 1/8 teaspoon or less of salt to cream before processing.","https://img.sndimg.com/food/image/upload/w_555,h_416,c_fit,fl_progressive,q_95/v1/img/recipes/31/1/pic6Vdvil.jpg"
312.0,Florentines,"['all-purpose flour', 'baking soda', 'salt', 'butter', 'margarine', 'brown sugar', 'light corn syrup', 'egg', 'coconut', 'vanilla extract', 'butter', 'margarine']","1. Mix flour, baking soda and salt.
2. Cream 1/4 cup butter or margarine.
3. Gradually add brown sugar and beat until light and fluffy.
4. Add corn syrup and egg.
5. Blend well.
6. Stir in flour mixture, coconut and vanilla.
7. Drop by half teaspoonfuls onto greased baking sheets, leaving 2 inches between.
8. Bake at 350 degrees Fahrenheit (180 degrees Celsius) about 10 minutes.
9. Cool on baking sheets for 1 minute.
10. Remove quickly and finish cooling on racks. (If wafer hardens, return briefly to oven).
11. Melt chocolate and 1 tablespoon butter in pan over very low heat, stirring constantly until smooth.
12. Drizzle chocolate over cookies.",
313.0,How to Make Yeast,"['water', 'sugar']","1. To the siftings or bran, add the water boiled and strained, then throw in the hops and sugar.
2. When cool set it working, and bottle it.
3. from THE TRADITION OF AUSTRALIAN COOKING by ANN GOLLAN typed by KEVIN JCJD SYMONS MMMMM MMMMM----- Recipe via Meal-Master (tm) v8.05.",
314.0,Thai Citrus Chicken Salad,"['garlic clove', 'light soy sauce', 'oranges', 'lime', 'brown sugar', 'chinese cabbage', 'bean sprouts', 'red onion', 'orange', 'fresh cilantro', 'fresh cilantro']","1. DRESSING:
2. Combine the ginger, garlic, soy sauce, rice wine vinegar, orange juice, lime juice, and brown sugar together.
3. Add salt and freshly ground pepper and taste for seasoning.
4. Refrigerate 1 hour to allow flavors to infuse.
5. SALAD:
6. Combine the Chinese Cabbage, bean sprouts, sliced red onion and orange segments. (I like to drop everything in a large zip-lock bag).
7. Toss with half of the dressing. (Again, if you use a zip-lock bag you can easily pour in half of the dressing, seal and fumble to mix dressing in with salad; place in the refrigerator until ready to use.).
8. Add the sliced chicken to a frying pan and brown lightly with a small amount of olive oil.
9. Add the remainder of the citrus dressing; bring to a boil; reduce for 30 seconds to allow mixture to thicken slightly.
10. Place Chinese cabbage mixture on two dinner plates.
11. Arrange sliced chicken on top and pour over the remaining sauce.
12. Top with freshly chopped cilantro.","https://img.sndimg.com/food/image/upload/w_555,h_416,c_fit,fl_progressive,q_95/v1/img/recipes/31/4/picl6Emxi.jpg"
315.0,Chutney Ham Salad,"['pineapple chunks', 'ham', 'cheddar cheese', 'sour cream', 'chutney']","1. Drain pineapple, reserving 2 tablespoons juice.
2. Arrange pineapple, ham and cheese onto each of four salad plates lined with crisp salad greens.
3. For dressing, combine sour cream, reserved pineapple juice and chutney.
4. Spoon dressing over each salad to serve.",
316.0,Dolmades with Yogurt-Mint Sauce,"['olive oil', 'olive oil', 'onion', 'garlic', 'long grain white rice', 'cumin', 'canned chicken broth', 'currants', 'pine nuts', 'fresh parsley', 'of fresh mint', 'grape leaves', 'plain yogurt', 'of fresh mint', 'garlic', 'lemon wedge']","1. FOR GRAPE LEAVES:
2. Heat 1/4 cup oil in heavy medium saucepan over medium low heat. Add onion and garlic. Saute until very tender, about 10 minutes.
3. Add rice and cumin and stir 1 minute. Add 2 cups broth and currants.
4. Cover and simmer until rice is tender and liquid is absorbed, about 20 minutes.
5. Transfer to bowl.
6. Mix in nuts, parsley and mint. Season with salt and pepper.
7. Cool completely.
8. (Can be made I day ahead. Cover; chill.)
9. Place grape leaves in bowl.
10. Cover with cold water and let stand 30 minutes.
11. Drain.
12. (Cut off stems.
13. Arrange 1 leaf veined side up on work surface. Place 1 rounded Tbsp of rice filling on stem end, leaving 1/2-inch border.
14. Fold 2 short sides over rice, then roll up starting at stem end.
15. Repeat with remaining leaves and filling.
16. Place seam in side down in 2 heavy 12-inch skillets.
17. Divide remaining 3 Tbsp oil and 2 cups broth between skillets.
18. Cover; simmer over medium-low heat until liquid is absorbed, about 30 minutes.
19. Uncover and let rolls cool.
20. Transfer to platter.
21. Cover and chill.
22. (Can be made 1 day ahead.) FOR SAUCE: Combine yogurt, mint, and garlic in small bowl.
23. Season to taste with salt and pepper.
24. Place grape leaf rolls on platter and garnish with lemon.
25. Serve with sauce. These rice-filled grape leaves are a classic Greek appetizer.",
317.0,Grand Marnier Cake II,"['butter', 'sugar', 'eggs', 'flour', 'baking powder', 'baking soda', 'sour cream', 'orange, zest of', 'grand marnier', 'sugar']","1. Cream butter and sugar.
2. Beat in egg yolks.
3. Add flour, baking powder and baking soda alternately with sour cream, beating until smooth.
4. Stir in orange rind and chopped almonds.
5. Fold in stiffly beaten egg whites.
6. Pour into buttered 9-inch tube pan.
7. Bake in moderate 350 degree Fahrenheit oven about 50 minutes.
8. Mix orange juice, Grand Marnier, and sugar together; spoon over hot cake in pan.
9. Decorate top with almonds.
10. Cool before removing from pan.",
318.0,French Pecan Pie II,"['vanilla', 'graham cracker crumbs', 'sugar', 'pecans', 'baking powder']","1. Mix egg whites and vanilla.
2. Add graham cracker crumbs, sugar, pecans, and baking powder.
3. Gentleness not obligatory; just stir it all up and pour into a well buttered pie pan.
4. Bake at 350 degrees Fahrenheit for 25 to 30 minutes.
5. Do not overcook.
6. Allow to cool.
7. Top with whipped cream and refrigerate until ready to serve.
8. Pie (without cream) freezes well.",
319.0,Fish Chowder,"['cod fish fillet', 'margarine', 'onion', 'celery', 'raw potatoes', 'carrot', 'boiling water', 'salt', 'pepper', 'milk']","1. Cut cod fillets into bite sized pieces.
2. Melt margarine in large saucepan Cook onion and celery until onion is tender and translucent. Add potatoes, carrots, water, salt and pepper.
3. Cover and simmer 10 to 15 minutes until vegetables are tender.
4. Add fish and cook 10 minutes longer.
5. Add milk.
6. Reheat, but do not boil.
7. Serves 4.
8. Serve hot, with freshly baked home made bread or rolls and butter.","https://img.sndimg.com/food/image/upload/w_555,h_416,c_fit,fl_progressive,q_95/v1/img/recipes/31/9/2ym1pt8Rme5VZDRZVF9G_chowder.JPG"
320.0,Drunken Chicken,"['whole chicken', 'low sodium chicken broth', 'ginger', 'soy sauce', 'scallions']","1. Put chicken in a medium-size pot, large enough to hold it and have it submerged in the cooking liquids.
2. Add chicken broth, ginger, soy sauce, scallions and whiskey and bring it to a simmer.
3. Simmer, covered for 45 minutes.
4. Then turn off the heat and leave the lid on the pot--do not remove cover.
5. Allow chicken to sit for another 30 minutes or so.
6. Then remove chicken, rub lightly with sesame oil and serve.",
321.0,Drunken Chicken II,"['water', 'chicken breast', 'ginger', 'scallion', 'salt', 'sherry wine', 'cilantro']","1. Bring water to boil, then add chicken breast, ginger, scallion and salt. Boil 15 minutes.
2. Remove to bowl.
3. Debone chicken while warm.
4. Remove ginger and scallion and discard.
5. Place chicken and its stock in container.
6. Add sherry.
7. Cover and refrigerate 1-5 days.
8. When ready to serve, cut chicken into 1-inch pieces.
9. Arrange on platter.
10. Pour jellied liquid over chicken and decorate with cilantro.
11. Serve cold.",
322.0,Curry Chicken,"['chicken wings', 'curry powder', 'seasoning salt', 'black pepper', 'onion', 'green pepper']","1. Season wings to taste, using curry powder generously.
2. Cut potatoes into bite size cubes.
3. Saute chicken wings, onion, green pepper and potatoes in oil until brown.
4. Add 1/2 to 3/4 cup water.
5. Simmer until juices thicken and chicken is tender.","https://img.sndimg.com/food/image/upload/w_555,h_416,c_fit,fl_progressive,q_95/v1/img/recipes/32/2/picQpUTFW.jpg"
323.0,Curried Chicken,"['chicken', 'salt', 'curry powder', 'onion', 'rosemary', 'garlic', 'thyme', 'water']","1. Season chicken with salt, curry powder, onions, rosemary, garlic, pepper and thyme.
2. Marinate for 2 hours, or in refrigerator overnight.
3. In a heavy skillet, brown the chicken pieces lightly in oil for approximately 20 minutes.
4. Check constantly to make sure nothing sticks.
5. Add water and simmer for another 20 minutes until tender.
6. Serve over white rice. (Serves 4).",
324.0,Cheesy Stuffed Acorn Squash,"['acorn squash', 'butter', 'onions', 'broccoli floret', 'mushroom', 'celery', 'walnuts', 'brown sugar', 'soy sauce', 'fresh basil', 'muenster cheese']","1. Heat oven to 400°F.
2. Cut squash in half and remove the seeds.
3. Rub the cut flesh with salt and place flesh side down in a baking dish and bake for about 35 minutes.
4. While the squash is baking, sauté onion in butter until clear and add chopped broccoli florets, mushrooms and celery.
5. Sauté about 4 minutes.
6. Stir in walnuts and fresh basil, then sprinkle with brown sugar and soy sauce, adjust seasoning to taste. Toss to mix well.
7. Check baking squash with a fork to see if it glides through the flesh.
8. Stuff with vegetable mixture, top with equal amounts of grated cheese and return to oven for about 5 minutes.
9. NOTES : Baked acorn squash halves stuffed with sautéed broccoli, cheese and walnuts.","https://img.sndimg.com/food/image/upload/w_555,h_416,c_fit,fl_progressive,q_95/v1/img/recipes/32/4/pickoJlvD.jpg"
325.0,"Acorn, Butternut Squash and Parsnips Gratin","['fresh parsley', 'salt', 'dried oregano', 'dried thyme', 'pepper', 'acorn squash', 'parsnips', 'olive oil', 'olive oil-flavored vegetable cooking spray', 'reduced-fat sharp cheddar cheese', 'oregano sprig']","1. Combine breadcrumbs, parsley, salt, oregano, thyme and pepper in a large bowl; stir well.
2. Add acorn squash, butternut squash, parsnips, and olive oil, tossing to coat.
3. Spoon squash mixture into a 2 quart casserole coated with cooking spray.
4. Cover and bake at 325 degrees Fahrenheit for 1-1/2 hours.
5. Sprinkle with cheese.
6. Bake, uncovered, an additional 15 minutes.
7. Garnish with oregano, if desired.
8. NOTES : Use any combination of winter squash to equal 6 cups, if desired.",
327.0,Chicken Caesar Wraps,"['olive oil', 'lemon pepper', 'garlic', 'skinless chicken breast half', 'sour cream', 'milk', 'parmesan cheese', 'pepper', 'garlic', 'flour tortilla', 'romaine lettuce']","1. In a large self-closing plastic bag combine olive oil, lemon pepper, garlic, and Italian seasoning.
2. Add chicken to bag and seal tightly.
3. Turn bag gently to distribute marinade. Refrigerate 15 minutes.
4. Preheat grill to medium heat.
5. Remove the chicken from the marinade and arrange on the grill rack.
6. Grill 10 to 14 minutes, turning occasionally.
7. Remove chicken and cut into strips.
8. In a small bowl combine sour cream, milk, parmesan cheese, Italian seasoning, pepper and garlic for the dressing.
9. Place Romaine lettuce and sliced chicken in a warmed tortilla.
10. Top with dressing.
11. Fold tortilla.
12. NOTES : I slice chicken and then place in marinade. I also cook on the stovetop.",
328.0,Spicy Acorn Squash Soup,"['low sodium chicken broth', 'onions', 'acorn squash', 'salt', 'water', 'long-grain rice', 'chunky peanut butter', 'fresh parsley']","1. Place 1/4 cup chicken broth in a large saucepan; bring to a boil.
2. Add onion and crushed red pepper; cook 5 minutes or until tender.
3. Add remaining 2-3/4 cups broth, squash, salt, and water; bring to a boil.
4. Cover, reduce heat, and simmer for 20 minutes.
5. Add rice; cover and simmer 20 minutes or until squash and rice are tender.
6. Place peanut butter and half of soup in a blender; cover and process until smooth.
7. Pour puree into a bowl.
8. Repeat with remaining soup, and add to bowl, stirring well.",
329.0,Ken's White Chili,"['great northern bean', 'fat-free chicken broth', 'onions', 'garlic cloves', 'boneless skinless chicken breasts', 'cumin', 'oregano', 'cayenne pepper', 'lemon juice', 'green chilies', 'monterey jack cheese']","1. Soak beans overnight.
2. Combine beans, chicken broth, onions and garlic in large pot.
3. Cook (boil, then simmer) for 1 to 2 hours until beans are done. (Do not stir too much or the beans will fall apart).
4. When beans are done, add chicken, cumin, oregano, cayenne pepper, salt and pepper, lemon juice, and chilies.
5. Simmer for approximately 1 hour.
6. Add grated cheese last. Simmer until cheese is melted; stir or cheese will sink to the bottom and scorch.
7. NOTES.
8. Cooking times are approximate. Basically cook until the beans are done and spices have \
9. then cook until cheese melts.
10. Sometimes not all of the chicken broth is necessary.
11. You don
12. ,
13. ,",
330.0,White Chili,"['boneless skinless chicken breast halves', 'great northern beans', 'fat-free chicken broth', 'cumin', 'salsa', 'monterey jack cheese']","1. Brown chicken breast pieces in a little oil or Pam.
2. Add beans, salsa, cumin and a little chicken broth and simmer for 30 minutes.
3. Add cheese and simmer until completely melted.
4. Add chicken broth as needed to thicken to desired consistency.",
332.0,Light Easy Crisp,"['cinnamon', 'fresh blueberries', 'frozen blueberries', 'all-purpose flour', 'rolled oats', 'brown sugar', 'butter']","1. Preheat oven to 350F.
2. Peel and core apples, if using.
3. Cut peaches or apples into 1/2-inch wedges and place in a bowl.
4. Sprinkle with cinnamon and toss until evenly coated.
5. If using peaches, mix in berries.
6. (Blueberries will turn the apples gray.) Press down firmly in a 9-inch pie plate. In a medium-sized bowl, stir flour with rolled oats and brown sugar.Slowly add butter, working in with a fork.
7. Carefully mound on top of fruit and gently press into surface. Bake in centre of preheated oven for 60-70 minutes or until fruit is tender when pierced with a skewer.
8. This crisp is wonderful served warm with ice cream or yoghurt cheese",
333.0,Giant Baked Hero,"['olive oil', 'garlic cloves', 'garlic cloves', 'dry basil leaves', 'dry oregano leaves', 'dry thyme leaves', 'ham', 'fontina', 'monterey jack cheese', 'onion', 'olive oil']","1. Pat loaves together.
2. On a lightly floured board, roll dough into a 12\
3. rectangle.
4. Garlic Oil: Combine 3 tablespoons olive oil with 2 cloves garlic, minced or pressed and 1/2 teaspoon each dry basil leaves, dry oregano leaves and dry thyme leaves. Brush surface with 2 tablespoons garlic oil.
5. Cover half dough lengthwise with overlapping layers of salami, ham, coppa, cheese, onions and peppers.
6. Lift plain half of dough over filling (if dough sticks, loosen with a spatula). Press edges firmly together to seal.
7. Using 2 wide spatulas, transfer packet to an oiled 12\
8. baking sheet; tuck ends of dough under.
9. Brush with remaining oil.
10. Let rise in a warm place until puffy, about 20 minutes.
11. Bake at 400 degrees Fahrenheit until richly browned, 15 to 20 minutes.
12. Cut sandwich lengthwise in half then crosswise into 3\
13. ,
14. frying pan over medium high heat, combine 1 tablespoon olive oil, 2 tablespoons balsamic or red wine vinegar and 1 large onion, sliced. Stir often, until onion begins to brown, 8 to 10 minutes; set aside.",
334.0,Brown Sugar Shortbread,"['butter', 'brown sugar', 'flour']","1. In a mixing bowl, cream butter and brown sugar.
2. Gradually stir in the flour.
3. Turn onto a lightly floured surface and knead until smooth, about 3 minutes.
4. Pat into a 1/3\
5. x8\
6. ,
7. x1\
8. ,
9. apart on ungreased cookie sheets.
10. Prick with a fork.
11. Bake at 300 degrees Fahrenheit for 25 minutes or until bottom begins to brown.
12. Cool for 5 minutes.
13. Remove to a wire rack to cool completely.","https://img.sndimg.com/food/image/upload/w_555,h_416,c_fit,fl_progressive,q_95/v1/img/recipes/33/4/picgJ33Es.jpg"
335.0,Pork Sate With Peanut Dipping Sauce,"['fresh lemongrass', 'fresh lime juice', 'dark brown sugar', 'soy sauce', 'garlic cloves', 'fresh lemongrass', 'chicken broth', 'creamy peanut butter', 'onion', 'jalapeno chile', 'green onion top']","1. Mix 1 Tbsp lemon grass, 1 Tbsp lime juice, 1 Tbsp dark brown sugar, soy sauce, and garlic in large bowl.
2. Add pork; toss to coat with marinade.
3. NOTE: Pork tenderloins should be trimmed, cut into 3-inch long, 1/2-inch wide, 1/4-inch-thick slices.
4. Let stand 30 minutes to 1 hour.
5. Meanwhile, mix remaining 1/3 cup lemon grass, remaining 2 Tbsp lime juice, remaining 1 Tbsp sugar, 1 cup chicken broth, peanut butter, onion, coriander and jalapeno in heavy medium saucepan.
6. Bring to boil, whisking frequently.
7. Transfer mixture to blender and puree.
8. Strain into heavy small saucepan, pressing on solids with back of spoon; discard solids.
9. Simmer until reduced to thick sauce consistency, stirring frequently, about 6 minutes. (Can be prepared 1 day ahead. Cover and refrigerate. Reheat before using, thinning with more chicken broth if necessary.)
10. Preheat broiler.
11. Thread 3 pork strips on each skewer.
12. Broil until cooked through, about 3 minutes per side.
13. Pour sauce into bowl; set in center of platter.
14. Sprinkle with green onion.
15. Surround with pork skewers and serve.
16. Serves 6 as an appetizer.",
336.0,Eight Layer Shortbread Slices,"['flour', 'cornstarch', 'butter', 'margarine', 'confectioners', ',']","1. Sift together flour and cornstarch onto a sheet of waxed paper. Set aside.
2. Beat butter and confectioners
3. ,
4. ,
5. ,
6. ,
7. ,
8. ,
9. ,
10. square.
11. Push sides in to make absolutely even, using ruler or long-bladed knife.
12. If dough becomes too soft or sticky, refrigerate on cookie sheet.
13. Remove top sheet of wax paper from nonchocolate dough; brush top with egg white.
14. Remove paper from top of chocolate dough; invert onto nonchocolate dough, matching sides up exactly.
15. Peel off remaining sheet of wax paper.
16. Cut into 4 equal strips, each 10 x 2 1/3\
17. ,
18. ,
19. ,
20. ,
21. ,
22. ,
23. ,
24. thick.
25. Place slices on cookie sheets 1\
26. ,
27. ,
28. ,",
337.0,Oktoberfest Spinach Strudel,"['onion', 'parsley', 'frozen spinach', 'fat free parmesan', 'nutmeg', 'black pepper', 'phyllo dough', 'skim milk']","1. Simmer onion and parsley in stock until tender; set aside.
2. Cook spinach according to package directions. Drain, squeezing out excess liquid.
3. Add onion mixture, bread crumbs, egg white, Parmesan, nutmeg and pepper; mix well.
4. Place two phyllo sheets on a damp towel on work surface.
5. Work quickly so that phyllo does not dry out.
6. Spread half of spinach mixture along (about 1-inch inside) narrow edge of phyllo and roll up jelly-roll-style.
7. Brush top and sides with skim milk.
8. With sharp knife, cut several slits on top to vent steam.
9. Place on baking sheet prepared with nonstick spray.
10. Cover with another damp towel while repeating process with last two phyllo sheets and remaining spinach mixture.
11. Bake at 400 degrees Fahrenheit for 25 to 30 minutes until golden brown.
12. Cut each roll into six pieces.","https://img.sndimg.com/food/image/upload/w_555,h_416,c_fit,fl_progressive,q_95/v1/img/recipes/33/7/pictaFl4O.jpg"
338.0,Thai Fish Curry,"['onion', 'fresh cilantro stems', 'fresh lemongrass', 'turmeric', 'fresh ginger', 'cumin', 'garlic cloves', 'sea bass fillet', 'canned unsweetened coconut milk', 'bottled clam juice', 'fresh cilantro', 'rice']","1. Blend onion, cilantro, lemongrass, turmeric, ginger, cumin, garlic, and dried red peppers in a food processor to dry paste, stopping frequently to scrape down sides of work bowl. (Paste can be prepared 3 days ahead. Cover and chill.)
2. Heat vegetable oil in a medium non-stick skillet over medium-high heat.
3. Add 2 rounded tablespoons spice paste; stir 1 minute.
4. Add fish and cook 2 minutes, turning occasionally with tongs.
5. Add coconut milk and clam juice; simmer until fish is cooked through, turning occasionally, about 6 minutes.
6. Transfer fish to plate.
7. Boil liquid until reduced to thick sauce, about 8 minutes.
8. Season with salt.
9. Return fish to sauce and heat through.
10. Sprinkle with cilantro.
11. Serve over rice.
12. The mild spice paste is also great used as a base for chicken and shrimp curries.",
339.0,Spinach Phyllo Casserole,"['onion', 'chicken broth', 'all-purpose flour', 'skim milk', 'low-fat cheddar cheese', 'fresh spinach', 'frozen spinach', 'phyllo pastry', 'olive oil']","1. Preheat oven to 375 F (190 C). Saute onions in chicken broth until broth has evaporated.
2. Stir flour into milk until dissolved.
3. Add to onions and stir constantly over medium heat until thickened.
4. Blend in cheese until melted.
5. Remove from heat and stir in spinach.
6. Beat 6 egg whites until frothy and blend into cheese mixture. Pour into a deep casserole dish brushed with olive oil.
7. Whisk together remaining egg white and the olive oil.
8. Blend well.
9. Cut sheets of phyllo pastry in half.
10. Top the casserole with one piece of phyllo pastry.
11. Brush with egg white mixture. Continue layering phyllo sheets, brushing each with the mixture. Bake for 35 to 45 minutes.","https://img.sndimg.com/food/image/upload/w_555,h_416,c_fit,fl_progressive,q_95/v1/img/recipes/33/9/pic9tB1YH.jpg"
340.0,Mango Salsa,"['serrano chili', 'mango', 'tamarind pulp', 'garlic', 'fresh cilantro', 'raw red bell pepper']","1. mix together all ingredients in a bowl, makes about 2 cups
2. From: Salsa by Reed Hearon","https://img.sndimg.com/food/image/upload/w_555,h_416,c_fit,fl_progressive,q_95/v1/img/recipes/34/0/picqV53Ua.jpg"
341.0,Grilled Pineapple Salsa,"['fresh pineapple', 'anaheim chilies', 'jalapeno chile', 'olive oil']","1. In a bowl, toss pineapple, anaheim and jalapeno chilies, and onion slices together in the olive oil.
2. Grill until soft and browned, about 10 minutes.
3. Pull tops off chiles.
4. Puree all ingredients in a food processor or blender.",
342.0,Country Fried Yellow Squash,"['butter', 'onions', 'salt', 'water', 'sugar']","1. Wash tender yellow squash; remove stem and blossom ends.
2. Cut into 1/2-inch rounds.
3. Place squash, butter, onions and salt into heavy skillet.
4. Add water.
5. Cover and cook on medium low heat until water is absorbed and squash is tender.
6. Lightly mash with a fork.
7. Add sugar and cream.
8. Let it cook slowly until mixture is fairly dry and flavors develop, being careful not to let it scorch.",
343.0,Tangy Marinated Yellow Squash (No Cooking),"['green onion', 'green pepper', 'celery', 'wine vinegar', 'sugar', 'salt', 'pepper', 'cider vinegar', 'garlic clove']","1. Toss yellow squash, green onion, green pepper, and celery together.
2. Mix the marinade ingredients together.
3. Pour marinade over squash mixture.
4. Refrigerate for at least 12 hours.",
344.0,Secret Salsa,"['whole tomatoes', 'tomato sauce', 'cumin powder', 'whole cumin seed', 'chili powder', 'msg', 'onion']","1. Get out the blender.
2. assemble the ingredients: At this point you should barely have enough room to put the lid on the blender.
3. Now the trick is to turn the blender on and off quickly on \
4. speed if you have one with variable speeds.
5. That is real slow.
6. Best if you got one with a pulse button.
7. This is one ya really don
8. ,
9. ,
10. ,
11. ,
12. ,
13. ,
14. ,
15. ll keep a week or so in the icebox, most likely won
16. ,
17. ,
18. BALL\",
345.0,Mashed Sweet Potato Pie,"['sweet potatoes', 'eggs', 'sugar', 'salt', 'ginger', 'nutmeg', 'vanilla', 'evaporated milk', 'butter']","1. Bake sweet potatoes until tender; peel and mash. Make sure all lumps are removed, straining if necessary.
2. Mix mashed sweet potatoes, eggs, sugar, salt, ginger, nutmeg, vanilla, cream or evaporated milk and melted butter together.
3. Pour into unbaked pie shell.
4. Bake at 400 degrees Fahrenheit for 50 minutes or until knife inserted one inch from edges of pie comes out clean.","https://img.sndimg.com/food/image/upload/w_555,h_416,c_fit,fl_progressive,q_95/v1/img/recipes/34/5/piczgHYHj.jpg"
346.0,Potatoes Tapas in Garlic Mayonnaise (Potatoes Aioli),"['salad potatoes', 'mayonnaise', 'garlic cloves', 'parsley', 'salt']","1. Boil potatoes in salt water until tender; peel and cut into 3/4 inch chunks.
2. In a bowl, combine mayonnaise, garlic, and parsley. (Mayonnaise should be a little thin, dilute with lemon juice or soft vinegar if necessary.).
3. Fold the potatoes into the sauce gently, season with salt to taste, serve at room temperature.","https://img.sndimg.com/food/image/upload/w_555,h_416,c_fit,fl_progressive,q_95/v1/img/recipes/34/6/picMPKws7.jpg"
347.0,Roasted Tomato and Mint Salsa,"['roma tomatoes', 'garlic clove', 'lime juice', 'extra virgin olive oil', 'cilantro', 'spearmint', 'lime zest', 'orange zest', 'salt']","1. With a comal or black iron skillet over medium-high heat, cook the tomatoes until blackened all over.
2. While still warm, pulse tomatoes with the garlic in a food processor until roughly chopped.
3. Cool to room temperature.
4. Add lime juice, olive oil, peppers, cilantro, spearmint, lime zest, orange zest, and salt.
5. Mix together and let stand at least 30 minutes before using.
6. Mark Miller writes: \
7. .",
349.0,Raspberry Tapioca With Vanilla Sauce,"['frozen raspberries', 'granulated sugar', 'lemon, rind of', 'water', 'port wine', 'quick-cooking tapioca', 'cornstarch', 'water', 'vanilla flavoring', 'salt', 'milk', 'water']","1. In a medium-size saucepan combine raspberries, sugar, lemon peel and water.
2. Bring to a boil while stirring.
3. Simmer for about 10 minutes.
4. Stir in tapioca, bring back to boiling, reduce heat, cook stirring constantly until mixture becomes thick and translucent. Pour into a glass mold or individual dessert dishes.
5. Refrigerate until chilled (about 2 hours). Serve with vanilla sauce or whipped cream.
6. Vanilla Sauce: Mix the cornstarch with the water, add sugar, vanilla flavor and salt.
7. In medium sized saucepan boil the milk, take saucepan off the heat.
8. Add cornstarch mixture, stirring constantly.
9. Return to heat, stir in the egg yolk/water, and cook on low heat, stirring constantly, until sauce thickens.
10. Serve cold.",
350.0,Spaetzle - Basic Recipe - Art Culinaire Issue,"['eggs', 'flour', 'milk', 'salt', 'baking powder']","1. Bring a saucepan of salted water it a boil, reduce the heat, and maintain a simmer.
2. In a bowl, stir all the ingredients together.
3. Place a colander over the pan, pour about 1/4 of the batter into the colander, and press through the holes with a plastic spatula into the hot water.
4. When the spaetzle starts to float to the surface, cover the pan and keep covered until the spaetzle appears to swell and is fluffy.
5. Remove the dumplings and repeat the procedure with the remaining batter.",
351.0,Home-Style Meatballs (Albondigas Caseras),"['beef', 'pork', 'garlic cloves', 'eggs', 'nutmeg', 'salt', 'pepper', 'flour', 'olive oil', 'onion', 'green pepper', 'tomatoes', 'dry white wine', 'chicken broth', 'salt', 'pepper']","1. In a bowl, combine the beef, veal, and pork with bread crumbs, 4 cloves of garlic, the eggs, nutmeg, salt, and pepper.
2. Form into cocktail-size meatballs. Dust with flour.
3. Saute the meatballs in a casserole with olive oil until well browned on all sides.
4. Add onion, remaining clove of garlic, and green pepper.
5. Cook until onion is wilted.
6. Add the tomato, wine, broth, salt and pepper.
7. Cover and simmer for 45 minutes.","https://img.sndimg.com/food/image/upload/w_555,h_416,c_fit,fl_progressive,q_95/v1/img/recipes/35/1/picaC0QKB.jpg"
352.0,Banana Orange Ice Cream,"['bananas', 'fresh lemon juice', 'salt', 'sugar', 'confectioners', ',']","1. Peel and mash bananas.
2. Combine with lemon juice, salt, sugar and fresh orange juice.
3. Fold confectioners
4. ,
5. ,",
354.0,Kahlua,"['water', 'sugar', 'instant coffee', 'vodka', 'pure vanilla extract']","1. Bring water and sugar to a rolling boil.
2. Remove from heat.
3. Add instant coffee. Stir well to dissolve completely.
4. Let cool until lukewarm.
5. Add vodka and vanilla.
6. Stir well; bottle in brown bottles.
7. Let stand for 2 weeks.",
355.0,Apple Crisp,"['apple', 'flour', 'salt', 'sugar', 'egg', 'baking powder', 'butter']","1. Fill a 6\
2. (I use a 9\
3. ) baking pan with sliced apples.
4. Mix the flour, salt, sugar, egg, baking powder together with two knives or pastry blender until crumbly; spread over the apples.
5. Pour 1/2 cup melted butter (real butter please) over top and sprinkle with cinnamon.
6. Bake at 350 degrees Fahrenheit for 30 minutes or until apples are done and topping is crisp.",
356.0,Apple Crisp II,"['flour', 'brown sugar', 'oatmeal', 'baking powder', 'salt', 'butter', 'walnuts', 'cooking apples', 'sugar', 'cinnamon', 'lemon juice']","1. With pastry cutter or steel blade in food processor add flour, brown sugar, oatmeal, baking powder, salt and butter.
2. Process until mixture no longer looks \
3. .
4. Add walnuts and process just a second. Set aside.
5. Half and core apples, peeling is up to you.
6. Slice apples.
7. Arrange apple slices in a buttered 9x13 baking dish.
8. Combine sugar (adjust to tartness) and cinnamon.
9. Spread over apples.
10. Sprinkle with lemon juice.
11. Distribute topping over apples.
12. Bake at 350 degrees Fahrenheit for 45 minutes.
13. Serve warm with whipped cream or ice cream.","https://img.sndimg.com/food/image/upload/w_555,h_416,c_fit,fl_progressive,q_95/v1/img/recipes/35/6/picSnjUsF.jpg"
357.0,Fruit-Filled Acorn Squash,"['acorn squash', 'raisins', 'water', 'salt']","1. Cut squash in half lengthwise; discard seeds and membrane.
2. Place squash, cut side down, in a vegetable steamer; arrange apricots around squash.
3. Place steamer over boiling water in a Dutch oven.
4. Cover and steam 15 minutes or until squash is crisp-tender.
5. Coarsely chop apricots.
6. Combine chopped apricots, raisins, apricot preserves, water, and salt.
7. Spoon evenly into each squash half.
8. Cover and steam 5 minutes or until squash is tender.
9. Sprinkle with toasted almonds.",
358.0,Killer Kahlua,"['water', 'sugar', 'instant coffee', 'pure vanilla extract', 'monarch 151 rum']","1. Bring to boil water and sugar.
2. Remove from heat and add instant
3. coffee. Bring to boil again.
4. Remove from heat and add vanilla extract (very important you use pure extract NOT imitation). Cool before adding rum.
5. Put in bottles and cork.
6. Makes about 3 fifths.
7. NOTE: Since this is made with 151 rum, it has a lot more alcohol (75.5%).",
360.0,Baked Zucchini Frittatas,"['zucchini', 'onion', 'red bell pepper', 'garlic clove', 'reduced-calorie margarine', '1% low-fat milk', 'salt', 'monterey jack cheese', 'fat-free parmesan cheese']","1. Heat oven to 400°F.
2. Grease two 10-oz. custard cups or individual baking dishes.
3. In 8-inch skillet over medium low heat, sauté zucchini, onion, red pepper and garlic in margarine until tender; let cool slightly.
4. In medium bowl, beat eggs, half-and-half and seasonings until combined.
5. Stir in zucchini mixture. Pour into prepared custard cups or baking dishes.
6. Sprinkle with cheeses.
7. Bake, uncovered, at 400°F for 14 to 17 minutes or until top is puffy and light golden brown.
8. Let stand 5 minutes before serving.",
361.0,Fat-Free Fettuccine Alfredo,"['cornstarch', 'fat free cream cheese', 'mushroom', 'scallions', 'fettuccine']","1. Mix 1 teaspoon cornstarch and 1 teaspoon skim milk in a saucepan.
2. Add the rest of the skim milk and bring to a boil.
3. Lower heat to medium and slowly add the cream cheese, stirring constantly.
4. Simmer mixture until thick.
5. Add salt and pepper.
6. Saute mushrooms and scallions in a nonstick skillet sprayed with cooking spray.
7. Cook fettucini according to package directions.
8. Toss cooked noodles with sauce. - - - - - - - - - - - - - - - - - -.",
362.0,Lemon Chicken,"['skinless chicken breast halves', 'lemons', 'unbleached flour', 'salt', 'fresh pepper', 'paprika', 'lemon, rind of', 'brown sugar', 'fresh lemon juice', 'water', 'lemon']","1. Place chicken in bowl or casserole. Cover with lemon juice and marinate in refrigerator for several hours or overnight, turning chicken periodically.
2. Preheat oven to 350 degrees.
3. Combine flour, salt, pepper and paprika in plastic bag.
4. Remove chicken from marinade and coat each with flour by shaking it in bag.
5. Place chicken in baking pan in a single layer.
6. Either peel the zest from a lemon and chop it fine in your food processor, or grate the zest with a hand grater.
7. Mix grated peel with brown sugar.
8. Sprinkle the lemon zest mixture evenly over the chicken breasts.
9. Combine lemon juice and water and sprinkle evenly over chicken.
10. Put 1 lemon slice on each chicken breast and bake for 35-40 min. or until cooked through.
11. To make sure chicken is cooked, cut one of them in the middle and make sure that it is not red or pink, then, if it is, cook it a little bit more.","https://img.sndimg.com/food/image/upload/w_555,h_416,c_fit,fl_progressive,q_95/v1/img/recipes/36/2/pice12Er8.jpg"
363.0,Hawaiian Ham Salad,"['smoked ham', 'pineapple chunks', 'celery ribs', 'black olives', 'mayonnaise', 'lemon juice', 'peanuts']","1. Combine ham, pineapple, celery, and olives.
2. Mix
3. mayonnaise and lemon juice; stir into ham mix.
4. Chill at least an hour.
5. Stir in peanuts before serving.
6. -----",
364.0,Zucchini Frittatas II,"['olive oil', 'onion', 'garlic', 'zucchini', 'salt', 'pepper', 'fresh basil', 'flat-leaf italian parsley', 'fat-free parmesan cheese']","1. Heat 1/2 Tbsp. oil in a 10-inch, heavy-bottomed, oven-proof skillet. Add onion and saute until tender and translucent. Stir in garlic and zucchini and continue sauteing until squash is just tender.
2. Season with salt and pepper and remove from heat. In a mixing bowl, whisk together eggs, basil and parsley.
3. Stir in sauteed vegetables.
4. Add remaining 1/2 tablespoon oil to same skillet over medium heat, tilting pan to coat bottom and sides.
5. Add egg-vegetable mixture, spreading evenly.
6. Reduce heat to low and cover pan.
7. Cook 10 to 15 minutes, until set. Preheat broiler.
8. Sprinkle grated cheese on top of frittata if desired and broil briefly until lightly browned.
9. Cut into 3 wedges.
10. Serve immediately from the pan or transfer to a large round plate or platter.","https://img.sndimg.com/food/image/upload/w_555,h_416,c_fit,fl_progressive,q_95/v1/img/recipes/36/4/pic3kR05R.jpg"
365.0,Mom's First Place Turkey Fruit Salad,"['low-fat mayonnaise', 'honey', 'ginger', 'canned mandarin oranges', 'turkey', 'apple', 'grapes', 'pecan halves']","1. Combine mayonnaise, honey, and ginger; mix well.
2. Add mandarin oranges, turkey, apple, grapes, and pineapple chunks.
3. Season with salt and pepper (if desired).
4. Chill.
5. Stir in toasted pecans just before serving.",
366.0,Jarrett House Vinegar Pie,"['sugar', 'butter', 'eggs', 'flour', 'cider vinegar', 'vanilla']","1. Beat sugar, melted butter, eggs, flour, and vinegar together on high for 1 minute until smooth. Stir in vanilla. Pour mixture into pie shell.
2. Bake at 300 degrees Fahrenheit for 50 minutes or until top forms a pale golden crust (inside will be slightly liquid).
3. Cool and serve at room temperature.",
367.0,Vinegar Pie,"['sugar', 'flour', 'lemon zest', 'cider vinegar', 'water', 'eggs', 'butter']","1. Preheat the oven to 425 degrees Fahrenheit.
2. Combine sugar, flour, and lemon zest in a saucepan; stir together until thoroughly blended.
3. Add cider vinegar while stirring or whisking constantly; add the water.
4. Place over medium heat; bring the mixture to a boil and cook, stirring constantly, for 1 minute.
5. Remove from heat and stir a little of the hot mixture into the eggs; stir the warmed egg mixture into the remaining hot mixture.
6. Stir in the butter.
7. Pour the mixture into the prepared pie shell.
8. Bake for 10 minutes at 425 degrees Fahrenheit.
9. Reduce heat to 350 degrees Fahrenheit.
10. Continue baking for 30 minutes more.
11. Remove the pie from the oven and let it cool completely before serving.
12. (The filling will seem quite liquid, but will firm as the pie cools.)
13. This pie has pretty much the same ingredients as the one above, but the method is different and therefore you end up with a slightly different pie.",
368.0,Ham and Cheese Pockets,"['mayonnaise', 'ham slices', 'swiss cheese', 'dill pickle slices', 'mayonnaise', 'mustard', 'milk']","1. Cut pita breads in half.
2. Open.
3. Spread with sauce. Fill with boiled ham slices, Swiss cheese and pickle slices.
4. Bake at 350 degrees for about 10 min.
5. Sauce: Combine mayonnaise, mustard and milk.
6. Stir slowly over low heat until warm.
7. Spoon into sandwiches.",
369.0,Super Sandwich,"['cucumber', 'tomatoes', 'onion', 'black olives', 'green olives', 'ham', 'pork', 'muenster cheese']","1. In a bowl combine cucumber, tomato, onion, olives and salad dressing; set aside.
2. Cut 1\
3. ,
4. shell. (Discard bread or save for something else).
5. Layer 1/4 of the ham, salami, pork and cheeses inside the shell.
6. Top with 1/3 of the vegetable mixture.
7. Repeat layers, ending with meat and cheeses, gently pressing down to flatten as needed.
8. Replace bread top; wrap tightly in plastic wrap.
9. Refrigerate until serving.",
370.0,Tiramisu,"['sugar', 'cream cheese', 'mascarpone', 'marsala wine', 'heavy whipping cream', 'marsala', 'sugar', 'water', 'french-style ladyfinger cookies']","1. Prepare Cream Mixture:
2. In an electric mixer, prepare cream mixture by whipping sugar and egg yolks on high speed until pale yellow and thick.
3. With mixer on medium speed, add cream cheese and whip until smooth.
4. Add mascarpone and Marsala.
5. Mix until incorporated.
6. Fold in whipped cream.
7. Refrigerate.
8. Prepare Espresso Mixture:
9. To prepare espresso mixture, combine espresso, additional Marsala, sugar, and warm water.
10. To assemble, dip ladyfingers in espresso mixture.
11. Place one layer of dipped ladyfingers on bottom of serving platter.
12. Top with one layer of cream mixture.
13. Add another layer of dipped ladyfingers, topped with a second layer of cream mixture.
14. Sift cocoa over top.",
371.0,Hazelnut Shortbread Cookies,"['flour', 'hazelnuts', 'butter', 'light brown sugar']","1. Combine flour and hazelnuts.
2. In a large bowl, cream the butter and brown sugar.
3. Gradually blend in the dry ingredients.
4. Cover and chill for 8 hours or overnight.
5. Preheat oven to 300 degrees Fahrenheit.
6. Lightly grease cookie sheets.
7. On a floured surface, roll out the dough to a thickness of 1/4\
8. ,
9. apart.
10. Bake for 20 to 25 minutes until lightly colored.
11. Transfer to wire racks to cool.","https://img.sndimg.com/food/image/upload/w_555,h_416,c_fit,fl_progressive,q_95/v1/img/recipes/37/1/picj3MWSO.jpg"
372.0,Pecan Shortbread,"['flour', 'pecans', 'butter', 'light brown sugar', 'vanilla extract']","1. Preheat oven to 350 degrees Fahrenheit.
2. Combine flour and pecans.
3. In a large bowl, cream the butter and brown sugar.
4. Beat in the vanilla extract.
5. Gradually stir in the dry ingredients. The dough will be stiff.
6. Pinch off walnut size pieces of dough and roll into small balls.
7. Place the balls 1-1/2 inches apart on ungreased cookie sheets.
8. Flatten the cookies with the back of a spoon dipped in flour.
9. Back for 10 to 12 minutes until lightly colored.
10. Transfer onto wire racks to cool.",
373.0,Tiramisu - Balducci's in New York City,"['ladyfingers', 'espresso coffee', 'eggs', 'sugar', 'mascarpone', 'marsala wine', 'triple sec', 'brandy', 'bittersweet chocolate']","1. Arrange the ladyfingers on a plate and lightly soak them with the cooled espresso.
2. Put half of the soaked ladyfingers in one layer in a rectangular serving dish.
3. While the ladyfingers are soaking, beat the egg yolks with the sugar until the yolks turn pale in color.
4. Add the mascarpone, the liquors, and the extract, and stir gently.
5. In a separate bowl, beat the egg whites with a wire whisk until they are stiff.
6. Gently fold the whites into the mascarpone mixture. Use half of this mixture to make a layer on top of the ladyfingers in the serving dish.
7. Sprinkle with half of the chopped chocolate. Repeat the procedure with another layer of soaked ladyfingers, the mascarpone mixture, and chocolate. Cover with tin foil and refrigerate for at least 1 hour before serving.",
374.0,Sweet Potato Pecan Pie,"['sweet potato', 'butter', 'margarine', 'cinnamon', 'vanilla extract', 'nutmeg', 'salt', 'egg', 'graham cracker pie crust', 'egg', 'dark corn syrup', 'brown sugar', 'butter', 'pecans']","1. Preheat oven to 425 degrees fahrenheit.
2. With mixer, beat hot yams and butter until smooth.
3. Add condensed milk, cinnamon, orange rind, vanilla extract, nutmeg, salt, and egg; mix well.
4. Pour mixture into crust.
5. Bake 20 minutes.
6. Meanwhile, make Pecan Topping: Beat together egg, corn syrup, brown sugar, melted butter and maple flavoring. Stir in chopped pecans.
7. Remove pie from oven; reduce oven to 350 degrees fahrenheit.
8. Spoon Pecan Topping on pie.
9. Bake 25 minutes longer or until set.
10. Cool.
11. Serve warm or at room temperature.
12. Garnish with orange zest twist, if desired.
13. Refrigerate any leftovers.","https://img.sndimg.com/food/image/upload/w_555,h_416,c_fit,fl_progressive,q_95/v1/img/recipes/37/4/picCdWS5O.jpg"
375.0,Yellow Squash Frittata,"['butter', 'eggs', 'cheddar cheese', 'salt', 'pepper']","1. Slice squash into equal sized rounds. You can cut a bigger squash in half instead of using the small ones, if you want to.
2. Saute squash in butter until tender-crisp.
3. Beat eggs with the grated cheese, Italian seasoning, salt and pepper.
4. Pour egg mixture over squash.
5. Cook until eggs are cooked and puffy.","https://img.sndimg.com/food/image/upload/w_555,h_416,c_fit,fl_progressive,q_95/v1/img/recipes/37/5/picdEOis2.jpg"
376.0,Yellow Squash Puffs,"['egg', 'all-purpose flour', 'cornmeal', 'baking powder', 'salt', 'onion']","1. Combine the cooked squash and egg, stirring well.
2. Combine flour, cornmeal, baking powder and salt, stir well.
3. Add squash mixture and onion; stir until blended.
4. Drop squash mixture by level tablespoonful into hot oil.
5. Cook until golden brown, turning once. Drain well on paper towels.","https://img.sndimg.com/food/image/upload/w_555,h_416,c_fit,fl_progressive,q_95/v1/img/recipes/37/6/pic2RoaTx.jpg"
377.0,Sun-Dried Tomato Pesto,"['sun-dried tomato', 'boiling water', 'plum tomato', 'basil leaves', 'pine nuts', 'olive oil', 'pepper', 'garlic cloves']","1. Combine sun-dried tomatoes and boiling water in a bowl and let stand 4 minutes.
2. Drain and chop.
3. Combine tomatoes, plum tomato, and remaining ingredients in a blender or food processor and process 20 seconds or until a paste forms.",
378.0,Sweet Potato-Pecan Pie,"['egg', 'fresh sweet potatoes', 'sugar', 'unsalted butter', 'margarine', 'vanilla extract', 'salt', 'cinnamon', 'allspice', 'nutmeg', 'eggs', 'sugar', 'dark corn syrup', 'unsalted butter', 'margarine', 'vanilla extract', 'cinnamon', 'pecan halves', 'heavy cream']","1. Prepare pie shell,set aside.
2. Make sweet potato filling: In medium bowl, with electric mixer, beat 1 egg until frothy.
3. Add mashed cooked sweet potatoes, sugar, butter, vanilla extract, salt, cinnamon, allspice, and nutmeg; beat at medium speed until the mixture is smooth, about 2 minutes.
4. Make pecan topping: In medium bowl, with mixer, beat eggs until frothy.
5. Add sugar, corn syrup, melted butter, vanilla and cinnamon.
6. Beat at low speed just until mixture is well blended, about 1 minute.
7. Stir in pecans.
8. Preheat oven to 350 degrees Fahrenheit.
9. To assemble: Turn sweet potato filling into unbaked pie shell, spreading evenly.
10. Pour pecan topping over top.
11. Bake 60 to 70 minutes until set, and knife inserted in center comes out clean.
12. Remove pie to rack to cool.
13. Just before serving decorate with whipped cream.","https://img.sndimg.com/food/image/upload/w_555,h_416,c_fit,fl_progressive,q_95/v1/img/recipes/37/8/XWKevNaCQCqmoshKeOga_sp21500.jpg"
379.0,Corn Salsa,"['whole kernel corn', 'green pepper', 'red bell pepper', 'red onion', 'tomatoes', 'ripe olives', 'cider', 'red wine vinegar', 'pepper']","1. Combine all ingredients in a large bowl.
2. Cover and chill for several hours.","https://img.sndimg.com/food/image/upload/w_555,h_416,c_fit,fl_progressive,q_95/v1/img/recipes/37/9/Et1pC6scTm6jIHssu1Q0_corn%20salsa.JPG"
380.0,Sweet Potato Custard Pie,"['eggs', 'sugar', 'salt', 'nutmeg', 'cinnamon', 'milk', 'raw sweet potato', 'butter']","1. Combine eggs, sugar, salt, nutmeg, cinnamon, orange rind and milk.
2. Add sweet potatoes, grated just before adding to milk mixture.
3. Stir in melted butter.
4. Pour filling into pie shell.
5. Bake at 400 degrees Fahrenheit for 45 to 50 minutes, or until knife inserted 1 inch from edge comes out clean.
6. Serve slightly warm or cold.",
381.0,Zesty Sweet Potato Pie,"['homemade pie crust', 'sweet potatoes', 'sugar', 'molasses', 'eggs', 'nutmeg', 'powdered ginger', 'cinnamon', 'orange zest', 'butter', 'milk', 'evaporated milk']","1. Preheat oven to 450 degrees Fahrenheit.
2. Line a pie pan with rolled out dough; prick all over with fork; press a piece of heavy-duty foil directly into the pie shell.
3. Bake for 6 minutes; remove foil; bake for 4 more minutes until just beginning to brown.
4. Combine the sweet potatoes and sugar in a large bowl; beat in molasses and eggs.
5. Add the spices and orange zest and stir well.
6. Stir in melted butter and milk.
7. Pour filling into pie shell.
8. Bake for 15 minutes.
9. Reduce heat to 300 degrees Fahrenheit.
10. Continue baking for 30 to 40 minutes or until filling is firm around edges, but center remains slightly soft and quivers when you move the pie.","https://img.sndimg.com/food/image/upload/w_555,h_416,c_fit,fl_progressive,q_95/v1/img/recipes/38/1/picfjZBqb.jpg"
382.0,Avocado Salsa,"['frozen corn', 'ripe olives', 'red bell pepper', 'onion', 'garlic', 'green olives', 'lemon juice', 'white vinegar', 'cider vinegar', 'dried oregano', 'salt', 'pepper', 'avocados']","1. In a large bowl, combine the corn (or cucumber), olives, red pepper, and onion.
2. In a small bowl, combine garlic, oil, lemon juice, vinegar, oregano, salt and pepper; mix well.
3. Pour over corn (or cucumber) mixture; toss to coat.
4. Cover and refrigerate overnight.
5. Just before serving, chop avocados and stir into salsa.
6. Serve with tortilla chips. Note: make sure that you get good, ripe avocados! Also, you can add some minced jalapeno if you","https://img.sndimg.com/food/image/upload/w_555,h_416,c_fit,fl_progressive,q_95/v1/img/recipes/38/2/pic0oH3KX.jpg"
383.0,Cocoa Espresso Cooler,"['espresso blend coffee', 'vanilla extract']","1. Combine cold coffee, cocoa and vanilla.
2. Pour over ice in tall glasses.
3. Top each with 2 tablespoons of whipped cream.",
384.0,Iced Mochaccino Smoothie,"['sugar', 'milk', 'vanilla ice cream', 'frozen yogurt', 'heavy cream', 'cinnamon', 'cocoa powder']","1. Place the espresso, chocolate syrup, sugar and milk in a blender and blend to combine.
2. Add the ice cream and blend until smooth.
3. Pour the mixture into two chilled glasses and top each with whipped cream and chocolate curls, or a dusting of cinnamon or cocoa.","https://img.sndimg.com/food/image/upload/w_555,h_416,c_fit,fl_progressive,q_95/v1/img/recipes/38/4/picOGSTjU.jpg"
385.0,Iced Jazzberry Java,"['frozen raspberries', 'granulated sugar', 'water', 'coffee', 'half-and-half', 'mint sprigs', 'raspberries']","1. Puree frozen raspberries, sugar, and water in a blender cup.
2. Strain mixture into a large mixing bowl.
3. Add coffee and half-and-half.
4. Blend well.
5. Ladle into 12-ounce glasses partially filled with cracked ice. Top with whipped cream, mint sprigs, and whole raspberries.","https://img.sndimg.com/food/image/upload/w_555,h_416,c_fit,fl_progressive,q_95/v1/img/recipes/38/5/picDDfW7R.jpg"
387.0,Chocolate Coffee Ice Cream Soda,"['chocolate flavored coffee', 'milk', 'coffee ice cream', 'cherries']","1. Place (defrosted) coffee concentrate in tall glass.
2. Add ice cream; fill with chocolate soda.
3. Garnish with whipped cream and cherry.
4. Serve with a straw and a long-handled spoon.","https://img.sndimg.com/food/image/upload/w_555,h_416,c_fit,fl_progressive,q_95/v1/img/recipes/38/7/picjqCR52.jpg"
389.0,Very Chocolate Brownies,"['butter', 'sugar', 'eggs', 'vanilla', 'flour', 'walnuts', 'water', 'butter']","1. In a microwave or double boiler, melt chocolate and butter; cool for 10 minutes.
2. Add sugar; mix well.
3. Stir in eggs and vanilla.
4. Add flour; mix well.
5. Stir in walnuts.
6. Line a 13x9x2\
7. ,
8. ,
9. ,
10. ,
11. ,
12. ,
13. ,
14. ,
15. ,
16. ,",
390.0,Balsamic Berry Salsa,"['strawberry', 'full-bodied red wine', 'sugar', 'black pepper']","1. Thoroughly combine strawberries, balsamic vinegar, wine, sugar, and black pepper in a mixing bowl.
2. Serving Suggestions: As a summer appetizer, a dessert salsa (with whipped cream or mascarpone), or with pork.",
391.0,Moist Carrot and Raisin Walnut Loaf,"['butter', 'caster sugar', 'vanilla', 'golden syrup', 'eggs', 'carrots', 'raisins', 'walnuts', 'self raising flour', 'nutmeg', 'cinnamon']","1. Grease a loaf tin and line the base.
2. Cream butter, sugar and vanilla.
3. Beat in golden syrup.
4. Add eggs one at a time; beat until well combined.
5. Stir in carrot, raisins and walnuts.
6. (Don
7. ,
8. ,
9. ,
10. ,",
392.0,Sliced Sweet Potato Pie,"['sweet potatoes', 'light brown sugar', 'cinnamon', 'nutmeg', 'ginger', 'salt', 'butter', 'heavy cream']","1. Boil sweet potatoes until half cooked, 15 to 20 minutes.
2. Peel and slice sweet potatoes thinly.
3. Mix brown sugar, cinnamon, nutmeg, ginger and salt.
4. Place a layer of sweet potatoes in pastry-lined 9-inch pie pan.
5. Sprinkle with some of the spice mixture; dot with a little bit of butter.
6. Continue with layers until all ingredients are used, dotting top with butter.
7. Add cream.
8. Top with top crust, fluting edges and cutting vents.
9. Bake at 425 degrees Fahrenheit for 30 for 40 minutes.
10. If potatoes are still not tender, reduce temperature to 350 degrees Fahrenheit and continue baking until they are done.",
393.0,Chocolate and Vanilla Chip Biscotti,"['flour', 'baking powder', 'sugar', 'brown sugar', 'butter', 'margarine', 'eggs']","1. Heat oven to 350 degrees Fahrenheit.
2. Spray cookie sheets with nonstick cooking spray.
3. In medium bowl, combine flour, cocoa and baking powder; mix well.
4. In large bowl, combine sugar, brown sugar and butter; beat until blended.
5. Add eggs; beat well.
6. Add flour mixture; mix well.
7. Stir in vanilla chips.
8. With sprayed hands, shape dough into three 7\
9. ,
10. apart on sprayed cookie sheet; flatten each to 7\
11. rectangle.
12. Bake at 350 degrees Fahrenheit for 22 to 28 minutes or until set and light golden brown.
13. Remove from cookie sheet; place on wire racks.
14. Cool 5 minutes.
15. With serrated knife, cut rectangles into 1/2\
16. ,
17. ,
18. ,
19. ,
20. ,
21. ,",
394.0,Carrot and Orange Loaf,"['butter', 'caster sugar', 'eggs', 'sultana', 'carrot', 'nutmeg', 'mixed spice', 'self raising flour', 'butter', 'icing sugar']","1. Grease a 14 x 21 cm loaf pan; line the base with greased paper.
2. Cream butter and sugar until light and creamy.
3. Beat in eggs one at a time; beat until combined.
4. Stir in sultanas and grated carrot.
5. Add sifted dry ingredients and orange juice.
6. Spread into the prepared pan.
7. Bake in moderately slow oven 1-1/2 hours.
8. Stand 5 minutes before turning cake on to a wire rack to cool.
9. Ice when cold.
10. Icing:
11. Beat butter until creamy, gradually beat in sifted icing sugar.
12. Add orange juice; beat until smooth.
13. Excellent.",
396.0,Linda'a Guadalajara - Style Burritos,"['hamburger', 'onion', 'cinnamon', 'chili powder', 'black pepper', 'chili sauce', 'monterey jack cheese', 'flour tortillas']","1. Brown hamburger and onion.
2. Add beans, spices and chili sauce. Mix together and heat on low flame while shredding cheese. Place about 1/2 cup on flour tortilla.
3. Top with shredded cheese and roll up.
4. Place seam side down on plate in micro-wave. Heat on \
5. for 1 minute until cheese melts.",
397.0,Double Chocolate Chunk Biscotti,"['butter', 'margarine', 'sugar', 'baking powder', 'eggs', 'flour']","1. Lightly grease a large cookie sheet. Set aside. In a large mixing bowl beat butter with an electric mixer on med. speed for 30 sec.
2. Add sugar, cocoa powder and baking powder & beat until combined.
3. Beat in eggs.
4. Beat in as much of the flour as you can.
5. Using a spoon, stir in any remaining flour, white baking bar and semisweet chocolate. Divide dough in half.
6. Shape each half into a 9\
7. ,
8. apart on prepared cookie sheet. Flatten logs slightly until about 2\
9. ,
10. ,
11. ,
12. thick slices.
13. Lay slices, cut side down, on ungreased cookie sheets.
14. Bake slices in a 325 degree oven for 8 min.
15. Turn slices over.
16. Bake 7-9 min. more or until slices are dry and crisp. (Do not overbake.)
17. Transfer to wire racks and let cool.
18. Store in an airtight container at room temperature for up to 1 week or freeze for up to 3 months.","https://img.sndimg.com/food/image/upload/w_555,h_416,c_fit,fl_progressive,q_95/v1/img/recipes/39/7/picQs7E2w.jpg"
398.0,Dreamy Blueberry Pie,"['unsalted butter', 'water', 'gelatin', 'blueberries', 'fat free cream cheese', 'light cream cheese', 'heavy cream', 'confectioners']","1. Knead together pretzel crumbs and butter in plastic food-storage bag.
2. Press over bottom and sides of a 9\
3. ,
4. ,
5. ,
6. ,
7. ,
8. ,
9. ,
10. ,
11. ,
12. sugar in medium-size bowl until soft peaks form.
13. Set aside 1/3 cup whipped cream; fold remaining into blueberry mixture.
14. Stir in gelatin mixture.
15. Spread in pretzel crust.
16. Dollop or pipe reserved whipped cream on top.
17. Garnish with reserved blueberries.
18. Chill 1 hour.
19. Serve.",
399.0,Spaetzle - Hungarian,"['flour', 'eggs', 'salt', 'water']","1. Mix flour, eggs, and a little salt with water into a paste. Do not beat!
2. Drop bit by bit into boiling salted water (the more the better).
3. Two approaches work here, either: (a) lower scant teaspoon of the paste into the boiling water (the spaetzle will separate from the spoon and start to cook) one by one, (b)use a coarse grater to force drops of the paste into the water.
4. Cook for 1-2 minutes then strain (and rinse, optional).","https://img.sndimg.com/food/image/upload/w_555,h_416,c_fit,fl_progressive,q_95/v1/img/recipes/39/9/5aQRLGRQTig5MppEaLVZ_0S9A8190.jpg"
400.0,Spaetzle - German,"['eggs', 'flour', 'butter', 'milk', 'salt']","1. Beat eggs well; add remaining ingredients and beat until the dough blisters.
2. Drop from the tip of a wet teaspoon into boiling salted water.
3. Cook until tender (about 15 minutes). Drain.
4. Toss with melted butter.","https://img.sndimg.com/food/image/upload/w_555,h_416,c_fit,fl_progressive,q_95/v1/img/recipes/40/0/picakaFwz.jpg"
401.0,Banana Marshmallow Ice Cream (Still-Freeze),"['milk', 'marshmallows', 'sugar', 'bananas', 'fresh lemon juice', 'heavy cream']","1. In an electric blender, combine milk, marshmallows, sugar, sliced bananas and lemon juice. Blend on high speed.
2. Whip heavy cream and then stir cream into blended banana mixture. Still-freeze.",
402.0,Calzones,"['beef', 'mushroom']","1. Thaw bread dough.
2. When it is able to be sliced, cut each loaf into 6 sections.
3. Place on greased cookie sheet and allow to rise to its capacity.
4. While dough is rising, brown meat and mushrooms.
5. When dough is raised, roll out each section on floured board.
6. Place 1 tablespoon meat mixture on half the dough.
7. Add pizza sauce and pizza cheese, as much as you like.
8. Fold in half and pinch the edges of the dough pieces together.
9. Lay on cookie sheet.
10. Bake at 300 degrees Fahrenheit until done.
11. May be baked at a higher temperature, if oven isn
12. ,
13. ,",
403.0,Banana Ice Cream I,"['sugar', 'salt', 'bananas', 'fresh lemon juice', 'heavy cream']","1. In top of double boiler, stir together sugar, salt, slightly beaten egg yolks and 2 cups of light cream.
2. Cook, stirring frequently, until mixture coats a spoon.
3. Cool.
4. Peel and mash bananas and combine with lemon juice.
5. Add heavy cream, remaining light cream, and bananas to the cooled egg yolk mixture.
6. Churn-freeze.",
404.0,Iced Cafe Au Lait,"['coffee', 'milk', 'sugar']","1. Whirl cold coffee, milk, and crushed ice in a blender.
2. Add desired sugar; continue blending until frothy.
3. Pour over ice.","https://img.sndimg.com/food/image/upload/w_555,h_416,c_fit,fl_progressive,q_95/v1/img/recipes/40/4/ZDWQhfbSLOcYpDo7758G-DSC_0283.JPG"
405.0,Whole Wheat Calzone,"['onion', 'green pepper', 'garlic clove', 'chicken breasts', 'salt', 'pepper', 'dried oregano', 'parmesan cheese', 'swiss cheese', 'fresh parsley', 'egg', 'water']","1. In medium skillet, heat 2 tablespoons oil; saute onion, green and red peppers, and garlic for 3 minutes, stirring constantly.
2. Add chicken, salt, pepper and oregano; stir occasionally until meat is browned, about 10 minutes.
3. Drain off excess fat. Remove skillet from heat.
4. Stir in Parmesan cheese, Swiss cheese, parsley and beaten egg; mix well and set aside.
5. Make bread mix according to directions.
6. Divide in 4 parts and roll each into a 9-inch circle.
7. Place 1/4 of meat mixture on each.
8. Moisten edges with water; fold to enclose filling, and press edges to seal.
9. On a lightly greased baking sheet, cover and let rise for 15 minutes.
10. Brush tops with egg yolk and water.
11. Bake at 350 degrees Fahrenheit for 20 to 30 minutes or until golden brown and sound hollow when tapped.",
406.0,Creamy Iced Coffee,"['brewed coffee', 'confectioners']","1. Combine the coffee, sugar, and ice, in the blender and whirl until creamy.",
407.0,Coffee Punch with Ice Cream Floats,"['heavy cream', 'sugar', 'chocolate ice cream', 'coffee ice cream', 'powdered instant coffee', 'cinnamon']","1. In 6-cup glass serving bowl mix coffee, cream and sugar.
2. With kitchen shears cut ice cream carton open, remove ice cream and cut into large chunks.
3. Float on coffee mixture. Sprinkle with powdered coffee and cinnamon.
4. Immediately ladle into punch cups or wine goblets.
5. Serve with spoon","https://img.sndimg.com/food/image/upload/w_555,h_416,c_fit,fl_progressive,q_95/v1/img/recipes/40/7/pic7wErd5.jpg"
408.0,Chicken and Sausage,"['olive oil', 'chicken breast halves', 'italian sausage', 'green pepper', 'garlic', 'water', 'tomato sauce', 'cornstarch', 'water']","1. In a large skillet, heat the oil over medium-high heat. add the chicken and cook until browned.
2. Remove the chicken; set aside. Reduce the heat to medium.
3. In the same skillet, cook the sausage, green pepper, and garlic, stirring, until the sausage is browned and the pepper is tender.
4. Spoon off the fat. Stir in the soup, water, tomato sauce, and Italian seasoning.
5. Heat to boliling and return the chicken to the skillet. Reduce the heat to low.
6. Cover; cook for 6-7 minutes more, or until the chicken is no longer pink, stirring occasionally.
7. Mix the 1 tablespoon cornstarch with the 2 tablespoons of water.
8. Stir into the sauce and bring to a boil.
9. Reduce heat and continue cooking, stirring occcasionally, until the sauce thickens.
10. Serve over hot cooked noodles or rice.
11. Note: Sauce freezes well.",
409.0,M&M and Chocolate Chews,"['butter', 'eggs', 'sugar', 'vanilla', 'flour', 'baking soda', 'chocolate chips', 'salt']","1. Cream ingredients in Part 1 well.
2. Add Part 1 mixture to part 2 mixture. Spread 1/2 mixture in pan.
3. Top with M&M
4. ,",
410.0,Cafe Latte,['cinnamon'],"1. Add (sweetened) hot espresso and steamed milk to a tall glass of ice. Stir.
2. If desired, sprinkle top with ground cinnamon.
3. Serve with a straw.","https://img.sndimg.com/food/image/upload/w_555,h_416,c_fit,fl_progressive,q_95/v1/img/recipes/41/0/picMRGYJf.jpg"
411.0,No-bake Honey Snacks,"['raisins', 'honey', 'coconut']","1. Grind raisins and nuts in small batches. Stir in honey.
2. Roll into 36 balls.
3. Cover; refrigerate 24 hours.
4. Roll in white or colored coconut.
5. If all snacks are not eaten, refrigerate the leftovers.",
413.0,Iced Coffee Cream,"['instant coffee', 'light-brown sugar', 'boiling water', 'cinnamon', 'mixed spice', 'water', 'milk', 'vanilla extract', 'vanilla ice cream', 'cocoa powder', 'cinnamon sticks', 'lime slice', 'chocolate']","1. Dissolve coffee and brown sugar in boiling water.
2. Add cinnamon and Mixed Spice. Add cold water and stir well.
3. Add milk, vanilla and whipping cream.
4. Whisk lightly until evenly combined.
5. Put 2 ice cubes into each glass.
6. Half fill with coffee mixture. Add a scoop of ice cream to each glass and top up with remaining coffee. Sprinkle with unsweetened cocoa powder.
7. Garnish with cinnamon sticks, lime slices and grated chocolate, if desired.
8. Serve at once with long-handled spoons.
9. VARIATION: For a sweeter version, increase brown sugar to taste. If desired, top each with a little whipped cream.","https://img.sndimg.com/food/image/upload/w_555,h_416,c_fit,fl_progressive,q_95/v1/img/recipes/41/3/picc3WSyw.jpg"
414.0,Moussaka,"['onions', 'olive oil', 'butter', 'mushrooms', 'tomatoes', 'tomato paste', 'dry red wine', 'parsley', 'cinnamon', 'garlic', 'oregano', 'sugar', 'milk', 'butter', 'flour', 'nutmeg', 'white pepper', 'olive oil', 'eggplants', 'eggs', 'ricotta cheese', 'parmesan cheese']","1. First make the tomato sauce: peel and mince onions. Saute onions in 2 Tbsp oil and 2 Tbsp butter, over moderate heat, until they are soft and lightly colored (about 8 minutes). Add mush- rooms and saute. Stir in tomatoes, tomato paste, wine, parsley, seasonings and sugar.
2. Reduce heat to low and simmer uncovered, for 30-45 minutes, stirring occasionally, until most of the liquid has evaporated, and the mixture is quite thick. Remove skillet from heat and let it cool completely.
3. Start seasoning the eggplants: peel eggplants and slice vertically, 1/8 to 1/4 inch thick. Sprinkle lightly with salt and let sit for 30 minutes.
4. Now make the Bechamel Sauce. NOTE: The Bechamel-egg-ricotta mixture will overflow all but the largest (professional size) food processors. Use a mixer or blend by hand.Place the milk in a saucepan, and heat it just until tiny bubbles appear along the edges. Remove and set aside.
5. Melt the butter in 3-quart saucepan over very low heat until foamy, being careful not to brown. Slowly add the 6 Tbsp flour, stirring constantly until smooth (3-4 minutes), and still being careful not to let it brown.
6. Add the milk slowly, whipping with a wire whisk. When the mixture is thick and smooth, remove it from the heat and stir in seasonings.
7. Stir ricotta cheese until it is smooth and creamy. Gently fold it into the Bechamel sauce. Stir in beaten eggs until thoroughly incorporated.
8. Back to the eggplant: Rinse well with cold water; squeeze gently and pat dry. Dredge the eggplant in 1 1/2 cups flour, and saute each in olive oil until it is brown on both sides.
9. Remove and discard any excess oil that has risen to the top of the tomato mixture. Lightly grease a 16x10 baking pan that is at least 3 inches deep, and sprinkle the bottom with a few breadcrumbs.
10. Place a layer of eggplant in the pan, following with a layer of tomato mixture. Sprinkle with breadcrumbs and grated cheese. Repeat as many times as you have eggplant to last. Pour the Bechamel-ricotta sauce over the top and bake at 300 deg. F for one hour, or until a golden-brown crust has formed on top.
11. Remove moussaka from oven and let it stand undisturbed 20-30 minutes; the delay allows the layers to fuse.","https://img.sndimg.com/food/image/upload/w_555,h_416,c_fit,fl_progressive,q_95/v1/img/recipes/41/4/picSUi4aG.jpg"
415.0,Sweetened Iced Coffee,"['instant coffee', 'coffee', 'sugar', 'low calorie sweetener', 'milk']","1. Dissolve instant coffee and sugar in hot water.
2. Stir in 1 litre of cold milk; add ice.
3. For mocha flavour, use chocolate milk and reduce the sugar to taste.
4. For single serving: Dissolve 1 Tbsp of instant coffee and 2 teaspoons sugar in 1 Tablespoon hot water. Add 1 cup of cold milk and stir.","https://img.sndimg.com/food/image/upload/w_555,h_416,c_fit,fl_progressive,q_95/v1/img/recipes/41/5/picvVTAbQ.jpg"
416.0,Fudgie-Wudgies,"['margarine', 'sugar', 'eggs', 'vanilla', 'flour', 'salt']","1. Preheat oven to 350 degrees Fahrenheit.
2. Place the margarine and chocolate in a saucepan or double boiler and heat over simmering water until melted. Remove from heat.
3. Beat in sugar; add the eggs, one at a time, beating well after each addition.
4. Mix in vanilla, flour, salt and nuts.
5. Pour batter in an ungreased 8\
6. ,
7. squares.",
418.0,Deluxe Brownies,"['butter', 'margarine', 'sugar', 'vanilla', 'eggs', 'flour']","1. Preheat oven to 350 degrees Fahrenheit.
2. Heat butter and unsweetened chocolate over low heat, stirring constantly, until melted; cool slightly.
3. Beat in sugar, vanilla and eggs in a 3 quart bowl on high speed 5 minutes.
4. Beat in chocolate mixture on low speed.
5. Add flour; beat just until blended.
6. Stir in nuts.
7. Spread in greased 9x9x2\
8. ,
9. ,
10. ,
11. squares.",
419.0,Coffee Liqueur (Fake Kahlua),"['vodka', 'water', 'sugar', 'brown sugar', 'dry instant coffee', 'vanilla', 'vanilla bean']","1. Mix all ingredients in a 2-quart jar.
2. Cover tightly and let stand at room temperature for two weeks.
3. Remove vanilla bean.
4. Pour into bottles and seal.
5. Makes about 7 1/2 cups.",
420.0,Sour Cream Carrot Cake,"['self raising flour', 'plain flour', 'baking soda', 'cinnamon', 'nutmeg', 'brown sugar', 'carrots', 'eggs', 'sour cream', 'cream cheese', 'butter', 'lemon, rind of', 'icing sugar']","1. Grease a 20cm ring tin, line the base with paper; grease paper.
2. Sift flours, soda, cinnamon and nutmeg into a bowl, stir in sugar and carrot. Combine oil, eggs and sour cream and stir into flour mix.
3. Pour mixture into ring tin, bake in a moderately slow oven about 50 minutes.
4. Turn on to rack to cool.
5. When cold spread with icing and decorate with walnut halves.
6. CREAM CHEESE ICING:- Beat cheese, butter and lemon rind in a small bowl until light and fluffy, gradually beat in sifted icing sugar; beat until combined.
7. ** I don",
421.0,Instant Coffee Kahlua,"['sugar', 'water', 'instant coffee', 'fresh coffee', 'vodka', 'brandy', 'vanilla extract']","1. Mix sugar, water, instant coffee and fresh coffee together in a saucepan.
2. Simmer for 1-1/2 to 2 hours with occasional stirring.
3. Cool.
4. Add the vodka, brandy, and vanilla extract.
5. Filter and pour into dark bottles.
6. I use a metal mesh to filter out the coffee grounds.
7. Keep the bottles in a cool, dark place for 3 months. (YOU HEARD IT RIGHT!).
8. Shake every day. (The bottles, I mean).
9. MMMMM MMMMM Recipe via Meal-Master (tm) v8.06.",
422.0,Linda's Tuna Burritos,"['tuna', 'black olives', 'onion', 'mild cheddar cheese', 'flour tortillas', 'lettuce', 'chopped tomato']","1. Mix together tuna, olives, onions, cheddar cheese, and salad dressing.
2. Soften tortillas in microwave oven on medium for 30 seconds.
3. Place 1/2 cup tuna mixture on each burrito.
4. Serve seam side down with shredded lettuce and chopped tomato.",
423.0,Cheesy Manicotti,"['fat free cream cheese', 'fat-free ricotta cheese', 'fat free mozzarella cheese', 'fat free egg substitute', 'fresh parsley', 'pepper', 'fat free parmesan']","1. Cook manicotti shells according to package directions and drain well.
2. Blend the cream cheese until smooth; mix with the ricotta cheese.
3. Stir the mozzarella, egg substitute, parsley and pepper into the cheese mixture.
4. Fill each manicotti shell with 1/4 cup cheese filling.
5. Pour 1-1/4 cups spaghetti sauce over the bottom of a microwave safe baking dish.
6. Place filled manicotti shells on top of sauce.
7. Pour remaining sauce over the shells.
8. Cover with vented plastic wrap.
9. Cook on medium heat 20 minutes or until hot and bubbly.
10. Sprinkle Parmesan cheese on top; cook an additional 1 or 2 minutes until cheese melts.",
424.0,Pumpkin Bread Pudding with Raisin Nut Bread,"['butter', 'eggs', 'sugar', 'sugar', 'vanilla extract', 'half-and-half', 'cinnamon', 'nutmeg']","1. Preheat oven to 325 degrees.
2. Butter sides and bottom of 13x9\
3. ,
4. ,
5. ,
6. ,
7. ,
8. ,
9. ,
10. ,
11. ,
12. bread pudding pan halfway up with hot water.
13. Place in oven, set bread pudding pan in the water bath.
14. Bake 45-50 min.
15. or until custard is set. When set, remove the bread pudding from the oven, and discard water in larger pan.
16. Cool to room temperature. refrigerate for 2 hours or until firm.",
425.0,Chili Non Carne,"['onion', 'garlic cloves', 'olive oil', 'chili powder', 'basil', 'oregano', 'cumin', 'zucchini', 'carrot', 'canned tomatoes', 'kidney beans', 'kidney beans', 'onion', 'tomatoes', 'green pepper']","1. In large pot, sauté onion and garlic in olive oil.
2. Add a splash of water and cook until soft. Mix in chili powder, basil, oregano and cumin.
3. Stir in zucchini and carrots until well blended.
4. Cook for about 1 minute over low heat, stirring occasionally.
5. Stir in chopped tomatoes, undrained kidney beans and drained kidney beans.
6. Bring to a boil.
7. Reduce heat and simmer for 30-45 minutes, or until thick.
8. Top with chopped onions, tomatoes or green peppers.",
427.0,Golden Apple Bars,"['butter', 'margarine', 'shortening', 'powdered sugar', 'flour', 'flour', 'baking powder', 'salt', 'apples', 'butter', 'brown sugar', 'lemon zest', 'lemon zest', 'egg', 'vanilla', 'powdered sugar', 'cinnamon', 'milk']","1. BASE:
2. Cream 1/4 cup butter, 1/4 cup shortening and powdered sugar.
3. Blend in 1-1/2 cups flour.
4. Pat mixture onto the bottom of a 15 x 10 x 3/4-inch pan.
5. Bake at 350 degrees Fahrenheit for 10 to 12 minutes or until lightly browned.
6. TOPPING:
7. Combine 1-3/4 cups flour, baking powder and salt. Set aside.
8. Chop apples to equal 2 cups.
9. Melt last 1/4 cup butter in large saucepan, blend in brown sugar,lemon zest, egg, vanilla and apples.
10. Stir flour mixture into apple mixture.
11. Spread evenly over bottom layer; mixture will be thick.
12. Bake at 350 degrees Fahrenheit for 25 minutes.
13. CINNAMON GLAZE.
14. Combine powdered sugar, ground cinnamon and milk.
15. Blend until smooth.
16. Spread glaze on Golden Apple Bars while they are still warm.","https://img.sndimg.com/food/image/upload/w_555,h_416,c_fit,fl_progressive,q_95/v1/img/recipes/42/7/picZj0S29.jpg"
428.0,Glazed Pineapple With Macadamia Nut Crunch,"['pineapple', 'light brown sugar', 'salt', 'unsalted butter']","1. Preheat the broiler.
2. Cut the pineapple into 8 slices about 1-inch thick.
3. For a decorative presentation you might want to cut notched grooves 1 inch apart on the top of each slice to suggest the grooves of a scallop shell.
4. In a small bowl, combine the macadamia nuts, brown sugar and salt.
5. Add the melted butter and stir until well blended.
6. Place the pineapple slices on a baking sheet lined with foil.
7. Sprinkle with a few tablespoons of the nut mixture, or arrange in a graphic pattern over each pineapple slice.
8. Broil the pineapple slices about 6 inches from the heat until the filling starts to caramelize, about 1-1/2 minutes.
9. Serve hot.","https://img.sndimg.com/food/image/upload/w_555,h_416,c_fit,fl_progressive,q_95/v1/img/recipes/42/8/pic5mGAZf.jpg"
429.0,Apple-Cinnamon Bread Pudding,"['gala apples', 'granny smith apples', 'sugar', 'cinnamon', 'butter', 'margarine', 'eggs', 'vanilla extract']","1. Place oven rack in middle position.
2. Heat oven to 350 degrees Fahrenheit.
3. Lightly grease 9 or 10\
4. ,
5. ,
6. ,
7. ,
8. ,
9. ,
10. ,
11. ,
12. ,
13. ,
14. ,
15. ,
16. ,
17. ,
18. ,
19. ,
20. ,",
430.0,Tomato Salad,"['tomatoes', 'corn kernel', 'green onions', 'fresh basil', 'parsley']","1. Mix tomatoes, corn, green onion, basil, parsley, balsamic vinegar, salt and pepper and honey mustard together.
2. Marinate 20 minutes at room temperature.","https://img.sndimg.com/food/image/upload/w_555,h_416,c_fit,fl_progressive,q_95/v1/img/recipes/43/0/picypuXir.jpg"
431.0,"Vidalia Onion, Tomato and Basil Salad","['tomatoes', 'lowfat mozzarella cheese', 'olive oil', 'wine vinegar', 'basil', 'pepper', 'garlic']",1. Mix all ingredients together and let marinate 20 minutes at room temperature.,"https://img.sndimg.com/food/image/upload/w_555,h_416,c_fit,fl_progressive,q_95/v1/img/recipes/43/1/picaKIovr.jpg"
432.0,Blue Mountain Blueberry Pie,"['blueberries', 'lemon juice', 'sugar', 'all-purpose flour', 'lemon zest', 'cinnamon', 'nutmeg', 'salt', 'margarine']","1. Have an 8-inch double crust pie shell ready.
2. Sort, rinse and drain blueberries.
3. Sprinkle lemon juice over berries.
4. Combine sugar, flour, lemon peel, cinnamon, nutmeg and salt. Toss this mixture gently with the blueberries to coat well.
5. Put berry mixture into pie shell; dot with margarine. Place second crust on top of pie, seal edges and cut 3 slashes in top to allow steam to escape. Bake in preheated 450°F oven for 10 minutes.
6. Lower heat to 350°F and continue baking 30-35 minutes more. Cool pie before slicing.
7. NOTES : This is an old fashioned pie recipe that is juicy, fragrant and delicious. It is important to use the freshest blueberries you can find.","https://img.sndimg.com/food/image/upload/w_555,h_416,c_fit,fl_progressive,q_95/v1/img/recipes/43/2/pic8qm1Rn.jpg"
434.0,Cherry-Pistachio Biscotti,"['flour', 'sugar', 'lime peel', 'baking powder', 'butter', 'dried tart cherry', 'eggs', 'pistachio nuts']","1. Oven to 350 degrees.
2. Lightly grease a large cookie sheet. In a food processor, process flour, sugar, lime peel and baking powder until blended.
3. Add butter and cherries.
4. Pulse until cherries are coarsely chopped.
5. Spoon off and reserve 1 tablespoon of beaten eggs.
6. Add remaining eggs and pistachios and pulse until dough is evenly moistened.
7. Turn dough out onto on a well-floured surface.(Dough will be sticky). Divide dough in 1/4s.
8. With hands, roll each portion into a 9\
9. ,
10. apart on prepared baking sheet. Press logs to flatten to 2\
11. ,
12. ,
13. ,
14. ,
15. ,
16. thick slices.
17. Arrange slices upright on clean cookie sheet (no need to grease sheet). Bake 14-16 min.
18. longer until crisp.
19. Remove to wire rack to cool (cookies will get even more crisp). - - - - - - - - - - - - - - - - - -",
435.0,Orange Hazelnut Biscotti,"['flour', 'baking powder', 'baking soda', 'salt', 'olive oil', 'eggs', 'sugar', 'toasted hazelnuts', 'bittersweet chocolate', 'shortening']","1. Oven to 350 degrees.
2. Lightly grease baking sheets.
3. Combine flour, baking powder, baking soda and salt in a bowl.
4. Beat oil, orange peel, orange juice, eggs and sugar in large bowl until smooth.
5. On low speed, beat flour mixture into orange mixture. Add hazelnuts.
6. Divide dough in half; shape each half into 10x1 1/2\
7. ,
8. ,
9. ,
10. thick slices.
11. Lay slices back on baking sheets.
12. Bake 10 min.
13. Remove baking sheets from oven; turn biscotti over.
14. Bake another 10 min.
15. remove biscotti from baking sheets to wire racks to cool.
16. Chocolate Glaze: Combine chocolate and vegetable shortening in small saucepan.
17. Melt over low heat, stirring frequently, until smooth.
18. Cool slightly.
19. Dip cooled biscotti into chocolate mixture. Cool on wire rack.",
436.0,Alaskan Blueberry Pie,"['sugar', 'cornstarch', 'water', 'blueberries', 'butter', 'lemon juice', 'lemon, rind of', 'blueberries']","1. Cook the first seven ingredients until very thick.
2. Fold in the 2 cups fresh or frozen blueberries and pour into a baked pie shell.
3. Let pie cool and top with whipped cream.",
437.0,Calzones II,"['part-skim ricotta cheese', 'mozzarella cheese', 'ham', 'ham', 'oregano leaves']","1. Preheat oven to 400F and spray baking sheet with cooking spray.
2. In bowl combine first four ingredients; set aside.
3. Roll each biscuit between 2 sheets of floured wax paper, forming four 6-inch circles.
4. Spoon 1/4 of cheese mixture onto center of each.
5. Moisten edges of dough slightly, then fold each circle in half over the cheese filling (the edges can be attractively crimped with the times of a fork).
6. Bake ten minutes or until golden brown.",
441.0,Tamarillo Steak Casserole,"['flour', 'bacon', 'tamarillos', 'onions', 'potatoes', 'butter']","1. Toss cubes of steak in a mixture of flour and salt and pepper.
2. Place in a casserole and cover with the bacon.
3. Cover with a layer of tamarillos, a layer of onions, then a layer of potatoes.
4. Cover tightly and bake at 180 degrees Celsius (350 degrees Fahrenheit) for 2 hours.
5. About 30 minutes before the end of cooking remove the lid and dot the potatoes with butter.",
442.0,Fha Chicken Chilies Casserole,"['chicken breasts', 'milk', 'tortillas', 'green chilies', 'cheddar cheese']","1. Bake chicken, wrapped in foil, at 400 degrees Fahrenheit for 1 hour.
2. Cut into bite sized pieces.
3. Blend cream of celery soup, cream of mushroom soup and milk in a bowl.
4. Layer 1/3 of the soup mixture, half the tortillas, chicken, onion, green chilies and cheese in a 9 x l3-inch baking dish.
5. Repeat with half the remaining soup mixture, remaining tortillas, chicken, onion, green chilies, remaining soup mixture and cheese.
6. Bake at 350 degrees Fahrenheit for 1 hour.",
443.0,Apricot Chicken Casserole,"['chicken drumsticks', 'cornflour', 'ground ginger', 'apricot puree', 'chives']","1. Place chicken drumsticks in a casserole dish.
2. Mix onion soup mix, cornflour and ginger into the apricot puree.
3. Season with salt and pepper.
4. Pour over the chicken.
5. Cover and bake at 180 degrees Celsius (350 degrees Fahrenheit) for 50 to- 55 minutes or until chicken is cooked.
6. To serve, sprinkle with chopped chives.",
444.0,Luscious Applesauce Bars,"['brown sugar', 'butter', 'unsweetened applesauce', 'egg', 'flour', 'baking soda', 'cinnamon', 'salt', 'ground cloves', 'ground nutmeg', 'butter', 'brown sugar', 'powdered sugar']","1. Preheat oven to 350 degrees Fahrenheit.
2. Grease and flour a 13x9-inch pan.
3. In a large bowl, cream brown sugar and butter until light and fluffy.
4. Add applesauce and egg; blend well.
5. Stir in flour, baking soda, cinnamon, salt, cloves and nutmeg until well mixed.
6. Stir in cereal.
7. Spread mixture into prepared pan.
8. Bake for 25 to 30 minutes or until toothpick inserted in center comes out clean.
9. Prepare glaze:
10. Melt butter over low heat and stir in brown sugar.
11. Cook about 1 minute or until mixture bubbles, stirring constantly.
12. Remove from heat and stir in powdered sugar.
13. While glaze is still hot, drizzle it over warm bars.
14. Cool completely; cut into squares.",
445.0,Remarkable Rhubarb Bites,"['rhubarb', 'sugar', 'shortening', 'brown sugar', 'egg', 'baking soda', 'salt', 'cinnamon', 'flour', 'vanilla', 'confectioners']","1. Preheat oven to 350°F.
2. Mix together rhubarb and 1/2 cup sugar.
3. Set aside. Cream shortening, remaining 1/2 cup sugar and brown sugar.
4. Add egg and then stir in baking soda, salt, cinnamon and flour.
5. Stir in vanilla, then rhubarb mixture. Place batter in a greased and floured 13x9\
6. ,
7. sugar and cut into 2\
8. ,","https://img.sndimg.com/food/image/upload/w_555,h_416,c_fit,fl_progressive,q_95/v1/img/recipes/44/5/OQS3z1T4eIxJX5UeEtJg_0S9A5287.jpg"
446.0,English Sherry Trifle,"['sherry wine', 'bananas', 'fresh strawberries', 'frozen strawberries', 'eggs', 'lemon juice', 'sugar', 'flour', 'butter', 'salt']","1. Spoon approximately 1/3 of whipping cream into bottom of glass serving bowl.
2. Next, a layer of 1 cup fruit cocktail, a layer of banana, a layer of 1 cup puried strawberries, and finally half of the sponge cubes.
3. Pour 1 cup of Sherry over cake cubes.
4. Put 1/3 whipping cream on top, and repeat with alternate layers of fruit cocktail, banana, strawberry, and cubes with Sherry.
5. Top with remaining whipped cream, and whole berries for garnish.
6. Sponge Cake: beat egg yolks and lemon juice until pale, add 3/4 cup sugar and beat well.
7. In a separate bowl, beat egg whites, add salt, and 1/4 cup sugar beating until stiff.
8. Stir 1/4 of the whites into yolk mixture. Spoon the rest carefully into yolk.
9. Sift flour on top, fold in melted butter until blended.
10. Preheat oven to 350 degrees F.
11. Pour batter into tube pan, bake 45 minutes (or until toothpick comes out clean). Invert and cool.",
447.0,M&amp;m Super Snack Bars,"['granulated sugar', 'brown sugar', 'margarine', 'butter', 'vanilla', 'eggs', 'all-purpose flour', 'pecans', 'quick-cooking oats', 'baking soda', 'baking powder', 'salt']","1. Heat oven to 350 degrees Fahrenheit.
2. Mix granulated sugar, brown sugar, margarine, vanilla and eggs in large bowl until well blended.
3. Stir in flour, corn flakes, 3/4 cup of the pecans, 2/3 cup M&M candies, oats, baking soda, baking powder and salt.
4. Spread mixture in an ungreased 13x9x2 inch rectangular pan.
5. Sprinkle remaining pecans and 1/3 cup M&M candies.
6. Bake until golden brown 35 to 40 minutes; cool.
7. Cut into 2\
8. ,
9. ,
10. ,
11. ,",
448.0,Spice Scones,"['all-purpose flour', 'ginger', 'nutmeg', 'vegetable shortening', 'light brown sugar', 'molasses', 'brandy']","1. Preheat oven to 350 degrees Fahrenheit.
2. Combine the flour, ginger, and nutmeg.
3. In a large mixing bowl, cream vegetable shortening and brown sugar.
4. Beat in the molasses and brandy.
5. Gradually blend in the dry ingredients.
6. Drop the dough by spoonfuls 2-1/2 inches apart onto ungreased cookie sheets.
7. Bake 5 to 6 minutes until golden brown.
8. As soon as the cookies are cool enough to handle, remove them from the baking sheet and roll up around metal cone shapes.
9. Place seam side down on wire racks to cool.
10. Nancy {:-).",
449.0,Fruit Loop Cookies and Orange Icing,"['butter', 'shortening', 'sugar', 'brown sugar', 'eggs', 'all-purpose flour', 'confectioners']","1. Preheat oven to 375°F.
2. Cream together butter, shortening, sugar and brown sugar.
3. Add eggs one at a time, beating well after each addition.
4. Add flour, baking powder, baking soda, salt, and orange extract; mix well.
5. Stir in Fruit Loops.
6. Drop by level tablespoonfuls onto a baking sheet or baking stone.
7. Bake for 10-12 minutes, until light golden brown.
8. Remove baking sheet from oven and allow cookie to cool on baking sheet for about 5 minutes before moving them to a wire rack to cool completely.
9. For orange icing, combine confectioners
10. ,","https://img.sndimg.com/food/image/upload/w_555,h_416,c_fit,fl_progressive,q_95/v1/img/recipes/44/9/picpvZ7hx.jpg"
450.0,Gado Gado: Indonesian Salad,"['water', 'salt', 'green cabbage', 'chinese cabbage', 'bean sprouts', 'green beans', 'potatoes', 'eggs', 'english cucumber']","1. Bring the water to a boil; add salt, cabbage, bean sprouts, and green beans.
2. Boil vegetables for 5 minutes; drain.
3. Boil potatoes in a separate pot until tender then peel them.
4. Cut potatoes, eggs and cucumber into slices.
5. Heat peanut sauce on low heat.
6. Arrange the green vegetables on a very large platter.
7. Cover them with the sliced potatoes, eggs and cucumbers.
8. Pour the peanut sauce over the entire platter and serve.
9. Serving Ideas : Serve with white rice and a meat dish.
10. NOTES : The peanut sauce may be made by hand or bought.
11. We put the Gado Gado in a large casserole dish.","https://img.sndimg.com/food/image/upload/w_555,h_416,c_fit,fl_progressive,q_95/v1/img/recipes/45/0/picO08cop.jpg"
451.0,Greek Lemon Potatoes,"['potato', 'olive oil', 'lemon', 'water', 'garlic', 'bay leaves', 'rosemary sprigs', 'fresh thyme', 'dried oregano', 'sugar', 'parsley']","1. Preheat the oven to 200C/400F/Gas 6.
2. Cut the potatoes into bite sized chunks and put them in a large ovenproof dish.
3. Add the olive oil, lemon rind and juice, water, garlic, bay leaves, rosemary, thyme, oregano, sugar, salt and pepper.
4. Stir well.
5. Bake the potatoes for 1-1 1/4 hours or until they are cooked through and crispy.
6. Stir every now and then during cooking to coat with the herby oil.
7. Finally sprinkle with the chopped parsley.","https://img.sndimg.com/food/image/upload/w_555,h_416,c_fit,fl_progressive,q_95/v1/img/recipes/45/1/picN3rEbF.jpg"
452.0,Pastitsio,"['butter', 'nutmeg', 'flour', 'salt', 'milk', 'white pepper', 'macaroni', 'butter', 'salt', 'onion', 'pepper', 'ground beef', 'cinnamon', 'tomato paste', 'red wine', 'parmesan cheese', 'nutmeg']","1. Preheat oven to 350°F.
2. Melt 1 oz of butter in large skillet and saute onion til soft and transparent. Add the meat, cook until browned.
3. Mix tomato paste with wine and add to meat. Continue cooking, adding nutmeg, salt, pepper, and cinnamon.
4. Cook about 15 minutes, take off heat, cool and mix in half the breadcrumbs and half the grated cheese. Set aside. Do not allow meat to \
5. , keep it separated.
6. Cook the macaroni in boiling water with oil til soft. Drain and set aside. Make crema: melt butter, add flour, cook briefly stirring constantly.
7. Gradually add milk stirring constantly until it starts to boil and thickens slightly.
8. Add seasonings.
9. In a separate bowl, beat eggs.
10. Add about 1 cup of the hot sauce to the eggs, stirring constantly.
11. Add the egg mixture back into the saucepan, stirring constantly.
12. Stir in 1/4 cup cheese. To Assemble: Grease a baking dish (LIKE A LASAGNA PAN) and sprinkle it with breadcrumbs.
13. Spread half the cooked pasta over the bottom of the dish and sprinkle it with 1/4 cup reserved cheese. Spread all of the meat over the pasta.
14. Pour half the sauce over the meat and spread the rest of the pasta over it. Sprinkle it with 2 tablespoons of cheese.
15. Pour the rest of the sauce on top and smooth with a spatula.
16. Sprinkle with the rest of the cheese and breadcrumbs and bake in the preheated oven 50-60 minutes.
17. Let stand 10 minutes before cutting into squares.",
454.0,Summer Corn and Tomato Pasta,"['fresh corn kernels', 'frozen corn kernels', 'tomatoes', 'black beans', 'fresh coriander', 'basil', 'extra virgin olive oil', 'garlic clove', 'green onions', 'salt', 'pepper', 'penne', 'feta cheese']","1. In large bowl, stir together corn, tomatoes, beans, coriander, olive oil, garlic, jalapeno, green onions, salt and pepper.
2. Let stand at room temperature for 15 minutes or for up to 2 hours.
3. In large pot of boiling water, cook pasta for 8 minutes or until tender but firm; drain and return to pot.
4. Add tomato mixture; stir over medium heat just until heated through.
5. Serve sprinkled with feta.
6. Make ahead:
7. To serve cold, rinse hot pasta under cold water and add to tomato mixture; cover and refrigerate for up to 1 day.",
456.0,Lentil Dal,"['olive oil', 'onion', 'fresh ginger', 'cumin seed', 'turmeric', 'garlic cloves', 'cauliflower florets', 'tomatoes', 'water', 'dried lentils', 'fresh lime juice', 'fresh cilantro', 'salt', 'cooked basmati rice', 'long grain rice']","1. Heat olive oil in large saucepan over medium-high heat.
2. Add onion, ginger, cumin, turmeric, red peppers, and garlic.
3. Saute 2 minutes.
4. Add cauliflower and tomatoes; saute 1 minute.
5. Stir in water and lentils; bring to a boil.
6. Cover, reduce heat, and simmer 35 minutes or until lentils are tender.
7. Stir in lime juice, cilantro, and salt.
8. Serve 1 cup lentil mixture with 1 cup rice.","https://img.sndimg.com/food/image/upload/w_555,h_416,c_fit,fl_progressive,q_95/v1/img/recipes/45/6/HxmFGfnR2Oa4xFPowyNB_IMG_20170410_134917.jpg"
457.0,Macadamia Nut Lemon Squares,"['flour', 'butter', 'margarine', 'eggs', 'brown sugar', 'baking powder', 'vanilla', 'granola-type cereal', 'powdered sugar', 'lemon juice', 'lemon, rind of']","1. Combine flour and butter and mix until crumbly.
2. Press into greased 8-inch square pan.
3. Bake at 350 degrees F for 16 minutes.
4. In a mixing bowl combine eggs, brown sugar, baking powder and vanilla; beat with an electric mixer for 2 minutes.
5. Stir in 3/4 cup macadamia nuts and cereal.
6. Pour over hot crust and spread evenly.
7. Return to oven and bake 25 minutes or until firm in center when touched.
8. Remove from oven and partially cool.
9. Combine powdered sugar, lemon juice and lemon peel; beat well.
10. Spread over macadamia nut crust. Sprinkle with the remaining 1/4 cup macadamia nuts.
11. Cool.
12. Cut into 2-inch squares.
13. Recipe courtesy of Macadamia Nut Festival, Hilo, Big Island HI.",
458.0,Basic Crepes II,"['eggs', 'flour', 'milk', 'butter', 'salt']","1. Combine all ingredients in a blender.
2. Whirl one minute; scrape down and blend 15 seconds more.
3. Refrigerate at least one hour before making crepes.
4. Heat a lightly greased 6 inch skillet; remove from heat.
5. Spoon in 2 Tbsp batter; lift and tilt skillet to spread evenly.
6. Return to heat; brown on one side only.
7. To remove, invert pan over paper toweling.
8. Repeat with remaining batter.","https://img.sndimg.com/food/image/upload/w_555,h_416,c_fit,fl_progressive,q_95/v1/img/recipes/45/8/picSkQTnf.jpg"
459.0,Basic Crepes,"['flour', 'eggs', 'butter', 'milk', 'salt']","1. Place all ingredients in blender container.
2. Blend.
3. Let stand at least one hour before making crepes.
4. Heat a lightly greased 6 inch skillet; remove from heat.
5. Spoon in 2 Tbsp batter; lift and tilt skillet to spread evenly.
6. Return to heat; brown on one side only.
7. To remove, invert pan over paper toweling.
8. Repeat with remaining batter.",
460.0,Mississippi Mud Pie,"['margarine', 'flour', 'confectioners', ',', ',', ',', ',', ',', ',']","1. Mix margarine, flour and nuts; pat into a 13 x 9 inch pan.
2. Bake at 350 degrees Fahrenheit for 20 to 30 minutes until lightly browned.
3. First Layer:
4. Mix confectioners sugar, Cool Whip, and cream cheese until smooth.
5. Spread over cooled crust.
6. Second Layer:
7. Beat instant chocolate pudding, instant vanilla pudding, and milk until thickened.
8. Careful spread over first layer.
9. Cool until set in refrigerator.
10. Top with remaining Cool Whip.
11. Sprinkle shaved Chocolate on top for decoration.
12. Refrigerate or freeze for up to two months.","https://img.sndimg.com/food/image/upload/w_555,h_416,c_fit,fl_progressive,q_95/v1/img/recipes/46/0/pic2hRNAO.jpg"
461.0,Couscous Cakes With Tomato-Garlic Ragout,"['water', 'salt', 'black pepper', 'couscous', 'eggs', 'unbleached white flour', 'parsley', 'blue cheese', 'olive oil', 'onion', 'garlic cloves', 'plum tomatoes', 'white wine', 'water', 'salt', 'black pepper', 'olive oil']","1. Put the water into a saucepan over high heat.
2. When the water comes to a boil, add the salt, pepper, and couscous.
3. Remove the pan from the heat, cover it, and let it sit undisturbed for 5 minutes.
4. Fluff the couscous by lightly running a fork or whisk back and forth in the pan, starting with the top layer and gradually working your way down.
5. In a large bowl, whisk the eggs; slowly whisk in the flour.
6. With a spoon, stir in the parsley and the blue cheese.
7. Add the couscous and chill the batter for 30 minutes.
8. SAUCE:
9. In a medium saucepan, heat 1 Tbsp olive oil; add the onion.
10. Sauté over medium heat for 5 minutes, stirring occasionally.
11. Add the garlic and sauté for 5 minutes more.
12. Add the tomatoes, white wine, and water.
13. Let the ragout simmer for 10 to 15 minutes, until it has the consistency of a thick sauce.
14. Season it with salt and pepper and keep it warm.
15. When the couscous mixture has cooled, heat a large skillet with 1 Tbsp olive oil over medium-high heat.
16. When the oil is hot, drop couscous batter onto the skillet to form 3-inch cakes.
17. Sear them on one side for about 3 minutes, or until the undersides are golden brown.
18. Flip them with a spatula and sear them on the other side, for about 3 minutes.
19. Remove the cakes to a plate and add more batter to the pan.
20. Continue making cakes until all the couscous batter is used.
21. You should have 3 cakes per person.
22. Serve the cakes hot on top of the warmed tomato-garlic ragout.",
462.0,Galaktoboureko - Greek Custard Pastry,"['phyllo dough', 'milk', 'sugar', 'fine semolina', 'butter', 'vanilla extract', 'salt', 'eggs', 'sugar', 'water', 'lemon juice', 'lemon peel']","1. In a saucepan over medium heat add milk, sugar, semolina, 2 ounces butter, vanilla, salt and a sliver of lemon peel.
2. Bring to a boil, whisking constantly, until mixture thickens remove from heat and allow to cool slightly.
3. Beat eggs in a separate bowl then stir into milk mixture. Set aside. Preheat oven to 350 degrees.
4. Line a 9 X 13 buttered baking pan with half the sheets of phyllo, brushing each sheet with the melted butter and allowing the edges to overlap the sides.
5. Spread custard evenly over phyllo.
6. Cover with remaining sheets of phyllo, brushing each sheet with the melted butter.
7. Trim the edges and fold in carefully to seal the filling.
8. Brush the top with melted butter and seal edges with a bit of cold water.
9. Bake 45 minutes or until golden.
10. Meanwhile make the syrup; In a small saucepan combine the sugar, water, lemon juice and sliver of lemon peel and boil for 10 minutes.
11. When Galaktoboureko is done and still hot from the oven, spoon syrup over a little at a time until absorbed by the pastry.
12. Cool completely, cut into diamond shape and serve.
13. NOTES : This is best made the day before it is needed. It gives the pastry time to absorb the syrup and the filling to become firm.",
463.0,Cappuccino Coffee Mix,"['instant coffee granules', 'granulated sugar', 'cinnamon']","1. Finely grind coffee and orange peel in a blender or food processor.
2. Add remaining ingredients and process until well blended.
3. Store in an airtight container.
4. To serve: Stir 2 or more teaspoons of coffee mix into 6 ounce hot water.","https://img.sndimg.com/food/image/upload/w_555,h_416,c_fit,fl_progressive,q_95/v1/img/recipes/46/3/pic9QKdVo.jpg"
464.0,Frosty Latte Smoothie,"['brewed coffee', '2% low-fat milk', 'skim milk', 'honey']","1. In a large pitcher, whisk together coffee, milk and honey until thoroughly combined and honey is dissolved; chill.
2. Just before serving; blend coffee mixture with ice in blender until frothy and smooth.",
465.0,Whipped Cappuccino,"['instant espresso powder', 'water']","1. Dissolve espresso powder in hot water.
2. Allow to cool to room temperature. (The quickest way is to mix the ingredients in a small metal bowl and swirl.)
3. Combine cooled espresso mixture, sweetened condensed milk and ice in a blender.
4. Blend on high for one minute until no visible chunks of ice are left.
5. Serve with a spoon and a straw.
6. Makes 2 tall or 4 short drinks.","https://img.sndimg.com/food/image/upload/w_555,h_416,c_fit,fl_progressive,q_95/v1/img/recipes/46/5/piccGCeUO.jpg"
466.0,Spanakopita,"['spinach', 'salt', 'butter', 'onion', 'scallion', 'dill', 'parsley', 'evaporated milk', 'eggs', 'phyllo pastry', 'butter', 'feta cheese']","1. Wash spinach in plenty of water and cut in small pieces; place in bowl.
2. Salt lightly; stir to spread salt evenly.
3. Take spinach, a handful at a time; squeeze out the excess water; place it in another bowl.
4. Saute the onion in half the butter until it is a light, golden color.
5. Add the scallions and cook until they wilt.
6. Add spinach; stir until all vegetables take on a light color.
7. Stir in the dill, parsley, salt and pepper.
8. Cover the pot and cook until all the water from the spinach is absorbed.
9. Remove from the heat; turn into a bowl, and immediately add the evaporated milk (to cool the spinach).
10. Beat the eggs in another bowl and add the cheese to them; add to the cooled spinach; mix well.
11. Line a pan with 8 sheets of phyllo dough, brushing each sheet with the melted butter before topping it with the next sheet. Do not trim the overhanging sections.
12. Pour in the spinach mixture, spreading it evenly over the phyllo.
13. Fold the part of the phyllo that extends out of the back of the pan over the filling.
14. Lay the remaining phyllo on top, again brushing each sheet with melted butter before adding the next. Trim the overlap.
15. Brush additional melted butter on top of the pie.
16. Score it into square or diamond-shaped serving pieces.
17. Bake for 30 to 45 minutes in a preheated 300 degree Fahrenheit oven.
18. Let stand for 30 minutes before serving.
19. NOTE: This can also be made without precooking the spinach. In that case, squeeze the spinach free of as much water as possible, mix it with the seasonings, and proceed as above, baking it for 1 hour.",
467.0,Dublin Coddle II,"['pork sausage', 'smoked ham', 'boiling water', 'yellow onions', 'potatoes', 'parsley']","1. Place sausage and ham in boiling water and cook for 5 minutes.
2. Drain meat, but reserve the liquid.
3. Put meat into a large saucepan along with the onions, potatoes and parsley.
4. Add enough of the reserved liquid to almost, but not quite cover the contents of the saucepan.
5. Cover and simmer gently for 1 hour, or until the liquid is reduced by half and all the ingredients are cooked through but not soggy.
6. Season with salt and pepper.",
468.0,Maple Salmon,"['salmon fillets', 'maple syrup', 'soy sauce', 'sesame seeds']","1. Marinate the 2 salmon fillets in mixture of 1/3 cup maple syrup and 1/4 cup of soy sauce for at least 2 hours in the refrigerator.
2. Remove from refrigerator, spoon out marinade into a saucepan and reduce over medium-low heat until you
3. ,
4. ,
5. ,","https://img.sndimg.com/food/image/upload/w_555,h_416,c_fit,fl_progressive,q_95/v1/img/recipes/46/8/01456202607.jpeg"
469.0,Irish Dark Soda Bread,"['all-purpose flour', 'whole wheat flour', 'baking soda', 'baking powder', 'brown sugar', 'buttermilk']","1. Preheat oven to 400 degrees Fahrenheit.
2. Grease two loaf pans.
3. Sift all-purpose flour, whole wheat flour, baking soda and baking powder together into a large bowl.
4. Add brown sugar and stir well to incorporate, being very careful to break up any lumps of brown sugar.
5. Add buttermilk and stir well.
6. Divide the dough between the two prepared loaf pans.
7. Bake for about 45 minutes or until brown and crunchy.
8. Cool on wire racks.","https://img.sndimg.com/food/image/upload/w_555,h_416,c_fit,fl_progressive,q_95/v1/img/recipes/46/9/picxDWQwQ.jpg"
470.0,Fire Ant Mound,"['confectioners', ',', ',', ',', ',', ',', ',']","1. Crush cookies in blender.
2. Place layer on bottom of large bowl.
3. Combine butter, Cool Whip, cream cheese and confectioners sugar.
4. Place layer over cookie layer.
5. Combine pudding, milk and vanilla.
6. Add layer over first mixture. Alternate layers of mixture while building dirt layer along sides of bowl.
7. Save sufficient \
8. for top layer.
9. Chill for at least one hour.",
471.0,Seared Salmon with Horseradish Tomato Vinaigrette,"['salmon fillets', 'canola oil', 'butter', 'rosemary', 'tarragon', 'thyme', 'salt', 'black pepper', 'white wine', 'honey', 'roma tomatoes', 'tomato paste', 'dijon mustard', 'black peppercorns', 'tarragon', 'extra virgin olive oil']","1. Season the salmon fillets with salt and pepper.
2. Heat oil in a saute pan.
3. Sear salmon on both sides for 1 to 2 minutes until golden brown.
4. Fish should still be raw in the center.
5. Combine the horseradish, bread crumbs, butter, rosemary, tarragon, thyme. salt and pepper.
6. Add the white wine and mix to paste. Spread the top of the salmon with equal amounts of the bread crumbs.
7. Place fillets on an oiled sheet tray.
8. Place tray in a preheated 375-degree oven.
9. Bake for 5 to 7 minutes until the fish is cooked through and the crust is golden brown.
10. Serve with horseradish-tomato vinaigrette. (HORSERADISH-TOMATO VINAIGRETTE): Combine horseradish, honey, vinegar, tomatoes, tomato paste, Dijon mustard, black peppercorns and tarragon in a blender.
11. Blend until smooth.
12. While blender is running add oil in a thin steady stream until well mixed and thick.
13. Cover and leave at room temperature. Makes 9 oz.",
472.0,Apricot Chicken With Pasta,"['onion', 'garlic cloves', 'chicken breasts', 'apricots', 'malt vinegar', 'ginger', 'cayenne pepper', 'salt', 'black pepper', 'fettuccine']","1. Peel onion and chop finely.
2. Crush, peel and chop garlic.
3. Heat oil in a saucepan and saute onion and garlic for 5 minutes or until onion is transparent.
4. Cut chicken breasts into thin strips.
5. Add chicken strips to pan and stir fry 2 or 3 minutes, or until chicken is cooked.
6. Drain apricots, leaving about 2 Tbsp of the juice.
7. Puree apricots in a food processor or blender.
8. Add malt vinegar, ginger, cayenne pepper, salt and pepper.
9. Mix to combine; pour into the saucepan.
10. Bring mixture to the boil.
11. Cook fettucine in boiling salted water for 8 to 10 minutes, or until tender.
12. Drain.
13. Serve chicken over pasta.",
473.0,Luscious Apricot Squares,"['all-purpose flour', 'butter', 'margarine', 'sugar', 'light brown sugar', 'eggs', 'walnuts', 'baking powder', 'vanilla', 'salt', 'confectioners']","1. In covered small saucepan over low heat, in enough water to cover, cook apricots 15 minutes.
2. Drain apricots; finely chop.
3. Preheat oven to 350 degrees Fahrenheit.
4. Grease an 8 x 8 inch pan.
5. Into large bowl, measure 1 cup flour, butter or margarine and sugar.
6. With mixer at medium speed, beat ingredients until well mixed and crumbly.
7. Pat evenly into pan.
8. Bake 25 minutes or until golden brown.
9. Meanwhile, in the same bowl, measure 1/3 cup flour, eggs, apricots, brown sugar, walnuts, baking powder, vanilla, and salt.
10. Beat at medium speed until well mixed, occasionally scraping bowl with a rubber spatula.
11. Pour mixture over baked layer and return to oven.
12. Bake 25 minutes longer until golden.
13. Cool in pan.
14. Cut into squares.
15. Sprinkle with confectioner",
475.0,Drop Scones,"['eggs', 'milk', 'flour', 'sugar', 'baking soda', 'cream of tartar']","1. Whip eggs and milk together.
2. Add flour, sugar, baking soda, and cream of tartar.
3. Grease a griddle or frying pan.
4. Drop on 1 tablespoon of the mixture.
5. Brown.",
476.0,English Trifle,"['sugar', 'cornstarch', 'eggs', 'low-fat milk', 'real vanilla extract', 'ladyfinger', 'sherry wine', 'raspberries', 'strawberry syrup', 'fresh raspberry', 'strawberry', 'heavy cream']","1. In batter bowl, combine sugar and cornstarch, then whisk in the eggs and milk.
2. Microwave on 2 minutes, then whisk well.
3. Microwave another 3-5 minutes, or until thickened.
4. Stir in the vanilla.
5. Lay plastic wrap directly over the pudding (this keeps a \
6. from forming on the top) then set aside to stand 5-10 minutes.
7. In the meantime, slice the cake into 1/2x1x3-inch \
8. and make little jam sandwiches with the slices.
9. Arrange the slices in a single layer in the bottom and sides of trifle dish or other deep bowl.
10. Drizzle with half of the sherry (or orange juice), and the raspberry syrup, if using.
11. Layer with half of the pudding, sliced fruit, and whipped cream.
12. Add another layer of the remaining jam fingers on top of the pudding and fruit, drizzle with remaining sherry, then remaining pudding and fruit, ending with the remaining whipped cream, then top with the almonds.
13. Cover with plastic wrap and allow to stand in refrigerator several hours, or overnight.",
478.0,Forepaughs English Trifle,"['sugar', 'cornstarch', 'milk', 'butter', 'vanilla', 'red raspberries', 'sugar', 'dry sherry', 'frozen strawberries', 'sugar']","1. For pastry cream, in a large, heavy saucepan, combine egg yolks, 1/2 cup sugar and cornstarch until smooth.
2. Add milk and cook and stir just until mixture comes to boiling; remove from the heat.
3. Stir in butter and vanilla.
4. Cool, cover and chill the mixture for about 2 hours.
5. Fold in the whipped cream.
6. For raspberry sauce, in a 4- to 5-quart Dutch oven, heat raspberries over low heat until thawed; stir in sugar.
7. Cook, uncovered, over medium-low heat for 40 minutes or until thickened to consistency of egg whites.
8. Cool for about 30 minutes; sieve to remove seeds.
9. Cut the sponge cake into 1-1/2-inch pieces.
10. Begin layering the trifle by arranging half of the cake pieces in the bottom of a clear 3-quart glass bowl.
11. Sprinkle half of the sherry over cake.
12. Spoon 1 package of strawberries over cake to cover.
13. Repeat layers.
14. Cover and chill for up to 24 hours.
15. Beat the 1 cup whipping cream with the 1 tablespoon sugar until stiff peaks form.
16. Serve the trifle topped with the raspberry sauce, sweetened whipped cream and almonds.
17. Note: if you like, layer ingredients in individual dessert dishes.",
479.0,Best 7-Up Pound Cake,"['butter', 'margarine', 'shortening', 'sugar', 'eggs', 'unbleached flour', 'vanilla extract']","1. This is an old recipe that comes from a request in the local paper for.
2. \
3. .
4. They called the 7-Up bottling company and they did not even know about it. Someone developed this on their own and never let the company know about it. BTW 7-Up comes from the popular card game in the 1930
5. ,
6. ,
7. ,
8. ,
9. ,
10. ,
11. Food Fare\","https://img.sndimg.com/food/image/upload/w_555,h_416,c_fit,fl_progressive,q_95/v1/img/recipes/47/9/picZhU6Yc.jpg"
480.0,Italian Sausage Soup,"['onions', 'garlic cloves', 'beef broth', 'italian sausage', 'dry red wine', 'italian-style tomatoes', 'basil', 'sugar', 'green pepper', 'zucchini', 'dry bow tie pasta', 'parsley']","1. In a 5-6 quart pan, combine onions, garlic and 1 cup broth.
2. Boil on high heat, stirring occasionally, until liquid evaporates and vegetables start to brown, about 10 to 14 minutes.
3. To deglaze pan, stir in 3 tablespoons water to release browned bits.
4. Cook, uncovered, until liquid evaporates and mixture begins to brown again, about 1 minute.
5. Repeat deglazing step 3 more times until mixture is richly browned.
6. Add sausage and 1/2 cup more water.
7. Stir gently until liquid evaporates and meat begins to brown, 8 to 10 minutes.
8. Add remaining 4 cups broth.
9. Stir to loosen browned bits.
10. Add wine, tomatoes and their liquid, basil, sugar, green pepper, zucchini and pasta.
11. Cover and bring to boil over high heat.
12. Simmer until pasta is just tender to bite, about 15 minutes.
13. Serve hot, with chopped parsley, salt and pepper.
14. (If made ahead, cool, cover and chill up until the next day. Reheat to simmering).",
481.0,Olive Garden Pasta E Fagioli,"['ground beef', 'carrots', 'onions', 'celery', 'canned tomatoes', 'red kidney beans', 'white kidney beans', 'oregano', 'pepper', 'fresh parsley', 'tabasco sauce', 'dry pasta shell macaroni']","1. Sauté beef in oil in large 10 quart pot until beef starts to brown.
2. Add onions, carrots, celery and tomatoes and simmer for about 10 minute.
3. Drain and rinse beans and add to pot. Also add beef stock, oregano, pepper, Tabasco, spaghetti sauce and noodles .
4. Simmer until celery and carrots are tender, about 45 minute.
5. NOTES : Makes 9 quarts! Just cut the recipe down for smaller batches.","https://img.sndimg.com/food/image/upload/w_555,h_416,c_fit,fl_progressive,q_95/v1/img/recipes/48/1/xKkJBh3tS9u6XniOwu4R_DSC_0179.JPG"
482.0,Glazed Apples With Cream Sauce,"['apples', 'butter', 'margarine', 'brown sugar', 'lemon', 'calvados', 'cinnamon', 'nutmeg', 'heavy cream', 'powdered sugar', 'nutmeg']","1. Use medium to large-sized apples. Choose apples that are good for baking.
2. Peel, core and thinly slice apples.
3. Melt butter or margarine in heavy skillet.
4. Add apples, brown sugar, lemon juice, Applejack, cinnamon, and nutmeg.
5. Cook over medium heat for about 25 to 30 minutes.
6. Turn often.
7. Apple should be caramelized and tender.
8. Serve warm with Cream Sauce.
9. CREAM SAUCE:
10. Whip 1 cup heavy cream only until soft peaks form.
11. Fold in powdered sugar and grated nutmeg.",
483.0,Tomato and Herb Salad,"['roma tomato', 'cucumber', 'purple onion', 'of fresh mint', 'fresh basil', 'fresh parsley', 'salt', 'black pepper', 'plain nonfat yogurt']","1. Cut each tomato into 4 wedges; cut each wedge in half crosswise.
2. Cut cucumber in half lengthwise; cut each piece in half lengthwise, and slice crosswise into 1/2\
3. ,
4. ,
5. ,","https://img.sndimg.com/food/image/upload/w_555,h_416,c_fit,fl_progressive,q_95/v1/img/recipes/48/3/pic8fs8f6.jpg"
484.0,Katjang Sauce: Peanut Sauce,"['onion', 'garlic cloves', 'brown sugar', 'sambal oelek', 'mild paprika', 'ginger powder', 'crunchy peanut butter', 'ketjap manis', 'milk', 'lemon juice']","1. Mix onion and garlic.
2. Place onion mixture in a bowl; add the brown sugar.
3. Mash with the back of a spoon to make a paste.
4. Brown the paste in the oil at very low heat.
5. Stir in sambal oelek, paprika, and ginger powder.
6. Add the peanut butter.
7. When the sauce is brown, add the ketjap manis and the milk.
8. Keep stirring at low heat until the sauce thickens.
9. Finally, add the lemon juice, salt and pepper.
10. If the sauce is too thick, add a little more milk until it reaches a better consistency.
11. NOTES :
12. *Ketjap manis is a sweet Indonesian soy sauce. It may be found in Dutch stores, some Chinese stores or maybe European Delis. It is worth looking for as it is just delicious!
13. *Sambal oelek is a paste made from marinaded chili peppers.
14. It can be found in Chinese groceries, or Dutch stores.",
485.0,Colcannon,"['kale', 'olive oil', 'water', 'potatoes', 'water', 'leek', 'milk', 'mace', 'butter', 'parsley']","1. In a large pot, simmer the kale along with olive oil and 2 cups water for 10 minutes.
2. Drain kale and cool a bit before chopping it finely. Set aside and cover to keep it warm.
3. In a small pot, bring potatoes and water to a boil and simmer until tender.
4. In another small pot, simmer leeks in milk for 10 minutes; turn off heat and cover to keep warm.
5. Drain the potatoes and puree them into the large pot.
6. Add leeks with the milk, and cooked kale.
7. Beat with a spoon or whisk until fluffy.
8. Season with mace, salt and pepper.
9. Top with melted butter; garnish with parsley if desired.
10. Yields 6 servings.","https://img.sndimg.com/food/image/upload/w_555,h_416,c_fit,fl_progressive,q_95/v1/img/recipes/48/5/pic05hcbl.jpg"
486.0,Amazing Nasi Goreng,"['long grain rice', 'smoked bacon', 'chicken', 'onion', 'garlic cloves', 'carrot', 'cabbage', 'water', 'leek', 'trassi oedang', 'ketjap manis', 'cumin', 'curcumae', 'sambal oelek', 'salt']","1. Boil the rice according to the instructions on the package. Make sure that the rice is fluffy.
2. In a wok or large skillet, heat the vegetable oil and fry the smoked bacon and pork or chicken until done.
3. Add the onion and garlic.
4. Turn the heat to medium and simmer for about 5 minutes.
5. Meanwhile, in a separate large saucepan, bring the carrot and cabbage to a boil in about 4 cups of water. Boil for 3 minutes; drain.
6. Add the leek and trassi oedang to the meat mixture; simmer for 3 minutes.
7. Add the cooked cabbage and carrot mixture.
8. Keep the entire mixture on low heat and stir in the beaten eggs until they are well incorporated.
9. Add the ketjap manis, cumin, curcumae, coriander, and sambal oelek if using.
10. Stir well and add the fluffy white rice.
11. Mix well and serve warm.
12. Serving Ideas:
13. May serve with sate (peanut sauce) on the side.
14. NOTES : Trassi is a shrimp paste found in Asian grocery stores. If you do not have any, you can either use peeled shrimp mixed in with the other meat, or leave it out all together.
15. Ketjap manis is a sweet soy sauce. Use regular soy sauce if you can
16. t use the cabbage in our nasi.
17. Instead of the spices listed above, we usually just buy a Nasi goreng spice mixture at a Dutch store, or Chinese market. It is easy and very good.
18. I don
19. t put it in our nasi!",
487.0,Irish Soda Bread,"['all-purpose flour', 'baking soda', 'baking powder', 'cornstarch', 'sugar', 'salt', 'buttermilk']","1. Preheat oven to 375 degrees Fahrenheit.
2. Add the flour, baking soda, baking powder, cornstarch, sugar and salt to a large bowl; mix well.
3. Add all of the buttermilk at once; stir until soft dough forms.
4. It might be a little lumpy, but don
5. ,
6. ,
7. ,
8. ,
9. ,
10. ,
11. ,
12. ,
13. ,","https://img.sndimg.com/food/image/upload/w_555,h_416,c_fit,fl_progressive,q_95/v1/img/recipes/48/7/piczyYJBV.jpg"
489.0,Butter Crepes,"['eggs', 'flour', 'milk', 'butter', 'salt']","1. Place all ingredients in blender; whirl for 1 minute.
2. Scrape down sides, then blend for another 15 seconds.
3. Refrigerate 1 hour.
4. Heat a lightly greased 6 inch skillet; remove from heat.
5. Spoon in 2 Tbsp batter; lift and tilt skillet to spread evenly.
6. Return to heat; brown on one side only.
7. To remove, invert pan over paper toweling.
8. Repeat with remaining batter.
9. Delicious filled with any flavor fruit jam, sweetened fresh peaches, cream cheese and pineapple, ham or maple syrup.",
490.0,Couscous with Currants and Cumin,"['water', 'couscous', 'currants', 'olive oil', 'onion', 'garlic', 'fresh ginger', 'cumin seed', 'orange', 'fresh coriander', 'salt']","1. In saucepan, bring water to boil.
2. Stir in couscous and currants.
3. Cover and remove from heat. Let stand 5 minutes.
4. Meanwhile, heat oil in large non-stick fry pan over medium-high heat. Add onion, garlic and ginger.
5. Saute 3 minutes or until tender.
6. Add cumin seeds.
7. Saute 1 minute. With fork, fluff couscous and currants.
8. Stir in onion mixture, orange zest and coriander.
9. Add salt and hot chili flakes to taste.",
491.0,Lemonade,"['lemons', 'sugar', 'water', 'mint', 'lemon slice']","1. Cut the lemons into dice. Put into a jug with the sugar.
2. Pour on boiling water and leave for 15 - 30 minutes until strong without becoming bitter.
3. Strain.
4. Put mint into the serving jug with ice and slices of fresh lemon an hour before serving.
5. Makes 6-8 glasses","https://img.sndimg.com/food/image/upload/w_555,h_416,c_fit,fl_progressive,q_95/v1/img/recipes/49/1/picMy6BeM.jpg"
492.0,Quick Spanish Couscous Salad,"['stuffed green olive', 'tomatoes', 'garlic', 'dried leaf thyme', 'oregano', 'couscous']","1. Stir olives, tomato, garlic, thyme and oregano into cooked couscous.
2. Serve hot, warm or cold.
3. Makes 3 cups.",
493.0,Curried Peanut Shrimp,"['orange marmalade', 'dijon mustard', 'curry powder', 'salt', 'shrimp']","1. Combine marmalade, orange juice, peanut butter, mustard, curry powder, vegetable oil, salt, peppers, and chili sauce in a blender.
2. Process until smooth.
3. Reserve 1/4 cup marinade.
4. Place remaining marinade mixture in a large zip-top plastic bag; add the shrimp.
5. Seal bag and shake to coat.
6. Marinate in refrigerator 30 minutes.
7. Prepare grill or broiler.
8. Remove shrimp from bag, reserving marinade.
9. Thread shrimp onto each of 4 (12-inch) skewers.
10. Place kebabs on a grill rack or broiler pan coated with cooking spray.
11. Cook 3 minutes on each side or until shrimp are done, basting frequently with remaining marinade.
12. Spoon reserved 1/4 cup marinade over shrimp.",
494.0,Dutch Split Pea Soup,"['leek', 'bacon', 'celery', 'onion', 'parsley', 'green peas', 'chicken broth', 'kielbasa']","1. Cut off and discard tough green tops, outer leaves, and root ends from the leeks.
2. Split leeks lengthwise and rinse well; slice thinly and set aside.
3. In a 5 or 6 quart pan over medium-high heat, stir bacon often until brown.
4. Transfer bacon with slotted spoon to paper towels, set aside.
5. Discard all but 2 Tablespoons fat from pan.
6. Add leeks, celery, onion, and chopped parsley to the pan.
7. Stir often over medium heat until vegetables are limp, about 15 minutes.
8. Return bacon to pan with split peas, broth and 1 quart water.
9. Bring to a boil over high heat.
10. Cover and simmer until peas are mostly dissolved, about 1-1/2 hours; stir occasionally.
11. Add kielbasa.
12. Stir often until sausage is hot, about 10 minutes.
13. NOTES : I sometimes use lean ham instead of bacon.",
495.0,Macadamia Bars,"['all-purpose flour', 'sugar', 'butter', 'water', 'vanilla extract', 'heavy cream', 'dark rum', 'sugar', 'salt', 'vanilla extract']","1. CRUSTS: In food processor or bowl, combine flour and sugar.
2. Add butter and process (or cut in with pastry blender) until mixture resembles coarse crumbs.
3. Add water and vanilla; process or stir just until mixture forms a ball.
4. On lightly floured surface, roll dough into a 13 by 8 inch rectangle. Press onto bottom and side of 15 1/2 by 10 1/2-inch jelly-roll pan.
5. Refrigerate for at least 30 minutes.
6. Preheat oven to 400°. Bake dough for 10 minutes.
7. Cool on wire rack.
8. Reduce oven temperature to 350° for later use.
9. FILLING: In heavy 3-quart saucepan, combine all filling ingredients except nuts.
10. Bring to a boil over medium-high heat, stirring constantly.
11. Pour filling evenly into crust and sprinkle nuts on top.
12. Bake on center oven rack 50 to 60 minutes, rotating every 20 minutes, until top is a deep golden brown.
13. Cool on wire rack.
14. Cut into 2 x 1-inch bars.",
496.0,7-Up Cake,"['pineapple instant pudding', 'eggs', 'margarine', 'sugar', 'crushed pineapple', 'flour', 'angel flake coconut', 'eggs']","1. Empty lemon supreme cake mix and instant pineapple pudding into a large mixing bowl.
2. Add oil and eggs.
3. Beat about 2 minutes.
4. Add 7-Up and mix until well blended.
5. Pour into a greased and floured cake sheet pan.
6. Preheat oven to 350 degrees Fahrenheit.
7. Bake 35 to minutes or until done.
8. While still hot spread with Icing.
9. ICING:
10. Cook margarine, sugar, pineapple, flour and eggs until thick.
11. Add coconut and blend well.
12. Spread over cake while both are still warm.","https://img.sndimg.com/food/image/upload/w_555,h_416,c_fit,fl_progressive,q_95/v1/img/recipes/49/6/piclJbARg.jpg"
497.0,Macadamia and Coconut Bars,"['butter', 'light brown sugar', 'eggs', 'salt', 'flour', 'flour', 'baking powder', 'vanilla extract', 'coconut']","1. Wet inside of a 13\
2. pan; line with aluminum foil. Butter the foil.
3. Place pan in freezer or refrigerator.
4. Beat butter until soft.
5. Add 1/2 cup of the brown sugar; beat until well-mixed.
6. Beat in 1 egg and 1/4 teaspoon salt.
7. Beating on low speed, add 1-1/4 cups flour and beat only until incorporated.
8. Place mixture by very small spoonfuls all over bottom of cold pan.
9. With floured fingertips, carefully, patiently, and slowly spread the dough in an even layer all over bottom of pan, re-flouring fingertips often.
10. Bake at 350 degrees Fahrenheit until set, about 15 minutes.
11. Remove pan from oven and let stand.
12. Do not turn off oven.
13. Shake nuts gently in a wide strainer to remove excess salt; set aside.
14. Sift together the 2 Tablespoons flour, pinch salt and baking powder; set aside.
15. Beat remaining 2 eggs and remaining 1 cup brown sugar until thoroughly mixed.
16. Beat in sifted ingredients.
17. Gently stir in 1 -1/2 cup coconut (reserve remaining coconut) and nuts.
18. Place mixture by tablespoons evenly over top of bottom layer.
19. With the bottom of a spoon spread into a smooth very thin layer.
20. Sprinkle with remaining 1 cup coconut.
21. Bake at 350 degrees Fahrenheit, reversing pan front to back once during baking, until top is richly browned and toothpick inserted in middle comes out clean, about 25 minutes.
22. Cool.
23. Cover with a cookie sheet and turn upside down.
24. Remove pan and carefully peel off the foil.
25. Cover with wax paper and another cookie sheet or cutting board and turn upside down again, leaving cake right-side up.
26. Refrigerate for a few hours or more or place in freezer for about 1 hour.
27. Cut into 32 even bars.
28. Wrap each bar in either clear cellophane or wax paper, or place bars in airtight container with wax paper between layers.",
498.0,Super Scones,"['flour', 'sugar', 'baking powder', 'baking soda', 'salt', 'butter', 'currants', 'raisins', 'egg', 'milk', 'buttermilk']","1. Combine flour, sugar, baking powder, baking soda, and salt thoroughly.
2. Cut in butter to make fine crumbs.
3. Stir in currants.
4. In small bowl, beat egg lightly; remove 1 Tablespoon and combine with cream. Set aside.
5. Add buttermilk to remaining egg.
6. Add all at once to dry ingredients, stirring with a fork to make a soft, slightly sticky dough.
7. Gather into a ball and turn out onto a lightly floured surface.
8. Knead gently a few times until smooth.
9. Roll or pat to 1\
10. ,
11. or 2.5\
12. t twist!)
13. Place on ungreased baking sheet.
14. Brush tops with reserved egg mixture.
15. Bake in 425 degree Fahrenheit oven for about 15 minutes or until golden and baked through.
16. Serve fresh baked and warm if possible.",
499.0,Ginger Biscuits,"['flour', 'caster sugar', 'margarine', 'ginger', 'baking soda', 'golden syrup', 'egg']","1. Make into 8 biscuits and cook on top of the stove at low-med., approx.
2. 5 minutes per side.",
500.0,Mississippi Mud Pie II,"['marshmallow cream', 'confectioners', ',', ',', ',']","1. Preheat oven to 350 degrees Fahrenheit.
2. Cook brownie mix as directed.
3. Spread jar of Marshmallow Cream over top while hot.
4. Cool.
5. Mix icing ingredients together.
6. Spread cooled cake with icing.",
501.0,Mississippi Mud Cake,"['butter', 'sugar', 'eggs', 'flour', 'salt', 'vanilla', 'marshmallows']","1. Melt butter and cocoa together.
2. Stir in sugar and beaten eggs .
3. Mix well.
4. Add flour, salt chopped nuts and vanilla; mix well.
5. Spoon batter into a greased 13x9x2 inch pan.
6. Bake at 350 degrees Fahrenheit for 35 to 45 minutes.
7. Sprinkle marshmallows on top of warm cake.
8. Cover with chocolate frosting (your favorite).",
502.0,Chicken Breasts in Phyllo,"['butter', 'onion', 'parsley', 'garlic clove', 'all-purpose flour', 'dry vermouth', 'dry white wine', 'olive oil', 'boneless skinless chicken breast halves', 'phyllo dough', 'butter', 'feta cheese']","1. Preheat oven to 350 degrees Fahrenheit.
2. In a skillet, melt 2 or 3 tablespoons of the butter; saute the onion until golden. Remove onion and set aside.
3. Melt 2 or 3 tablespoons butter in the same skillet; saute the mushrooms until all juices are absorbed.
4. Add the onions, parsley and garlic and saute 1 minute.
5. Stir in the flour and blend well.
6. Add the vermouth or dry white wine.
7. Stir over medium heat until thickened.
8. Season with salt and pepper to taste.
9. Remove mushroom mixture from skillet and set aside.
10. In same skillet melt remaining butter with olive oil and saute chicken until lightly browned, about 1 minute per side.
11. Remove from heat.
12. Brush one sheet of phyllo dough with melted butter and sprinkle with bread crumbs.
13. Place a second sheet of phyllo over the first; butter and sprinkle with bread crumbs.
14. Place a chicken breast in the lower half of the phyllo.
15. Put 1/4 of the mushroom mixture and 1/4 of the feta over the chicken.
16. Fold up the sides of the phyllo over the chicken, envelope style.
17. Repeat with remaining chicken breasts.
18. Place on a baking sheet, seam side down, and brush with butter.
19. Bake for 35 minutes, or until browned.
20. NOTES :
21. Recipe may be prepared in advance up to the point the chicken is wrapped in phyllo then frozen.
22. To serve, bake frozen at 350 degrees Fahrenheit for 50 minutes.","https://img.sndimg.com/food/image/upload/w_555,h_416,c_fit,fl_progressive,q_95/v1/img/recipes/50/2/pic22AQ9C.jpg"
503.0,Curried Beef and Chicken Satay,"['beef', 'chicken', 'curry powder', 'chile', 'garlic cloves', 'onions', 'lemon juice', 'honey', 'peanut butter', 'coconut milk', 'coconut cream', 'lemon juice', 'soy sauce', 'worcestershire sauce', 'chili sauce', 'salt']","1. Slice the meat into thin strips, no more than 1/4\
2. wide for both the beef and chicken.
3. Combine the curry powder, chilies, garlic, onions, salt, lemon juice, and honey in a large bowl.
4. Add the meat strips and toss well to marinate for about fifteen minutes.
5. Thread meat strips onto bamboo skewers, 3 or 4 pieces per skewer.
6. Arrange the finished skewers in a glass casserole; cover with the remaining marinade, and refrigerate while making the sauce. Brown under a broiler or grill the meat skewers.
7. Serve with a peanut butter sauce for dipping (see below). Sauce: Blend all ingredients together well to make a smooth sauce. Keep refrigerated until needed, but warm before serving.",
504.0,Baked Alaska Salmon Fillet With Mustard Sauce,"['salmon fillets', 'lemon', 'butter', 'shallot', 'dry white wine', 'heavy cream', 'stone ground mustard', 'chives', 'parsley', 'salt', 'miniature pear tomato', 'parsley sprig']","1. Arrange salmon fillets in baking pan, drizzle with combined butter and oil.
2. Top with lemon slices.
3. Bake in 400 degree Fahrenheit oven 15 minutes or until flesh is no longer translucent.
4. Mustard Sauce:
5. Lightly saute shallots in butter; add wine and reduce until nearly evaporated.
6. Add cream; cook and stir until thickened.
7. Add mustard, chives, and parsley.
8. Season to taste with salt.
9. To Serve:
10. Ladle serving of sauce on serving plate; arrange lemon topped salmon on sauce.
11. Garnish with pear tomatoes and parsley sprigs.",
505.0,Chicken Satay With Peanut Sauce,"['boneless skinless chicken breast', 'peanut butter', 'fresh coriander', 'honey', 'soya sauce', 'garlic', 'gingerroot', 'sesame seeds']","1. Preheat oven to 425 degrees Fahrenheit (220 degrees Celsius).
2. Spray baking pan with vegetable spray.
3. In a small bowl or food processor, combine peanut butter, chicken stock, coriander, rice wine vinegar, honey, sesame oil, soya sauce, garlic, ginger and sesame seeds.
4. Set 3 tablespoons (45 mL) aside.
5. Cut chicken into 1 inch (2.5 cm) cubes.
6. Thread onto 10 small bamboo or barbecue skewers.
7. Place skewers in prepared pan.
8. Brush with half of the peanut sauce that has been set aside.
9. Bake approximately 5 minutes.
10. Turn over and brush with the remaining 1-1/2 tablespoons (20 mL) sauce.
11. Bake 5 more minutes or just until chicken is done.
12. Serve with remaining peanut sauce.","https://img.sndimg.com/food/image/upload/w_555,h_416,c_fit,fl_progressive,q_95/v1/img/recipes/50/5/pic6LydaU.jpg"
506.0,Yummy and Comforting Chicken Tetrazzini,"['spaghetti', 'onions', 'green pepper', 'butter', 'chicken', 'colby', 'mild cheddar cheese', 'milk', 'pepper']","1. Cook the spaghetti according to package directions.
2. Saute the onion and green pepper in the butter.
3. Mix together all ingredients thoroughly in a large bowl.
4. Place in freezer containers, label and freeze. When thawed, bake, uncovered at 350 for 30-40 minutes or until hot and bubbly.
5. I like to add a little additional shredded cheese in the last few minutes of baking.
6. Place in containers and freeze",
507.0,Garlicky Baked Chicken Marinade,"['mayonnaise', 'garlic powder', 'kitchen bouquet', 'fresh parsley']","1. In a medium bowl, mix together the mayonnaise, Italian dressing, garlic powder, Italian seasoning, and Kitchen Bouquet.
2. Place the chicken in the marinade.
3. Cover and marinate in the refrigerator for 20 minutes.
4. Preheat oven to 350 degrees Fahrenheit.
5. Shake off the marinade from the chicken; discard excess marinade.
6. Place the chicken in a baking pan coated with non-stick spray.
7. Bake for 15 minutes or until the chicken is fork-tender and no pink remains.
8. Sprinkle with parsley before serving.
9. Note: This is great grilled or broiled too.
10. Libby
11. m going to freeze the chicken in the marinade. I think there
12. t make much difference.",
508.0,Apple or Crabapple Jelly,"['apples', 'water', 'sugar', 'cloves']","1. Wash 15 pounds of tart apples and quarter without peeling.
2. Place in a preserving pan, just cover with cold water, and simmer gently until soft and tender.
3. Drain through a jelly bag.
4. Shift the pulp gently occasionally to keep the juice flowing; do not force the juice through as this will make the jelly cloudy.
5. Measure 32 fluid ounces of juice into a 12-quart pan and boil for 5 minutes.
6. Add the sugar and boil for 5 to 8 minutes longer, or until a drop jells on a cold plate. Pour into hot clean jars and seal.
7. Continue cooking 32 fluid ounces at a time until all the juice has been used.
8. Use the pulp for making an apple cheese.
9. MINT APPLE JELLY: Cook a few sprigs of fresh mint with the apples when preparing to extract the juice. [1 or 2 drops of mint sauce may be used if fresh mint is not available.] Add a few drops of green food colouring and mint sauce just before pouring into the jars. Avoid adding too much flavouring and colouring.
10. SPICED APPLE JELLY: Tie a few whole cloves in a piece of muslin. Drop into the juice at the beginning of cooking and only remove when jelly is poured into the jars.",
511.0,Apple and Marmalade Bread and Butter Pudding,"['cooking apples', 'thick cut orange marmalade', 'raisins', 'sultanas', 'demerara sugar', 'eggs', 'milk', 'cinnamon']","1. Place half the apples in a buttered shallow dish.
2. Spread marmalade on buttered bread; use half to cover the apples.
3. Sprinkle with half the raisins/sultanas and 2 tablespoons of the sugar.
4. Beat eggs and milk together; pour into dish.
5. Let stand for 40 minutes.
6. Sprinkle with cinnamon and remaining sugar.
7. Bake in preheated oven for about one hour or until well risen and golden brown.
8. Serve hot or cold with cream custard.",
512.0,Coffee Frappe,"['coffee', 'sugar']","1. Place the ice, coffee, sugar and syrup in a blender.
2. Blend until the frappe is smooth.
3. Pour into a large, tall glass.
4. Garnish with a dollop of whipped cream.","https://img.sndimg.com/food/image/upload/w_555,h_416,c_fit,fl_progressive,q_95/v1/img/recipes/51/2/pichfRLEV.jpg"
514.0,Cafe Vienna Mix,"['instant coffee', 'sugar', 'cinnamon']","1. Stir instant coffee, sugar, dry milk powder and cinnamon together.
2. Process in a blender until powdered.
3. Use 2 teaspoons to one cup of hot water.","https://img.sndimg.com/food/image/upload/w_555,h_416,c_fit,fl_progressive,q_95/v1/img/recipes/51/4/picpQkKej.jpg"
515.0,Habanero Honey,"['habanero pepper', 'good local honey']","1. Take a sterilized canning jar (I use 8 oz jelly jars) and fill half way up with honey.
2. Stuff as many pepper halves as you can into the jar, taking care not to trap air.
3. Fill the the rest of the jar with honey and put on lid tightly. Don
4. ll be opening it again before you
5. ,
6. ,
7. ,",
516.0,Glowing Jell-O,['gelatin'],"1. Equipment:
2. 1 mold pan
3. 1 Angel food or Bundt cake pan
4. 1 Clear glass plate
5. 1 Small flashlight (I am also thinking you can buy one of those small safety flash red strobe-type lights for night use the kind that uses the AAA batteries. I have a small one that I use on my bike that may be appropriate for this kind of dish)
6. Prepare the gelatin according to package directions and pour into mold or a big plastic bowl.
7. Take a Bundt cake pan or any angel food cake pan with a hollow cylinder center where you can insert a small flashlight. Unmold the gelatin onto the clear glass plate and place the plate atop the cake pan with the flashlight underneath, standing up.
8. Turn out the lights! For extra special effect, you can put the blinking red strobe light under another small transparent glass dish or plastic wrap and put that under the gelatin as well.
9. Some ideas: blue gelatin with red flashing strobe light lime gelatin with red flashing strobe light layered gelatin mold of red, green, and yellow gelatin with lights under it Halloween Flies Last year there was a similar thread with lots of fun ideas.
10. One I remember was inserting almond slivers into black raisins to make \
11. , which you suspend in orange Jello.",
517.0,Greek Stuffed Meatloaf,"['lamb', 'hamburger', 'eggs', 'milk', 'quick oats', 'onion', 'garlic cloves', 'fresh parsley', 'salt', 'cumin', 'pepper', 'fresh spinach', 'frozen spinach', 'egg', 'feta cheese', 'ketchup', 'cinnamon', 'parmesan cheese', 'tabasco sauce']","1. Preheat oven to 350 degrees Fahrenheit.
2. Mix lamb and hamburger together.
3. Combine with eggs, milk, and oats. Set aside.
4. Saute onion in oil over moderate-low or low heat for 20 to 30 minutes until translucent and golden. Estimate the cooking time for the onions and approximately 3 to 4 minutes before the end of the cooking, add the garlic.
5. Combine meat mixture with onions, garlic, parsley, salt, cumin, and pepper.
6. In a 9\
7. baking dish, shape 2/3 of meat mixture into a hollow shell.
8. Combine spinach, egg, and feta cheese from filling ingredient list. Pack this filling into the hollow cavity of the meat loaf.
9. Sprinkle with chopped olives.
10. Cover filling with remaining meat mixture.
11. Combine ketchup, cinnamon, parmesan cheese and Tabasco sauce if using for the topping; spread over meatloaf.
12. Bake for 70 to 80 minutes.",
518.0,Garlic Rosemary Chicken,"['roasting chickens', 'rosemary', 'garlic cloves', 'red onions', 'garlic heads', 'olive oil', 'fresh rosemary']","1. Preheat oven to 450°F.
2. Remove the giblets, etc. and discard.
3. Loosen skin around chicken and stuff with rosemary and crushed garlic between the skin on breasts and drummys.
4. Lift the wingtips up and over back, and tuck under the chicken.
5. Place chicken breast side up, on broiler pan.
6. Cut thin slice from each end of onion.
7. Remove paper from garlic and chop tops.
8. Brush garlic and onions with olive oil and arrange around chicken.
9. Insert meat thermometer into meaty part of thigh.
10. Bake at 450°F for 30 minutes, reduce to 350°F and bake 1 hour and 15 minutes or until meat thermometer hits 180°F.",
519.0,Spicy Hash Browns - Homemade,"['olive oil', 'paprika', 'chili powder', 'salt', 'black pepper', 'baking potatoes']","1. Preheat oven to 400 degrees Fahrenheit.
2. Combine olive oil, paprika, chili powder, salt, red peppers, and black pepper in a large bowl; stir well.
3. Add diced potatoes and stir well to coat.
4. Place potatoes in a single layer on a cookie sheet coated with cooking spray.
5. Bake at 400 degrees Fahrenheit for 30 minutes or until browned.","https://img.sndimg.com/food/image/upload/w_555,h_416,c_fit,fl_progressive,q_95/v1/img/recipes/51/9/picrgZ5uF.jpg"
520.0,Apple Pie Cake,"['sugar', 'egg', 'salt', 'butter', 'flour', 'baking powder', 'cinnamon', 'nutmeg', 'vanilla', 'baking apples', 'pecans', 'golden raisin']","1. Cream butter, sugar and the egg.
2. Mix together the flour, baking powder, cinnamon, salt, nutmeg, vanilla, apples, pecans, and raisins.
3. Mix together well with the creamed mixture.
4. Pour the batter into a round pie dish and bake at 350 30 to 40 minutes or until the cake is done and a toothpick inserted near the center comes out clean, not doughy.",
522.0,"Apple, Chicken and Mushroom Casserole","['apples', 'chicken drumsticks', 'onion', 'salt', 'dried thyme', 'water', 'plain yogurt', 'brown button mushrooms']","1. Peel, core and dice apples.
2. Place chicken, onion and apple in a casserole dish with the mushroom soup mix, thyme, mustard and water.
3. Place a tight fitting lid on top.
4. Bake at 180 degrees Celsius for 1 hour or until chicken is tender.
5. Stir in yogurt.
6. Clean mushrooms and cut in half.
7. Mix with chicken in casserole.
8. Bake for another 15 minutes.
9. Season with salt and pepper.",
523.0,Apricot Basting Sauce,"['sugar', 'salt', 'dry white wine', 'honey', 'worcestershire sauce']","1. Mix together sugar, apricot jam, salt, apricots, wine, honey and Worcestershire sauce in a saucepan.
2. Mix together sugar, apricot jam, salt, apricots, wine, honey and Worcestershire sauce in a saucepan.
3. Heat over medium heat until jam has been melted.
4. Heat over medium heat until jam has been melted.
5. Use sauce over chicken, pork, and lamb.",
524.0,Apricot Muffins,"['fresh apricot', 'lemon juice', 'shortening', 'sugar', 'egg', 'all-purpose flour', 'baking powder', 'salt', 'nutmeg', 'milk', 'walnuts', 'granulated sugar']","1. Combine apricot pieces and lemon juice. Cream shortening and sugar, beat in egg and stir in apricots.
2. Sift flour, baking powder, salt and nutmeg; add to first mixture alternately with milk.
3. Add chopped nuts with last portion of flour.
4. Fill greased muffin tins two thirds full.
5. Sprinkle a little granulated sugar on top of each muffin.
6. Bake about 20 minutes at 350 degrees F.
7. Makes 12 muffins.","https://img.sndimg.com/food/image/upload/w_555,h_416,c_fit,fl_progressive,q_95/v1/img/recipes/52/4/picpUVW9c.jpg"
525.0,Low-Fat Cool Cauliflower Salad,"['head cauliflower', 'red onion', 'green bell pepper', 'scallions', 'fresh chives', 'basmati rice']","1. Place cauliflower in a steamer basket over boiling water.
2. Cover pan and steam about 3 minutes, until almost tender.
3. Chill .
4. Combine onion, bell pepper, scallions, chives, and cooked basmati rice in a bowl.
5. Add chilled cauliflower.
6. Drizzle with dressing and serve chilled.",
526.0,Copycat Coffee House Whipped Cappuccino,"['2% low-fat milk', 'sugar']","1. Combine espresso, milk, sugar and pectin in a pitcher or covered container.
2. Stir or shake until sugar is dissolved.
3. Chill and serve cold.
4. NOTES :
5. To make the \
6. variety, add a pinch (1/16 teaspoon) of cocoa powder to the mixture before combining.
7. To fake espresso with a drip coffee maker and standard grind of coffee:
8. Use 1/3 cup ground coffee and 1 cup of water.
9. Brew once then run coffee through machine again, same grounds.
10. Makes about 1/2 cup fresh espresso to use in the above recipe.",
527.0,Coquilles St. Jacques Duglere,"['potato', 'butter', 'milk', 'scallops', 'shallots', 'onion', 'salt', 'peppercorns', 'bay leaf', 'water', 'lemon juice', 'tomatoes', 'butter', 'flour', 'parsley', 'butter']","1. First make the potato puree. Peel and boil potatoes, drain and dry them, then beat them to a puree with the milk and butter.
2. Put scallops in a pan with the sliced shallot or onion, salt, peppercorns, and bayleaf.
3. Pour on the water, add the lemon juice and poach gently for 5 minutes.
4. (Do not let the scallops boil because this toughens them.)
5. Scald and skin the tomatoes, cut into four, remove seeds, cut flesh in four again.
6. Melt the butter in a pan, remove from heat, and stir in the flour.
7. Blend in the liquid strained from the scallops.
8. Stir over a gentle heat until liquid starts to thicken; add the creamy milk and bring to the boil.
9. Simmer for 2 or 3 minutes, taste for seasoning.
10. Add prepared tomatoes and parsley.
11. Slice or quarter the scallops and put into 4 to 6 buttered deep scallop shells; spoon the sauce over.
12. Pipe potato puree around each shell, sprinkle lightly with brown breadcrumbs and a few tiny shavings of extra butter.
13. If you prepare dish early in the day, put it in a hot oven 400 degrees Fahrenheit for 10 to 15 minutes to heat through.
14. If freshly cooked and scallops, potatoes and sauce are hot, put under the grill to glaze and brown the potatoes.",
528.0,Corn and Potato Chowder,"['bacon', 'onion', 'potato', 'red bell pepper', 'milk', 'corn', 'corn', 'fresh thyme']","1. Cook bacon in heavy large saucepan over medium heat until fat is rendered, about 3 minutes.
2. Add onion and cook until tender, stirring occasionally, for about 8 minutes.
3. Add potato and bell pepper and saute 1 minute.
4. Add 2 cups of milk and bring to a boil.
5. Reduce heat and simmer until vegetables are tender and soup thickens slightly, stirring occasionally, about 15 minutes.
6. Add creamed corn, fresh or frozen corn kernels, and 1 tablespoon thyme (or 1 teaspoon dried thyme) to soup.
7. Simmer until heated through.
8. Season to taste with salt and pepper If soup is too thick, thin with additional milk.","https://img.sndimg.com/food/image/upload/w_555,h_416,c_fit,fl_progressive,q_95/v1/img/recipes/52/8/pica4yzbf.jpg"
529.0,Corn Chowder,"['bacon', 'potatoes', 'onion', 'celery ribs', 'water', 'bacon']","1. Dice bacon, fry until crisp; drain and set aside, reserving 3 tablespoons of grease.
2. Stir diced potatoes, diced onion, and celery into the grease.
3. Add water, salt and pepper to taste.
4. Cook until soft.
5. Then add can cream style corn and can of milk.
6. Heat to desired temperature.
7. Dish up into soup bowls and garnish with crumbled bacon.",
531.0,Grilled Swordfish or Tuna Steaks,"['soy sauce', 'dried parsley flakes', 'dried oregano', 'ketchup', 'tomato sauce', 'garlic clove', 'swordfish steaks', 'tuna steaks']","1. Combine marinade and place in Ziploc plastic bag.
2. Add fish, seal and refrigerate overnight, occasionally turning bag to distribute marinade.
3. Drain marinade.
4. Grill fish on a rack, about 4 to 5 minutes on each side over hot coals or briquettes (center will be a little pink ) or as desired.
5. Overcooking causes a dry fish.",
532.0,Grilled Lamb with Lima Bean Skordalia,"['plain yogurt', 'garlic', 'fresh rosemary', 'fresh lemon zest', 'pepper', 'leg of lamb', 'frozen baby lima beans', 'garlic', 'olive oil', 'fresh lemon juice', 'fresh parsley']","1. FOR LAMB: Puree first 6 ingredients in blender or processor.
2. Score large muscles of lamb to form even thickness.
3. Rub yogurt mixture over lamb.
4. Transfer to shallow dish. Cover and chill overnight.
5. FOR SKORDALIA: Place beans in processor.
6. With machine running, add garlic through feed tube and chop.
7. Gradually add oil and puree, scraping down sides as needed.
8. Season to taste with lemon juice, salt and pepper.
9. Stir in parsley.
10. (Can be made 4 hours ahead. Cover; let stand at room temperature.)
11. Prepare barbecue (medium-high heat) or preheat broiler.
12. Season lamb with salt and pepper.
13. Grill lamb about 10 minutes per side for medium-rare. Let stand 5 minutes.
14. Cut lamb against grain into thin slices.
15. Serve lamb with skordalia and bread.",
533.0,Grilled Grapefruit-Marinated Shrimp,"['jumbo shrimp', 'grapefruits', 'olive oil', 'cilantro', 'scallions', 'extra-dry vermouth']","1. Submerge the zests of the grapefruit in olive oil and heat up to 160 degrees for five minutes.
2. Put oil and remaining ingredients in a shallow glass dish and submerge shrimp in it. Cover with plastic and refrigerate. Marinate shrimp for at least 3 hours so flavors can penetrate. Remove shrimp from marinade and place on a paper towel before grilling.
3. Grill for 1 1/2 minutes on each side over hot coals.
4. Season with salt and pepper if desired.",
534.0,Green Mango Salad With Cilantro Vinaigrette,"['mango', 'bean sprouts', 'carrot', 'lemon juice', 'low sodium soy sauce', 'garlic clove', 'granulated sugar', 'fresh cilantro']","1. Peel, seed and grate mango.
2. In a medium bowl, combine mango, bean sprouts, and grated carrot.
3. Mix remaining ingredients in a small bowl and combine with mango mixture.",
535.0,Greens and Apples,"['soy margarine', 'granny smith apples', 'greens']","1. In large saucepan, melt margarine over medium heat. Add apples and cook, stirring, until lightly browned.
2. Add remaining ingredients.
3. Cover and cook, stirring occasionally, until greens are tender.
4. Serve immediately.",
536.0,Corn Dog Casserole,"['celery', 'butter', 'margarine', 'green onions', 'eggs', 'milk', 'rubbed sage', 'pepper', 'sharp cheddar cheese']","1. In skillet, saute celery in butter for 5 min.
2. Add onions; saute 5 min.
3. Place in a large bowl; set aside. Cut hot dogs lengthwise into 1/4s, then cut into 1/3s.
4. In the same skillet, saute hot dogs for 5 min. or until lightly browned; add to vegetables. set aside 1 cup.
5. In a large bowl, combine eggs, milk, sage and pepper.
6. Add the remaining hot dog mixture. Stir in corn bread mixes.
7. Add 1 1/2 cup cheese. Spread into a shallow 3 quart baking dish.
8. Top with reserved hot dog mixture and remaining cheese. Bake, uncovered, at 400 degrees for 30 min. or until golden brown.
9. NOTES : I just use my own corn bread recipe.","https://img.sndimg.com/food/image/upload/w_555,h_416,c_fit,fl_progressive,q_95/v1/img/recipes/53/6/picA0zurt.jpg"
537.0,Apricot Pound Cake,['egg'],"1. Follow cake recipe on the back of the box except substitute apricot nectar for water.
2. Pour into a prepared (greased/flour) Bundt cake pan.
3. Cook by directions on back of box for a Bundt cake. Cool in pan.
4. Turn out onto platter.
5. Drizzle with lemon drizzle. Lemon Drizzle 1 cup powdered sugar juice of lemon Mix until slightly thin, drizzle over cake",
538.0,Ginger Layer Dessert,"['mandarin oranges', 'pears']","1. Drain the cans of fruit, reserving the syrup.
2. Place one third of the gingernuts in a layer in the bottom of a 5 cup souffle dish and spoon over just enough of the syrup to moisten the biscuits.
3. Arrange one third of the fruit on top and cover with a layer of cream.
4. Repeat the layers twice and chill in the refrigerator.
5. Decorate with chocolate vermicelli before serving.
6. Cheers, Doreen Doreen Randal, Wanganui.
7. New Zealand.",
539.0,Gingerbread Yule Log,"['eggs', 'molasses', 'butter', 'margarine', 'sugar', 'all-purpose flour', 'baking powder', 'baking soda', 'cinnamon', 'ginger', 'clove', 'salt', 'confectioners', ',', ',', ',', ',']","1. In a mixing bowl, beat yolks on high until thickened, about 3 minutes.
2. Beat in molasses and butter. In another bowl, beat whites until foamy;
3. gradually add sugar, beating until soft peaks form. Fold into yolk mixture.
4. Combine dry ingredients; gently fold into egg mixture until well mixed.
5. Line a greased 15x10x1 in. baking pan with waxed paper; grease and flour paper.
6. Spread batter into pan. Bake at 375
7. ,
8. sugar.
9. Peel off paper and roll cake up in towel, starting with short end.
10. Cool on a wire rack
11. Meanwhile, beat the first five filling ingredients in a mixing bowl until soft peaks form.
12. Unroll cake; spread with half the filling. Roll up.
13. Spread remaining filling over cake.
14. Sprinkle with cinnamon if desired.",
540.0,Grandma's Banana Ice Cream,"['eggs', 'sugar', 'vanilla', 'salt', 'bananas']","1. Beat eggs and sugar together.
2. Add next four ingredients to the ice cream maker and add enough homogenized milk to make 1 gallon liquid.
3. Freeze in maker or churn until frozen following manufacturer",
541.0,Slow-Cooker Grape Jelly Meatballs,"['lean beef', 'potato', 'egg', 'onion', 'heinz chili sauce', 'worcestershire sauce']","1. Sauce: 13 ounce bottle Heinz Chili Sauce 5 ounce jar grape jelly dash Worcestershire sauce Combine first 4 ingredients in large bowl and mix well.
2. Add enough breadcrumbs to make meatballs the proper consistency; if the mixture becomes too dry and crumbly, add a little milk and continue. Season with salt and pepper.
3. Form into small meatballs.
4. Brown meatballs, a few at a time, in a large skillet over medium- high heat. If meat is very lean, you may need to add a bit of oil to your skillet. Blend sauce ingredients and pour over meatballs.
5. Cover and simmer about 30 minutes, stirring occasionally or, transfer meatballs to a crock pot, and cook on low for several hours until done. Serve warm.",
542.0,Gray Girls' Easy Chicken Fingers,['boneless skinless chicken breast'],"1. Cut chicken into strips.
2. Dip chicken in the salad dressing and then in the smashed crackers!
3. Bake for 15-20 minutes at 400F.","https://img.sndimg.com/food/image/upload/w_555,h_416,c_fit,fl_progressive,q_95/v1/img/recipes/54/2/picWtoOPr.jpg"
543.0,Greek Chicken and Cucumber Sauce,"['lemon juice', 'olive oil', 'salt', 'pepper', 'oregano', 'cumin', 'garlic cloves', 'boneless skinless chicken', 'english cucumber', 'salt', 'skim milk yogurt', 'light mayonnaise', 'parsley', 'of fresh mint', 'garlic cloves']","1. Combine marinade ingredients and pour over chicken.
2. Marinate in the fridge for up to 24 hours.
3. Remove chicken from marinade and grill over medium heat for 5 -7 minutes per side.
4. Serve with rice, or oven roasted potatoes, and cucumber sauce.
5. Makes 4 servings.
6. Tip: The marinade can also be used on strips of chicken.
7. After marinating, thread the strips onto skewers and grill for 5 - 7 minutes per side.
8. CUCUMBER SAUCE:
9. In a strainer mix cucumber and salt and set aside for at least 15 minutes.
10. Squeeze excess liquid from cucumber.
11. Blend grated cucumber with remaining sauce ingredients and refrigerate until needed.
12. Serve with Greek Chicken.
13. Tip: If you don
14. ,",
544.0,Greek Mushroom Salad,"['olive oil', 'mushroom', 'garlic cloves', 'basil', 'marjoram', 'tomatoes', 'lemon juice', 'water', 'salt', 'fresh pepper', 'fresh parsley', 'fresh coriander']","1. Heat the oil on low in a frying pan, then gently fry the mushrooms for 2-3 minutes.
2. Do not overcook.
3. Sprinkle in garlic and basil, then toss the mixture for a minute or two so that mushrooms are well coated.
4. Add the tomato, lemon juice, water, salt, and pepper.
5. Stir together and cook until the tomato softens.
6. Remove from heat and let cool.
7. Garnish with chopped herbs.","https://img.sndimg.com/food/image/upload/w_555,h_416,c_fit,fl_progressive,q_95/v1/img/recipes/54/4/picm6OUo3.jpg"
545.0,Greek Salad,"['boiling potatoes', 'green bell peppers', 'parsley', 'green onion', 'head of lettuce', 'watercress', 'tomatoes', 'cucumber', 'avocado', 'feta cheese', 'green pepper', 'beets', 'jumbo shrimp', 'anchovy fillets', 'radishes', 'green onions']","1. Boil potatoes in skins for 30 minutes.
2. Drain, cool and cut into slices in a bowl.
3. Add peppers, onions and parsley.
4. Fold in salad dressing and lightly salt if wanted.
5. Should be about 3 cups Salad ingredients needed 1 head of lettuce shredded, saving the good outer leaves 12 sprigs of watercress 2 tomatoes cut into 12 wedges 1 cucumber cut into 8 fingers 1 avocado cut into 8 wedges 4 portions of Feta cheese, blocks are good for slicing into squares 1 green pepper cut into 8 rings 4 slices of cooked beets (bottled is fine) 4 jumbo cooked shrimp 4 anchovy fillets 12 Greek olives 12 Salonika peppers 4 radishes cut into rosettes 4 whole green onions Line platter or LARGE (this is a meal!) bowl with the outside of the lettuce leaves.
6. Place the 3 cups of potato salad in a mound in the center of the lettuce. Cover with the remaining shredded lettuce, mounding it up high.
7. Arrange the watercress on top.
8. Place the tomato wedges around the bottom outer edge of the lettuce. Place the cucumber fingers in-between the tomatoes standing upright on the lettuce. Put avocado around the same way so you have tomato, cucumber, avocado repeating all round.
9. Place the 4 fetas around the top in a circle. Add the beets on the feta and the shrimp on the beet. Place the anchovy on top of the shrimp/beet/feta.
10. Place the olives, peppers, green onions as desired.
11. This is a beautiful dish.
12. You will see the empty spots to fill.
13. Dressing 1/4 cup white vinegar 1/4 cup olive oil 1/4 cup vegetable oil oregano Blend the two oils.
14. Sprinkle the entire salad with the vinegar then with the blended oils.
15. Sprinkle oregano all over.
16. Serve immediately.
17. If you want to make it early in the day, wait until serving time to do the feta, beet, shrimp, anchovy.
18. The beet will stain the cheese. We find it hard to destroy this work of art until we remember how wonderful it is!! Serve with toasted garlic bread for a meal.
19. Diane Pyburn",
546.0,Green Death Tuna Sandwich,"['tuna', 'mayonnaise', 'avocado', 'pepper', 'cheese slices']","1. Mix first five ingredients together.
2. Toast whole grain bread.
3. Top two slices with cheese followed by the tuna salad.
4. Cover with remaining toasted bread.
5. Variation: Green Death Tuna Melt. Fill two pieces of bread with cheese and tuna salad. Butter the outsides of the bread and cook as for grilled cheese sandwiches.",
547.0,Baked Creamed Potatoes,"['potatoes', 'mayonnaise', 'sour cream', 'milk', 'eggs', 'mustard', 'parsley', 'cheese', 'parmesan cheese']","1. Peel and chop potatoes, cook in boiling salted water until tender, drain well.
2. Mash until smooth, mix with mayonnaise, sour cream, milk, lightly beaten eggs, mustard and parsley; season with salt and pepper.
3. Press mixture though a sieve, spoon mixture evenly into a greased casserole dish.
4. Sprinkle with grated cheeses.
5. Bake in a moderate oven 20 - 30 minutes or until golden on top.","https://img.sndimg.com/food/image/upload/w_555,h_416,c_fit,fl_progressive,q_95/v1/img/recipes/54/7/picLqiIR3.jpg"
548.0,Grilled Bourbon Salmon,"['soy sauce', 'brown sugar', 'bourbon', 'fresh cracked pepper', 'garlic powder', 'salmon fillet']","1. Combine juice, soy, brown sugar, bourbon, pepper, garlic powder and oil in a bowl.
2. Remove all skin from the salmon.
3. Place the salmon in a glass dish side by side. Pour some of the marinade over (reserve some for basting while grilling). Refrigerate for at least 1 hour a few hours will be even better.
4. Drain and grill over med.-high about 5-7 minutes per side or until fish flakes-basting with the reserved marinade.","https://img.sndimg.com/food/image/upload/w_555,h_416,c_fit,fl_progressive,q_95/v1/img/recipes/54/8/pic6LZJLm.jpg"
549.0,Grilled Chicken & Veggie Pizza,"['boneless skinless chicken', 'zucchini', 'onion', 'mozzarella cheese', 'tomatoes', 'fresh basil']","1. Coat chicken with salad dressing and barbecue over medium heat for 5-7 minutes per side. Cool slightly and slice thinly.
2. Barbecue red pepper until skin is blackened on all sides.
3. Put pepper in a plastic bag and close bag until pepper is cool enough to handle. Remove and discard skin, seeds and core. Cut pepper into strips.
4. Slice zucchini lengthwise and slice onion into thick slices.
5. Barbecue until softened.
6. Cut zucchini into bite size pieces.
7. Sprinkle 1 cup of cheese over pizza crust and top with tomato slices.
8. Arrange chicken and vegetables on top and sprinkle with remaining cheese and fresh basil.
9. Put pizza on the barbecue, close the lid, and bake for 3 to 5 minutes or until the crust is lightly browned and the cheese has melted.
10. Serves 2 to 4 people.",
550.0,Grilled Bell Peppers,"['bell pepper', 'olive oil']","1. Take several bell peppers, cleaned of the stems and seeds. Cut into strips lengthwise. These can be four to six depending on the size of the peppers and your preference.
2. Season LIGHTLY with salt and freshly ground black pepper.
3. Brush both sides of the strips with good olive oil.
4. Place skin side down on hot grill, until skin blisters and peppers soften (3-8 minutes depending on grill). You can let the skin brown a bit if desired.
5. Turn peppers and grill until inner side is done (about half the time of the skin side -- 2-4 minutes).
6. Try this with different color peppers. Maybe add a few green onions.
7. Try this with Anaheim peppers -- Very good!
8. Try adding sliced zucchini, too.","https://img.sndimg.com/food/image/upload/w_555,h_416,c_fit,fl_progressive,q_95/v1/img/recipes/55/0/picQzBF8p.jpg"
551.0,Grilled Pineapple and Bananas with Mango Sorbet,"['pineapple', 'brown sugar', 'cinnamon', 'nutmeg', 'bananas']","1. Cut pineapples in half lengthwise, leaving top with leaves attached if you wish to serve it the pineapple shell.
2. Remove most of the pineapple from the halves, in one piece if possible, using a paring knife and grapefruit knife. Cut the pineapple inside piece in half lengthwise and cut out the core. Cut in half lengthwise again and then cut each piece into 2.
3. (You should end up with about 8 long slices from each pineapple.) In a small bowl, combine brown sugar with cinnamon and nutmeg.
4. Toss half this mixture with the pineapple. Peel bananas just before cooking, cut in half crosswise and lengthwise. Toss with remaining sugar.
5. Barbecue pineapple or broil until browned and partially cooked, about 8 to 10 minutes.
6. Cook bananas until browned, about 5 minutes.
7. Serve \
8. of pineapple and bananas in pineapple shells with a scoop of sorbet. NOTE: If you are not serving it in the shells, buy the pineapple already peeled and cored.
9. It can be cut into rounds or sticks.",
552.0,Garlic Cauliflower,"['olive oil', 'cauliflower florets', 'red bell pepper', 'garlic cloves', 'water']","1. Heat oil in a heavy nonstick skillet over medium high heat.
2. Saute next 4 ingredients 2-3 minutes, stirring frequently.
3. Add stock, cover skillet and cook another 3-4 minutes or until cauliflower is tender.","https://img.sndimg.com/food/image/upload/w_555,h_416,c_fit,fl_progressive,q_95/v1/img/recipes/55/2/picEYk4VI.jpg"
555.0,Garlic Greek Sauce,"['yogurt', 'cucumber', 'garlic', 'salt', 'pepper', 'lemon juice']","1. Cut up the cucumber into very small pieces. Sprinkle them with a little salt
2. and let them sit for a few minutes. This will draw out excess moisture.
3. Rinse them (but don
4. ,
5. ,
6. ,
7. ,",
556.0,Garlic Pizza Crust,"['water', 'sugar', 'salt', 'flour', 'garlic cloves']","1. Dissolve yeast in water and add sugar.
2. wait a few minutes.
3. add oil and salt and garlic .
4. mix in 3 cups flour and whip about 10 min till it leaves the side of the mixer bowl.
5. add remaining flour w/ dough hook or by hand.
6. knead till smooth.
7. allow to rise twice in the bowl.
8. punch down.
9. (I rush this a bit) oil baking sheets .use fingers press out to edges.
10. Makes 2 pizzas, cookie sheet size, let rise a bit and top.
11. bake at 425* 20min.this is fantastic.
12. crust smells slightly like garlic bread.
13. but is notstrong.
14. We usually make one cheese and the other with ground.
15. beef, ham, onion and mushroom.
16. Even the kids say it is the best crust so far.
17. This makes 2 cookie sheet sized or 12 after school snack size I form them in thebottom of a cheapo pie pan, top and bake completely and put them in zip bags.","https://img.sndimg.com/food/image/upload/w_555,h_416,c_fit,fl_progressive,q_95/v1/img/recipes/55/6/picvxagfH.jpg"
557.0,Baked Breakfast Potatoes,"['black pepper', 'nonfat sour cream', 'sour cream', 'low-fat sharp cheddar cheese', 'sharp cheddar cheese', 'kraft healthy favorites fat free cheddar', 'cheddar cheese', 'potatoes']","1. In a large bowl combine all ingredients except the corn flakes.
2. Mix well and pour into a 9 X 13 inch casserole sprayed with non-stick cooking spray.
3. Sprinkle crushed corn flakes on top.
4. Bake at 350 degrees F or 45 to 60 minutes.",
558.0,German Potato-Cheese Soup,"['water', 'chicken broth', 'pepper', 'carrots', 'potatoes', 'onion', 'celery', 'mayonnaise', 'processed cheese', 'cheddar cheese', 'swiss cheese']","1. Peel and prepare vegetables.
2. In a large cooking pot, add water, chicken broth, chicken soup base, black pepper, carrots, potatoes, onions and bring to boil.
3. Reduce heat and simmer for 15 minutes or until vegetables are tender; stirring occasionally.
4. Add celery, sweet red pepper and simmer for 5 minutes more. Gradually add mayonnaise to hot soup, whisking until smooth.
5. Reduce heat to medium and add processed cheese, sharp cheddar cheese and Swiss cheese and simmer for 5 minutes or until cheese melts and soup is creamy; stirring constantly.
6. Add instant mashed potatoes and stir well.
7. Let soup sit for 15 minutes before serving.
8. This soup is very rich, but good.
9. Refrigerate any unused portion.
10. Serves 12","https://img.sndimg.com/food/image/upload/w_555,h_416,c_fit,fl_progressive,q_95/v1/img/recipes/55/8/piceCJz28.jpg"
559.0,Ginger Fried Chicken,"['whole chickens', 'garlic', 'japanese soy sauce', 'salt', 'pepper', 'flour', 'eggs']","1. Add ginger, garlic, soy sauce, salt, and pepper to chicken, mix well, and marinate overnight. Add eggs to chicken.
2. Mix together well.
3. Add flour to coat. Mix well.
4. Fry until golden, about 5 minutes.
5. Finish in oven, 350 degrees for 30-35 minutes.",
560.0,Gladys' Sweet Onion-Sausage Casserole,"['no. 1 onions', 'sausage meat', 'salt', 'seasoning salt', 'cheddar cheese', 'pimento pepper']","1. Put onions in bottom of 12\
2. Pyrex dish.
3. Add Ritz crackers, then sausage meat.
4. Add a layer of onions, cream of mushroom soup, salt, and seasoning salt.
5. Sprinkle layer of cheese and pimento.
6. Bake in preheated oven at 400F for 1 hour.",
561.0,Golden Baked Fish,"['pepper', 'salt', 'mayonnaise', 'dill weed', 'onion', 'fresh dill', 'lemon wedge']","1. Place fish in a greased 13-in X 9-in x 2 baking dish; sprinkle with pepper.
2. Beat egg white with salt if desired until stiff peaks form.
3. Fold in mayonnaise, dill and onion juice, spoon over fish.
4. Bake uncovered at 425 degrees for 15 to 20 minutes or until topping is puffed and golden and fish flakes easily with a fork.
5. Garnish with dill and lemon if desired.","https://img.sndimg.com/food/image/upload/w_555,h_416,c_fit,fl_progressive,q_95/v1/img/recipes/56/1/pic7DAqOf.jpg"
562.0,Baked Crabmeat,"['green peppers', 'celery', 'fresh parsley', 'prepared mustard', 'pepper', 'egg substitute', 'calorie-reduced mayonnaise', 'fresh crabmeat']","1. Using a nonstick skillet, coat with cooking spray and place over medium-high heat until hot.
2. Add chopped pepper and celery and saute until tender; approx. 5 minutes.
3. Remove from heat and add parsley, mustard, ground pepper and hot sauce & stir well.
4. In a separate bowl, beat eggs lightly and combine with mayonnaise; stir with wire whisk until smooth.
5. Add celery mixture and crabmeat; stirring gently.
6. Divide into individual baking cups and place on baking sheet. Bake at 375 degrees for 15 to 20 minutes.",
563.0,Grape-Nuts Pie,"['water', 'eggs', 'sugar', 'dark corn syrup', 'salt', 'vanilla', 'butter']","1. Combine grapenuts and warm water.
2. Let stand until water is absorbed.
3. Combine beaten eggs with all ingredients except pie shell.
4. Fold in grapenuts.
5. Spoon into pie shell.
6. Bake at 350 for 50 minutes.","https://img.sndimg.com/food/image/upload/w_555,h_416,c_fit,fl_progressive,q_95/v1/img/recipes/56/3/x5DL56UORN2WSzPK6bEL_IMG_4001.JPG"
564.0,Greek Lentil & Olive Salad,"['olive oil', 'lemon juice', 'anchovy paste', 'pepper', 'green lentils', 'oil-cured black olive', 'fresh oregano', 'parsley']","1. In large bowl, whisk together oil, lemon juice, anchovy paste and pepper.
2. Stir in lentils, olives and oregano.
3. Cover and let stand for 1 hour.
4. (Salad can be refrigerated in airtight container for up to 8 hours; let stand at room temperature for 30 minutes.) Makes 2 cups (500 mL).",
565.0,Greek Low-Fat Red Pepper Feta Dip,"['feta cheese', 'red wine vinegar', 'granulated sugar', 'cayenne']","1. Place peppers on greased grill over medium-high heat; close lid and cook, turning often, for 15 to 20 minutes or until charred.
2. Let cool; peel and seed.
3. In blender or food processor, puree together peppers, feta cheese, vinegar, sugar and cayenne.
4. (Dip can be refrigerated in airtight container for up to 5 days; let stand at room temperature for 30 minutes.).","https://img.sndimg.com/food/image/upload/w_555,h_416,c_fit,fl_progressive,q_95/v1/img/recipes/56/5/picMa7teL.jpg"
566.0,Greek Salad Dressing,"['minced garlic clove', 'salt', 'pepper', 'olive oil', 'red wine vinegar', 'oregano']","1. Place all ingredients in a jar, seal tightly and shake well.","https://img.sndimg.com/food/image/upload/w_555,h_416,c_fit,fl_progressive,q_95/v1/img/recipes/56/6/picweTCoR.jpg"
567.0,Corn Dogs,"['yellow cornmeal', 'flour', 'baking powder', 'salt', 'egg', 'milk']","1. Combine cornmeal, flour, baking powder, salt and egg; mix well.
2. Stir in milk to make a thick batter; place in a tall narrow glass. Let stand 4 minutes to thicken.
3. Meanwhile, heat oil to 375 degrees F.
4. Pat hot dogs dry. Dust with flour if desired. Insert sticks in hot dogs; dip into batter. Let excess drip off.
5. Fry until golden brown, about 5-6 minutes. (I
6. ,","https://img.sndimg.com/food/image/upload/w_555,h_416,c_fit,fl_progressive,q_95/v1/img/recipes/56/7/MdQ79eiR9GAblTjaQZrg_corn-dog-2.jpg"
568.0,Corn Fritters,"['flour', 'baking powder', 'salt', 'egg', 'milk', 'butter', 'corn']","1. Mix the dry ingredients, gradually adding the milk and well beaten egg.
2. Beat thoroughly and then add the melted butter and corn.
3. Drop by spoonfuls into hot deep fat and fry until well browned.
4. Drain on brown paper.","https://img.sndimg.com/food/image/upload/w_555,h_416,c_fit,fl_progressive,q_95/v1/img/recipes/56/8/qOPo66bcT42sICG2GWP6_corn%20fritters.JPG"
569.0,Fresh Crab Cocktail,"['tomato sauce', 'horseradish', 'burgundy wine', 'lemon juice', 'pepper', 'salt']","1. Combine all ingredients by hand and chill thoroughly.
2. Crab Cocktail 2 whole fresh Dugeness crab, cleaned and cracked Shredded fresh icebury lettuce 2 fresh lemons, quartered Line a serving bowl with the shredded lettuce. Arrange a cracked crab attractively on top of lettuce and garnish with lemon quarters.
3. Serve cocktail sauce in separate bowl.
4. Serves 4 a list for those seeking a lost favorite or family recipe",
570.0,Bacon-Swiss Tossed Salad,"['mayonnaise', 'sugar', 'salt', 'pepper', 'red onion', 'swiss cheese', 'bacon']","1. In a small bowl, combine mayonnaise, sugar, salt and pepper.
2. In a large salad bowl, layer a third of the greens and a third of the mayonnaise mixture, onion, peas and cheese.
3. Repeat the layers twice.
4. Cover and refrigerate for at least 2 hours.
5. Just before serving, add the bacon and toss.",
571.0,Fried Cornbread,"['salt', 'boiling water']","1. Mix cornmeal and salt together in large mixing bowl.
2. Pour approximately 2 cups boiling water over dry ingredients.
3. Mix well.
4. After the mixture cools slightly, shape mixture into balls about the size of golfballs, one at a time. You must wet your hands with water before you make each ball.
5. Flatten the ball with your fingers.
6. Fry in skillet (preferably cast iron) with about 1/2 inch of hot oil.
7. Fry until golden brown on both sides.
8. Delicious!","https://img.sndimg.com/food/image/upload/w_555,h_416,c_fit,fl_progressive,q_95/v1/img/recipes/57/1/picV7RbgS.jpg"
572.0,Fried Green Tomatoes,"['green tomatoes', 'sugar', 'flour', 'salt', 'pepper', 'butter']","1. Sprinkle sliced tomatoes with sugar, let stand about 15 minutes.
2. Combine flour, salt and pepper and coat tomato slices.
3. Melt 2 tbsp butter in skillet.
4. Brown tomatoes slowly on both sides.
5. Remove each batch to oven proof platter and keep in oven until all tomatoes are cooked.
6. Add more butter if needed.
7. For crisp slices, serve as is.
8. Or add 1/2 cup light cream or dairy half and half to skillet. Heat, stirring into drippings, and pour over tomatoes.","https://img.sndimg.com/food/image/upload/w_555,h_416,c_fit,fl_progressive,q_95/v1/img/recipes/57/2/picBXHqfo.jpg"
573.0,Fried Yellow Squash,"['buttermilk', 'yellow cornmeal', 'all-purpose flour', 'salt']","1. Soak squash in buttermilk to cover, at least 5 minutes.
2. Mix dry ingredients together.
3. Dredge marinated squash in cornmeal mixture (I use a Ziploc baggie & shake until covered).
4. Fry in vegetable oil until golden, turn and fry until lightly golden on other side.
5. Salt lightly, remove from oil, & drain on paper towels.
6. This is delicious - also works for fried green tomatoes (cut green tomatoes at least 1/4\
7. ,
8. ,",
574.0,Frozen White Truffles,"['nonfat vanilla ice cream', 'chocolate ice cream', 'white chocolate']","1. Scoop ice cream into 6 balls; place onto a small cookie sheet or a 9\
2. ,
3. ,
4. ,
5. ,
6. ,",
575.0,Baked Apple Slices,"['apples', 'butter', 'sugar', 'cinnamon']","1. Cut apples into 8 or 12 slices each (like quarters).
2. toss in bowl with sugar and cinnamon, then toss in the melted butter. put in baking dish and bake at 425 basting every 10 min until done. Slices will be tender but will hold their shape.",
576.0,Fruit Salad,"['crushed pineapple', 'bananas', 'frozen strawberries', 'cream cheese', 'sugar']","1. Dip chopped banana pieces in pineapple juice to keep them from turning too brown.
2. Drain and discard pineapple juice.
3. Mix fruits, nuts, cream cheese and sugar in bowl.
4. Fold in whipped topping.
5. Spread in 9 x 13-inch pan.
6. Freeze until firm.","https://img.sndimg.com/food/image/upload/w_555,h_416,c_fit,fl_progressive,q_95/v1/img/recipes/57/6/picwBlB4j.jpg"
577.0,Garam Masala,"['cinnamon sticks', 'whole cardamom pod', 'whole cloves', 'whole cumin seed', 'whole coriander seed', 'whole black peppercorn']","1. Preheat oven to 200.
2. Spread the cinnamon, cardamom, cloves, cumin, coriander and peppercorns in one layer in a large shallow roasting pan.
3. Roast on the bottom shelf of the oven for 30 minutes, stirring and turning the mixture 2 or 3 times with a large wooden spoon.
4. Do not let the spices brown.
5. Break open the cardamom pods between your fingers or place them one at time on a flat surface and press down on the pod with the ball of your thumb to snap it open.
6. Pull the pod away from the seeds inside and discard it. Set the seeds aside. Place the roasted cinamon sticks between the 2 layers of a folded linen towel and pound them with a rolling pin or a kitchen mallet until they are finely crushed.
7. Combine the cardamom seeds, crushed cinnamon, cloves, cumin seeds, coriander seeds and peppercorns in a small pan or bowl and stir them together until they are well mixed.
8. Grind the spices a cup or so at a time by pouring them into the jar of an electric blender and blending at high speed for 2 or 3 minutes, until they are completely pulverized and become a smooth powder.
9. If the machine clogs and stops, turn it off, stir the spices once or twice, then continue blending.
10. As each cupful of the spices is grounded, transfer it to a jar or bottle with a tightly fitting lid.
11. Garam Masala may be stored at room temperature in an airtight container, and will retain its full flavor for 5 to 6 months.",
579.0,Garlic Meatballs in Lemon Sauce,"['beef', 'garlic', 'parsley', 'mint', 'paprika', 'salt', 'pepper', 'eggs', 'tomato sauce', 'lemons', 'lemon juice', 'mint']","1. LEMON SAUCE: 8 oz can tomato sauce grated rind of 2 lemons 1/4 cup lemon juice salt and pepper to taste 1 Tbsp minced mint Combine all ingredients for the meatballs and form into walnut-sized balls.
2. Place in crockpot. Mix the sauce ingredients together and pour over the meatballs.
3. Cover and cook on LOW 4 - 6 hours.
4. Serve with rice.",
580.0,Garlic Mushroom Sauce,"['garlic', 'button mushrooms', 'butter', 'red wine', 'green peppercorn', 'sour cream', 'salt']","1. Crushed garlic, peel and chop finely.
2. Wipe mushrooms and slice finely.
3. Melt butter in a saucepan and add garlic and mushrooms.
4. Cook 2 minutes.
5. Add the red wine and peppercorns.
6. Bring to the boil and simmer 3 - 4 minute. Stir in the sour cream and salt. Drizzle sauce over chicken or steaks.
7. Cheers, Doreen Doreen Randal, Wanganui.
8. New Zealand.",
581.0,Garlic Potato Balls,"['butter', 'margarine', 'small whole potatoes', 'fresh parsley']","1. In a skillet, melt butter over medium heat.
2. Add potatoes and sprinkle with garlic salt.
3. Cook and stir for 15-18 minutes or until golden brown.
4. Garnish with parsley.",
582.0,German Onion Cake,"['onions', 'butter', 'salt', 'black pepper', 'dried marjoram', 'all-purpose flour', 'cornstarch', 'baking powder', 'vegetable shortening', 'milk', 'egg', 'sour cream', 'poppy seeds', 'paprika']","1. In medium skillet, saute the onions in butter over low heat until they just begin to brown, about 15 minutes.
2. Season with 1/4 tsp of the salt, the marjoram and the pepper.
3. Set aside to cool.
4. Preheat oven to 450°F.
5. In a food processor bowl place flour, cornstarch, baking powder, and the remaining salt; mix.
6. Add the shortening and process just until it is the texture of soft crumbs.
7. Add the milk and mix quickly to form a soft dough.
8. Oil a 10 inch round cake pan and lightly use your fingers to spread the dough out evenly.
9. Spread the cooked onion over the top.
10. Beat the egg and sour cream together.
11. Spoon the mixture over the onion, and spread it out to the very edge of the pan.
12. Sprinkle lightly with poppy seeds and paprika.
13. Bake for 20 minutes.
14. Let cool slightly, then cut into wedges.",
583.0,"Corn, Onion and Corn Rolls","['lemon juice', 'cider vinegar', 'cheese', 'canned whole kernel corn']","1. Mix 1 can reduced cream, 1 pkt onion soup mix, and spread about 1 Tbsp over each slice of bread.
2. Roll up and secure with a toothpick. Place on an oven tray,toothpick side down. Brush each roll lightly with melted butter.
3. Bake in pre-heated oven 200 C for 15-20 minutes or until golden brown.
4. Remove toothpicks and cut each roll in half before serving.","https://img.sndimg.com/food/image/upload/w_555,h_416,c_fit,fl_progressive,q_95/v1/img/recipes/58/3/picjQoyjG.jpg"
584.0,Cornbread and Cheese Muffins,"['yellow cornmeal', 'whole wheat flour', 'baking powder', 'sugar', 'salt', 'egg substitute', 'nonfat cottage cheese', 'nonfat cheddar cheese']","1. Preheat oven to 400.
2. Lightly spray muffin cups with nonstick cooking spray.
3. In a large bowl, combine cornmeal, flour, baking powder, sugar, and salt; mix well.
4. In a separate bowl, combine egg substitute, creamer, and cottage cheese; blend until smooth.
5. Using electric mixer, add egg mixture to flour mixture and blend until smooth.
6. Fold in shredded cheese and let stand 5 minutes at room temperature. Fill muffin cups 3/4 full and bake 25 to 30 minutes, until toothpick inserted in center comes out clean.",
585.0,Bacon and Potato Pie,"['bacon', 'onion', 'milk', 'flour', 'eggs', 'potatoes']","1. Trim bacon, chop finely.
2. Peel potatoes and grate. Peel and chop onion finely, and mix all together.
3. Add flour.
4. Beat eggs and season, add milk.
5. Blend with bacon mixture. Melt dripping in shallow pan.
6. Pour mixture in .
7. Bake at 400 F for 3/4 hour.
8. When cooked cut into squares and serve. Cheers, Doreen Doreen Randal, Wanganui.
9. New Zealand.","https://img.sndimg.com/food/image/upload/w_555,h_416,c_fit,fl_progressive,q_95/v1/img/recipes/58/5/slEyHK7TdGhyEaLxcorA_DSCN1151.JPG"
586.0,Flake-and-Fruit Squares,"['sunflower seeds', 'sesame seeds', 'dried dates', 'butter', 'miniature marshmallows', 'vanilla']","1. Line 9-inch (2.5 L) square pan with foil and grease foil.
2. In large bowl, combine cornflakes, sunflower seeds, almonds, sesame seeds, dates and apricots.
3. In large saucepan, melt butter over low heat; stir in marshmallows and heat until melted, stirring constantly.
4. Stir in vanilla.
5. Stir into cornflake mixture until well blended; spoon into prepared pan and pack firmly.
6. Refrigerate until set, about 1 hour.
7. Remove from pan; cut into squares.
8. (Store in airtight container in refrigerator for up to 3 days.) Makes 16 squares.",
587.0,Four Treasure Chicken Soup,"['water chestnuts', 'chicken breast', 'green onion', 'soy sauce', 'flour', 'chinese hot mustard', 'carrot', 'chicken broth', 'garlic powder', 'dry sherry']","1. Mince half of the water chestnuts and combine with chicken, 2 t.sp onions, soy sauce, mustard and flour.
2. Reserve remaining water chestnuts and onions.
3. In a large saucepan mix broth, sherry and garlic powder; boil.
4. Drop chicken mixture by teaspoonfuls into broth.
5. Add carrots and simmer 3 to 4 minute.
6. until meatballs are cooked.
7. Add remaining water chestnuts, green onions and pea pods.
8. heat through and serve immediately.
9. From: Lisa Tucker Source: http://soar.Berkeley.edu/recipes.",
588.0,Fragrant Lamb Stew with Dried Fruits,"['lamb', 'onions', 'garlic', 'carrot', 'curry powder', 'cinnamon', 'fresh ginger', 'ginger', 'clove', 'lemon, zest of', 'cayenne pepper', 'red pepper flakes', 'fresh rosemary leaf', 'water', 'red wine', 'canned plum tomatoes', 'fresh lemon juice', 'fresh cilantro leaves']","1. -Preheat oven to 350 degrees F.
2. Heat olive oil in bottom of 4 to 5 quart heavy-bottomed Dutch oven.
3. Brown cubes of lamb in oil, in batches, remove lamb to plate. Add onions to pot, scraping up brown bits and stirring.
4. When softened, add crushed garlic; stir to incorporate, then add carrots.
5. Cook 2 to 3 minutes.
6. Add curry, salt, pepper, cinnamon, ginger, cloves, lemon zest, cayenne or pepper flakes, and rosemary.
7. Stir to mix in well, then add water and wine. Raise heat and let the liquids bubble. Lower heat, then add the tomatoes, balsamic vinegar, and the lamb cubes.
8. Add dried fruits, the lemon juice, and the almonds.
9. Adjust seasonings to taste, adding more water if the stew seems too thick.
10. Add 1/2 cup of cilantro, cover pot, and place in oven for 75 to 90 minutes.
11. From time to time, check stew, adding water as needed to keep it moist. When lamb is tender and dried fruits have softened almost enough to become part of the sauce, remove from oven and stir in remaining cilantro.
12. Let stew rest 5 minutes and serve.","https://img.sndimg.com/food/image/upload/w_555,h_416,c_fit,fl_progressive,q_95/v1/img/recipes/58/8/picOTuGfB.jpg"
589.0,Tom's Tomato Soup French Dressing,"['vinegar', 'sugar', 'onions', 'paprika', 'salt', 'pepper', 'garlic cloves']","1. Mix in blender until smooth.
2. Refrigerate in closed container.
3. Keeps well.",
590.0,French Roasted Vegetable Sandwiches,"['eggplant', 'tomatoes', 'onion', 'olive oil', 'garlic', 'dried rosemary', 'nonfat plain yogurt', 'parmesan cheese']","1. Preheat the oven to 400F.
2. Coat a large baking sheet with no-stick spray.
3. Arrange the eggplant, peppers, tomatoes, and onions on the sheet. Brush with the oil.
4. Sprinkle with the garlic and rosemary.
5. Bake for 45 minutes, or until golden brown and tender.
6. Split the bread horizontally and scoop out the interior, leaving a 1\
7. ,
8. ,
9. ,
10. ,
11. ,
12. ,
13. ,
14. ,",
591.0,Fresh Herb Scones,"['flour', 'fresh parsley', 'sugar', 'fresh thyme', 'dried thyme', 'baking powder', 'fresh rosemary', 'dried rosemary', 'salt', 'butter', 'margarine', 'milk', 'egg']","1. Heat oven to 400 degrees.
2. Lightly grease cookie sheet. In a large bowl, combine flour, parsley, sugar, thyme, baking powder, rosemary and salt; mix well.
3. With pastry blender or fork, cut in butter until mixture resembles coarse crumbs.
4. Stir in milk and egg just until moistened.
5. On floured surface, gently knead dough 10 times.
6. Place on cookie sheet; roll or pat dough into a 6\
7. ,
8. ,
9. ,
10. ,","https://img.sndimg.com/food/image/upload/w_555,h_416,c_fit,fl_progressive,q_95/v1/img/recipes/59/1/picVY08of.jpg"
592.0,Fresh Salsa,"['tomatoes', 'onions', 'green bell pepper', 'garlic cloves', 'cilantro', 'salt', 'sugar']","1. Using a blender or food processor, add equal amounts of each vegetable and using pulse, process just until it is still chunky.
2. Drain, reserving liquid.
3. Repeat until all vegetables have been processed.
4. Mix drained salsa, adding sugar, cilantro and salt. Add some of drained liquid to make it desired thickness.
5. If it is too spicy, add more tomatoes.
6. Refrigerate in glass container and use on tortilla chips, tacos, scrambled eggs, or as a relish.
7. Will keep for up to one week.","https://img.sndimg.com/food/image/upload/w_555,h_416,c_fit,fl_progressive,q_95/v1/img/recipes/59/2/pic6mpr4K.jpg"
593.0,Fried Green Tomatoes II,"['green tomato', 'salt', 'pepper', 'white cornmeal', 'bacon drippings']","1. Slice tomatoes about 1/4 inch thick, season with salt and pepper and then coat both sides with cornmeal.
2. In a large skillet, heat enough bacon drippings to coat the bottom of the pan, and fry tomatoes until lightly browned on both sides.
3. This recipe was from the back of Fannie Flagg
4. Fried Green Tomatoes at the Whistle Stop Cafe\","https://img.sndimg.com/food/image/upload/w_555,h_416,c_fit,fl_progressive,q_95/v1/img/recipes/59/3/picQUreIW.jpg"
594.0,Fruit and Tuna Salad,"['tuna', 'seedless grapes', 'lemon low fat yogurt']","1. Combine half of the grapes, and the 1/2 cup shredded cabbage mixture in a small bowl
2. Stir in the yogurt and tuna.
3. Line 2 serving plates with remaining 2/3 cup shredded cabbage mixture.
4. Spoon tuna mixture on top.
5. Serve with peach slices and remaining grapes.",
595.0,Fried Tomatoes,"['tomatoes', 'all-purpose flour', 'salt', 'sugar', 'pepper', 'evaporated milk']","1. Wash tomatoes, but do not peel.
2. Cut into 3/4-inch slices.
3. Place on paper towels to drain.
4. Combine flour, salt, sugar and pepper.
5. Dust tomatoes in flour mixture on both sides.
6. Add evaporated milk to rmaining flour mixture to make a thick batter.
7. Dip floured tomatoes in batter.
8. Fry in hot oil 1/2-inch deep until golden brown on both sides.","https://img.sndimg.com/food/image/upload/w_555,h_416,c_fit,fl_progressive,q_95/v1/img/recipes/59/5/picYzCRoY.jpg"
596.0,Fruit Salsa,"['mango', 'strawberries', 'nectarines', 'fresh raspberries', 'frozen unsweetened raspberries', 'salt', 'fresh ginger', 'lime juice', 'cider vinegar', 'sugar', 'red pepper flakes']","1. Place the minced mango, strawberries and nectarines, and place them in a medium size bowl.
2. Add the remaining ingredients and mix well.
3. Transfer to a container with a tight fitting lid and refrigerate.",
597.0,Fruity Rolled Oats Drops,"['rolled oats', 'treacle', 'honey', 'seedless raisins']","1. Thoroughly mix condensed milk, treacle and rolled oats in top of double boiler.
2. Allow to thicken over boiling water for 10 minutes, stirring frequently.
3. Allow to cool.
4. When cool, add nuts and raisins, then drop in spoonfuls onto buttered baking sheet. Bake for 15 minutes at 180 C (356 F) and remove from pan immediately.",
598.0,Coronation Chicken,"['canola oil', 'onion', 'curry powder', 'tomato paste', 'red wine', 'water', 'bay leaf', 'dried thyme', 'oregano', 'fresh lemon juice', 'mayonnaise', 'chicken', 'currants', 'flat leaf parsley']","1. Heat the oil in a medium stainless steel saucepan.
2. Add the onion and cook over moderate heat, stirring occasionally, until softened, about 5 minutes.
3. Add the curry powder and cook for 2 minutes.
4. Stir in the tomato paste, then the wine, water and bay leaf and bring to a boil.
5. Add the thyme, oregano and 1/2 Tbsp of the lemon juice and cook until thickened and reduced by three-quarters, about 6 minutes.
6. Strain the sauce into a large bowl, pressing hard on the solids; let cool.
7. Add the mayonnaise, the jam and the remaining 1/2 Tbsp of lemon juice to the sauce. Fold in the chicken and currants, if using, and season with salt and pepper.
8. Refrigerate until chilled or for up to 1 day.
9. Sprinkle with the parsley and serve. NOTE: Since this is from a wine magazine, you didn",
599.0,Coronation Chicken Salad,"['dark raisin', 'sherry wine', 'water', 'salt', 'raw wild rice', 'fresh ripe pineapple', 'red bell pepper', 'chicken', 'scallions', 'mayonnaise', 'plain yogurt', 'red wine vinegar', 'honey', 'curry powder', 'worcestershire sauce', 'gingerroot']","1. This recipe was created by royal chefs to celebrate the coronation of Queen Elizabeth II.
2. In a small non-reactive bowl, combine raisins and sherry to soak.
3. In a large Dutch oven, bring 6 cups of water to a rolling boil over medium-high heat and add 1 teaspoon salt. Add the wild rice and gently boil about 50 minutes or until grains are tender and split open to reveal their white cores.
4. Drain and let cool to room temperature. While the wild rice is cooking, combine the wild rice with 1 1/2 cups cold water and 1/2 a teaspoon salt in a medium sauce pan.
5. Bring to a boil over medium heat; stir well.
6. Cover tightly, reduce heat and simmer 20 minutes undisturbed.
7. remove from heat and let stand 10 minutes.
8. Uncover and fluff gently with a fork; set aside to cool to room temperature. In a large non-reactive bowl, combine raisins and their soaking liquid, red peppers and chicken.
9. Add the cooled rices and most of the scallions, reserving a handful for garnish.
10. Toss well.
11. Add the Dressing and toss again.
12. Cover and chill until serving time. Sprinkle with remaining scallions and serve chilled or cool.
13. Curried Yogurt Dressing: Combine all ingredients in a non-reactive bowl and whisk until fairly smooth and well combined.
14. Cover and chill until needed.",
600.0,Elderberry Jelly,"['elderberry juice', 'lemon juice', 'sugar', 'honey']","1. To juices, add sugar and honey; mix well.
2. Place over high heat; bring to a boil, stirring constantly.
3. At once, stir in pectin.
4. Bring to a full rolling boil for 1 minute. Stir constantly.
5. Remove from heat and skim off foam with metal spoon; pour quickly into glasses.
6. Cover at once with 1/8 inch hot paraffin.",
601.0,Elly May's Wedding Punch,"['cherry gelatin', 'boiling water', 'sugar', 'water', 'lemon juice', 'ginger ale']","1. Dissolve the gelatin in the boiling water in a large saucepan.
2. In a separate saucepan boil together the sugar and 4 cups water.
3. Add the pineapple juice, orange juice and lemon juice. Cool.
4. Combine the gelatin and juice mixtures.
5. Pour into plastic containers and freeze. Set out about 3 hours before serving.
6. Add the ginger ale just before serving.
7. The punch will be slushy.",
602.0,Enchiladas Verdes Suizas,"['baking soda', 'serrano chilies', 'sugar', 'onion', 'garlic clove', 'cilantro', 'monterey jack cheese', 'cheddar cheese', 'corn tortillas', 'chicken', 'butter', 'flour', 'onions', 'milk', 'garlic clove', 'worcestershire sauce']","1. Remove papery husks from tomatillos.
2. Wash tomatillos and chiles well.
3. Cook, covered, in a little boiling water until tender, about 15 minutes.
4. Remove stems and seeds from chiles.
5. Place chiles and drained tomatillos in blender container.
6. Add onion, garlic and cilantro and blend until pureed.
7. Heat 2 tablespoons oil in a large skillet, add pureed mixture and fry, adding soda and sugar. Salt to taste.
8. When mixture is cooked, add White Sauce, cream and 1/2 cup cheese.
9. Season with salt & pepper to taste; keep hot.
10. For each serving, soften 3 tortillas in hot oil, then dip in hot sauce. Place some shredded chicken on each tortilla and roll. Place, seam side down, in individual baking dishes.
11. Cover with remaining sauce and sprinkle cheese over top.
12. Place under broiler until cheese melts and is golden brown.
13. WHITE SAUCE: Melt butter, add onion and garlic and cook until onion is browned.
14. Stir in flour and cook and stir until flour is cooked.
15. Add milk and cook until thickened.
16. Strain sauce, then add Worcestershire and salt and pepper to taste. I have enjoyed this dish at Sanborns House of Tiles in Mexico.",
603.0,Enchiladas with Red Sauce,"['beef', 'onion', 'flour', 'chili powder', 'garlic powder', 'salt', 'cumin', 'rubbed sage', 'onion', 'stewed tomatoes', 'corn tortillas', 'ripe olives', 'colby-monterey jack cheese', 'sour cream', 'garlic', 'butter', 'flour', 'tomato sauce', 'beef broth', 'chili powder', 'rubbed sage', 'ground cumin']","1. Brown ground beef and large chopped onion in a large skillet, stirring until meat crumbles.
2. Drain and return mixture to skillet. Add flour and next 5 ingredients, stirring well.
3. Add stewed tomatoes; stir well.
4. Bring to a boil; cover, reduce heat, and simmer 10 to 15 minutes, stirring occasionally.
5. Pour 1 1/2 cups red sauce into a 13x9\
6. ,
7. ,
8. ,
9. ,
10. ,
11. ,
12. ,
13. ,
14. ,
15. ,
16. ,
17. ,
18. ,
19. ,",
604.0,English Muffins,"['salt', 'milk', 'egg', 'sugar', 'flour', 'milk', 'yellow cornmeal', 'butter', 'butter']","1. Since you cook these on top of the stove, there is no need to preheat the oven.Proof the yeast in the l/2 Cup of lukewarm milk with the sugar.Scald the 1 cup of milk, melt the butter in it and let cool to lukewarm.
2. Add the salt and the slightly beaten egg to the milk-and-butter mixture. Pour the yeast sponge into a large mixing bowl and blend in the milk-butter-and-egg mixture. Add the flour, a little at a time,mixing together well.
3. Turn the dough out onto a lightly floured work surface and knead, adding more flour if necessary.
4. Knead until elastic and shiny.
5. Then place the dough in a large buttered bowl, cover with a towel and let rise for at least 1 hour, until doubled in bulk.
6. Meanwhile, pour the cornmeal onto a platter and set aside. Take the dough out onto the work surface and knead again for a couple of minutes.
7. Roll it out with a rolling pin to a thickness of about 1/3\
8. ,
9. ,
10. ,
11. ,
12. ,
13. ,","https://img.sndimg.com/food/image/upload/w_555,h_416,c_fit,fl_progressive,q_95/v1/img/recipes/60/4/lmn9cMYbTJ2nDTDxd81R_english"
605.0,English Pub Beef &amp; Kidney Stew in Yorkshire Pudding (Adopted,"['flour', 'onion', 'mushrooms', 'beef broth', 'dry red wine', 'tomato paste', 'worcestershire sauce', 'salt', 'pepper', 'tarragon', 'rosemary', 'carrots', 'eggs', 'milk', 'flour', 'salt']","1. Make Yorkshire Pudding first and let rest in fridge while stew is cooking.
2. Beat 2 eggs in bowl.
3. Mix in 1 cup of milk, sift in 1 cup of flour and 1/2 tsp salt. Beat until smooth.
4. For the Stew.
5. Coat steak and kidneys with flour.
6. Brown several pieces at a time in oil in stock pot; remove. Sauté onion in pan drippings until tender.
7. Add mushrooms.
8. Cok for several minutes longer.
9. Stir in broth, wine, tomato paste and next 5 seasonings and diced carrots. Return meat to the pan.
10. Cover and cook on a slow simmer,for 2 hours or until tender (don
11. ,
12. ,
13. ,","https://img.sndimg.com/food/image/upload/w_555,h_416,c_fit,fl_progressive,q_95/v1/img/recipes/60/5/piceGiPm2.jpg"
606.0,Fabulous Oxtail,"['carrots', 'onions', 'celery', 'olive oil', 'butter', 'flour', 'plum jam', 'brown sugar', 'red wine']","1. Trim fat from the ox tails and cut into sections between the joints.
2. Peel the carrots and onions, trim the celery and cut into even-sized pieces about. Heat the oil and butter in a frying pan and brown the oxtail well on all sides.
3. Transfer the meat to a large casserole. Add the vegetables to the pan and toss regularly until they are well browned.
4. Add the flour and cook for 2 - 3 minutes until flour begins to brown lightly.
5. Add the plum jam, vinegar, sugar, beef stock, red wine and bouquet garni and stir well to make a smooth mixture. Bring to the boil and then pour over the oxtail.
6. Cover and cook at 150 C for 3 hours until the meat is very tender and falling off the bone. Taste the sauce and season with salt and pepper if needed.
7. (Don
8. ,
9. ,
10. ,",
607.0,Famous Barr's French Onion Soup,"['onions', 'butter', 'black pepper', 'paprika', 'bay leaf', 'beef broth', 'dry white wine', 'all-purpose flour', 'instant flour', 'kitchen bouquet', 'salt', 'french baguette', 'swiss cheese', 'gruyere cheese']","1. Peel onions and slice 1/8 inch thick, preferably in a food processor.
2. Melt butter in a 6-quart (or larger) stockpot. Add onions; cook, uncovered, over low heat for 1 1/2 hours, stirring occasionally.
3. (The long cooking time makes the onions mellow and sweet.) Stir in pepper, paprika and bay leaf; saute over low heat 10 minutes more, stirring frequently.
4. Pour in 6 cans broth and wine. Increase heat and bring to a boil.
5. Dissolve flour in remaining 1 can broth.
6. Stir into boiling soup.
7. Reduce heat and simmer slowly for 2 hours.
8. Adjust color to a rich brown with caramel coloring, season with salt. Refrigerate overnight. To serve, heat soup in microwave or on stove top.
9. If desired, pour into ovenproof crocks or bowls.
10. Top with a slice of bread and a sprinkling of grated cheese. Heat under the broiler until cheese melts and bubbles, about 5 minutes.
11. Leftover soup can be frozen.","https://img.sndimg.com/food/image/upload/w_555,h_416,c_fit,fl_progressive,q_95/v1/img/recipes/60/7/YNXhfXFiTPaqK1Kavh4f_french-onion-soup-4876.jpg"
608.0,Five Bean Salad,"['green beans', 'lima beans', 'kidney beans', 'garbanzo beans', 'onion', 'green pepper', 'vinegar', 'sugar', 'salt', 'pepper', 'dry mustard', 'celery seed']","1. Drain all the beans and combine in a large bowl.
2. Heat (but do not boil) (I do it in the microwave for about 1 minute) vegetable oil, vinegar, sugar, salt, pepper, dry mustard, and celery seed.
3. Mix with bean mix and let stand overnight.
4. Add onion/pepper about an hour before serving.",
609.0,Crispy Chicken Wings,"['chicken wings', 'egg', 'soy sauce', 'sugar', 'five-spice powder', 'water', 'flour', 'cornstarch', 'baking soda']","1. Cut each chicken wing at joints to make 3 pieces.
2. Discard wing tips or save for making chicken broth.
3. Mix egg, 2 tsp.
4. vegetable oil, the soy sauce, sugar, and five spice powder; pour over chicken.
5. Cover and refrigerate 1 hour.
6. Add water to chicken.
7. Stir flour, cornstarch, and baking soda into chicken.
8. Heat vegetable oil (1 1/2 inches) in wok (we use a deep fryer) to 350 degrees.
9. Fry 4 or 5 chicken pieces at a time until light brown, turning 2 or 3 times, about 5 minutes; drain on paper towel.
10. Serve with sweet and sour sauce or hot mustard.
11. 6 servings",
610.0,Flavored Nuts,"['walnuts', 'kosher salt', 'olive oil', 'garlic', 'pine nuts', 'olive oil', 'garlic', 'saffron', 'roasted pistachios', 'spanish olive oil', 'saffron threads', 'salt']","1. Preheat oven to 250 degrees.
2. Put all flavor ingredients into a mixing bowl.
3. Add nuts and toss.
4. Transfer to a roasting pan into which the nuts will fit in one single layer.
5. Roast for 20 minutes or until nuts begin to color.
6. Transfer to a paper towel to drain excess oil.
7. NOTES : For a drier consistency substitute spray olive or corn oil.
8. A good thing about making your own flavored nuts is creating the flavors you like, with as much or as little salt as you choose. Store in air- tight container, preferably tin.",
611.0,Fluffy White Frosting,"['granulated sugar', 'water', 'lemon juice', 'light corn syrup', 'cream of tartar']","1. In top of a double boiler over simmering water, beat with an electric mixer the
2. following:
3. Beat until soft peaks form.
4. This takes about 7-10 minutes.
5. Remove double boiler top from the bottom and continue beating on high until stiff peaks form- this also takes about 7-10 minutes.
6. Jan",
612.0,Freezer Apricot Jam,"['apricots', 'lemon juice', 'lemon, rind of', 'granulated sugar']","1. Mix apricots, lemon juice and rind.
2. Add sugar, stir 5 minutes until sugar dissolves.
3. Let stand 20 minutes.
4. Stir in pectin.
5. Ladle into cartons or jars, filling to within 1/2 inch of top.
6. Cover with cloth and let stand until set, 24 hours or overnight. Cover and freeze. To serve, thaw and store in refrigerator.
7. (Freeze for 1 month before thawing to use).","https://img.sndimg.com/food/image/upload/w_555,h_416,c_fit,fl_progressive,q_95/v1/img/recipes/61/2/pic1LDsb7.jpg"
613.0,Traditional Rahmschnitzel,"['butter', 'onions', 'onion', 'garlic', 'dry red wine', 'creme fraiche', 'heavy whipping cream', 'clear broth', 'fresh mushrooms']","1. 1 bottle champagne Fruity ice cream dessert, as desired Directions: In heavy frying pan,on medium heat setting, brown meat on both sides, at the same time sauteing the onions and garlic.When onions start turning dark, add 2 tbs red wine, continue cooking and reducing wine liquid.
2. Repeat this procedure 4 more times.
3. (Use about 250-300 ml red wine) The last addition of red wine is reduced by only one half, then add the creme fraiche or heavy cream, stirring frequently to avoid lumps.
4. Reduce heat to low and let simmer, adding clear broth.
5. Add pepper and salt to taste. Don
6. ,
7. ,
8. ,
9. ,","https://img.sndimg.com/food/image/upload/w_555,h_416,c_fit,fl_progressive,q_95/v1/img/recipes/61/3/piceJQBVi.jpg"
614.0,Augie Oliver's Italian Sausage,"['salt', 'fennel seeds']","1. To prepare casings: Let casings soak in cool water about five minutes to remove salt on outer surface (no longer, or they will become too tender to stuff) and flush salt from the inside by placing one end on faucet nozzle and turn on cold tap water (if you see holes or water leaking, cut and discard).
2. Remove casing from faucet and gently squeeze out water; cover rinsed casings and refrigerate until ready to use.
3. First grind meat coarsely, incorporate seasonings evenly, and re-grind.
4. Fill the casings using the sausage horn attachment and make links by twisting the sausage where you wish the links to be. Four inches is a good size for a regular serving, smaller links may be made for appetizer servings.
5. To cook, place the sausage in large saucepan or dutch oven in a single layer; add a little water or broth, cover and heat.
6. to a low simmer.
7. Maintain a low simmer (sausages may burst if cooked at too high a heat) until the sausage is heated through and cooked thoroughly, approximately 15 minutes.
8. Drain and let rest for about 15 minutes before slicing; serve while still warm.",
615.0,Easy Garlic Chicken Breasts,"['lime juice', 'olive oil', 'garlic', 'boneless skinless chicken breasts']","1. In a medium bowl, whisk together the lime juice, olive oil, and garlic.
2. Season with salt and pepper generously, and add chicken, making sure it is well-coated with the marinade. Marinate chicken, covered in fridge for at least 3 hours and preferably overnight. Preheat oven to 400 degrees F.
3. Remove chicken from marinade and discard marinade. Arrange chicken breasts in a shallow baking pan.
4. Season with salt and pepper and roast for 25-30 minutes or until chicken is cooked through and the juices run clear when you prick it with a fork.","https://img.sndimg.com/food/image/upload/w_555,h_416,c_fit,fl_progressive,q_95/v1/img/recipes/61/5/picaSHBRu.jpg"
616.0,Easy Cream Cheese Fruit Squares,"['sugar', 'butter', 'graham cracker crumbs', 'cream cheese', 'eggs', 'vanilla']","1. Preheat oven to 325 F.
2. To prepare crust: In medium saucepan place 1/4 cup sugar and butter;heat until butter is melted, stirring occasionally.
3. Stir in graham cracker crumbs;press mixture evenly over the bottom of a 13 x 9-in.
4. baking pan.
5. In a large bowl with an electric mixer beat cream cheese until smooth.
6. Gradually beat in remaining 3/4 cup sugar.
7. Beat in eggs, one at a time, and vanilla, until well blended.
8. Spoon blueberry filling over crust. Carefully pour cream cheese mixture over blueberries.
9. Bake just until set, 45 to 50 minutes.
10. Cool.
11. Chill until cold, about 2 hours or longer.
12. Cut into 24 squares.
13. Serve garnished with strawberry halves or mint leaves, if desired.","https://img.sndimg.com/food/image/upload/w_555,h_416,c_fit,fl_progressive,q_95/v1/img/recipes/61/6/6TICtFMeRomF1uXXhdp4_816458825060984.jpg"
617.0,Easy Refrigerator Lemon Cookies,"['lemon, zest of', 'granulated sugar', 'butter', 'cake flour', 'baking soda', 'salt']","1. Process the lemon zest and sugar in a food processor until the zest is as fine as the sugar.
2. Add the butter.
3. Process until fluffy.
4. Scrape down the bowl.
5. Add the flour, baking soda and salt. Process briefly until mixed.
6. Form dough into two 1-1/2-inch-round logs and wrap each in wax paper.
7. Refrigerate until firm.
8. Preheat the oven to 350°.
9. Slice each log into 1/4-inch thick cookies and place on an ungreased baking sheet. Bake for 8 to 10 minutes, until golden around the edges.
10. Do not overbake.","https://img.sndimg.com/food/image/upload/w_555,h_416,c_fit,fl_progressive,q_95/v1/img/recipes/61/7/pickBOZ7q.jpg"
618.0,Easy-Freezy Sorbet,"['fresh blueberries', 'fresh raspberries', 'water']","1. Freeze berries by placing them in a single layer on a baking pan and place in freezer.
2. When frozen, put berries in a freezer container or plastic freezer bag and seal.
3. Keep containers or bags of berries in freezer up to 12 months.
4. In a large bowl combine the frozen berries, water and frozen concentrate. Place half of the mixture in food processor.
5. Cover and process until almost smooth.
6. Repeat with remaining mixture. Serve immediately.
7. (Or transfer mixture to a baking dish.
8. Cover; freeze about 4 hours or until firm.) Use within 2 days.
9. Scoop frozen mixture into cones, if desired.",
619.0,Egg Drop Soup,"['chicken broth', 'salt', 'white pepper', 'green onion', 'eggs']","1. Heat chicken broth, salt, and white pepper to boiling in a 2-quart saucepan.
2. Stir green onions into eggs.
3. Pour egg mixture slowly into broth, stirring constantly with fork until egg forms shreds.
4. Makes about 3 cups deb","https://img.sndimg.com/food/image/upload/w_555,h_416,c_fit,fl_progressive,q_95/v1/img/recipes/61/9/picF1itID.jpg"
620.0,Egg Rolls,"['chicken', 'carrot', 'cabbage', 'celery', 'bean sprouts', 'water chestnut', 'soy sauce', 'vinegar', 'ketchup', 'sugar', 'soy sauce', 'red wine', 'green pepper', 'onion']","1. Boil chicken.
2. Debone set aside. Cut up celery, carrots, cabbage, water chestnut and add bean spouts.
3. Cook over med heat until all vegetables are soft, then add chicken, soy sauce salt and pepper to taste. Put a small amount in egg roll wraps and roll up.
4. Do it with the rest of wraps and filling.
5. Fry the egg rolls in hot oil Sauce Mix together all and cook for five min.
6. Add cut up green peppers and onion.",
621.0,Empanada,"['butter', 'lean beef', 'frozen spinach', 'lawry', ',', ',', ',']","1. In a medium skillet, melt butter and saute Minced Onion flakes until butter is absorbed.
2. Add ground beef, cook until brown and crumbly; drain fat. Add spinach, seasonings, sour cream, egg, and cheese; blend well.
3. Remove pastry shell from foil pan and place flat on baking sheet. Spoon filling on half of the pastry, fold the other half over and press edges together to form a seal.
4. Pierce several holes in top.
5. Bake in a 350 degree oven for 25 minutes or until golden brown.",
622.0,Empanadas de Horno,"['all-purpose flour', 'baking powder', 'salt', 'egg', 'milk', 'shortening', 'paprika', 'onions', 'chili powder', 'cumin', 'oregano', 'beef', 'hard-boiled eggs', 'black olives', 'raisins']","1. TO prepare dough: sift flour with baking powder and salt. Add egg yolk, egg, milk and shortening.
2. Mix to make a stiff dough.
3. Divide into 20 pieces and roll each thinly into a circle. Stuffing or pino In frying pan, heat oil with paprika and saute onions until soft. Add chilli powder, oregano, cumin and salt. Add meat and mix with onions.
4. Cook until meat is no longer pink.
5. To prepare empanadas: Place a spoonful of stuffing on half of each dough circle. Add slices of egg, raisins and olives.
6. Fold dough over filling.
7. Wet the edge with milk, fold over again and seal.
8. Bake in a 200 degrees C oven until cooked and lightly browned.
9. Serve hot.",
623.0,End of Summer Ratatouille,"['olive oil', 'eggplant', 'zucchini', 'red bell pepper', 'yellow bell pepper', 'green bell pepper', 'tomatoes', 'italian parsley', 'red onion', 'garlic', 'kosher salt', 'fresh ground black pepper', 'olive oil', 'fresh basil leaf', 'parmesan cheese']","1. Mix together in a small bowl: parsley, red onion, garlic, 1 Tbsp salt, 1 tsp black pepper, 2 Tbsp olive oil
2. In Medium skillet, heat oil and saute eggplant and red onion until soft, stirring often.
3. Transfer eggplant/onion and oil into decorative 9x13 or larger, baking dish.
4. Toss remaining vegetables, except the tomatoes, with the parsley garlic mixture and fold into the eggplant mixture.
5. Scatter tomatoes on top.
6. Cover with foil.
7. Bake at 350 degrees for 30 to 45 minutes, or until vegetables are bubbly.
8. While baking, prepare topping: Combine 1/2 cup chopped fresh basil leaves with your choice of cheese: 11 oz log montrachet or chevre cheese, crumbled or 1 cup grated Parmesan cheese
9. Remove foil and top with basil and cheese mixture, return to oven for a scant 5 minutes.
10. Serve at once.","https://img.sndimg.com/food/image/upload/w_555,h_416,c_fit,fl_progressive,q_95/v1/img/recipes/62/3/picxuXrQP.jpg"
625.0,Escalope of Salmon With Chanterelles,"['salmon', 'canned chanterelles', 'noilly prat', 'broad beans', 'peas', 'butter', 'shallots', 'lemon juice', 'sea salt']","1. Add 25g of Butter to a small sauti pan.
2. Add Chanterelles and shallots, cover with a lid and sweat for a few minutes.
3. Make a space for the salmon in the pan, add wine and fish stock.
4. Poach for 4-5 minutes, take out fish and keep warm.
5. Reduce cooking liquid by two thirds, take out mushrooms.
6. Cut butter into small cubes and whisk in to make sauce. Add lemon juice abd peas.
7. Return mushrooms, add broad beans and peas, check seasoning.
8. Place salmon on plate with sauce to the side I found this recipe on a site among others.",
626.0,Ezekiel Bread,"['wheat flour', 'lentils', 'water', 'salt', 'olive oil', 'warm water', 'honey']","1. Dissolve the yeast in warm water and let set for 10 minutes.
2. Mix the other dry ingredients in separate bowl.
3. Blend lentils, oil, honey and small amount of water; place in large mixing bowl with remaining water.
4. Stir in 2 cups of mixed flour.
5. Add yeast mixture. Stir in remaining salt and flour.
6. Knead on floured surface, then place in oiled bowl.
7. Let rise until double in bulk.
8. Knead again; shape and place in greased loaf pans.
9. Let rise. Bake 375 for 1 hour.
10. - - - - - - - - - - - - - - - - - - NOTES : A Health Food Store is a source for some of these ingredients.","https://img.sndimg.com/food/image/upload/w_555,h_416,c_fit,fl_progressive,q_95/v1/img/recipes/62/6/picoQ9FQN.jpg"
627.0,Filet Mignon,"['fresh white mushrooms', 'onion', 'butter', 'sweet vermouth', 'sherry wine', 'garlic', 'worcestershire sauce']","1. We rarely eat beef but when we do for special occasions we enjoy the above for a most tender cut of beef.
2. Here is the way our family does it. There are other methods of seasoning and roasting but we are always satisfied with the results this way.
3. Try to buy a whole fillet that is already \
4. ( trimmed of silverskin, fat etc. ) or if you prefer you can buy untrimmed and do it yourself.
5. The whole filet has a taped part ( called the tail ) and when you roast, tuck this part under so you can have a more even piece of meat for roasting.
6. If the whole filet is too large to fit your roasting pan you may cut the filet in half and roast the two parts in the pan together.
7. Make sure the meat comes to room temperature prior to roasting for even roasting which also helps with tenderness.
8. Rub oil ( we prefer olive ) over the filet and then rub in seasonings such as salt , pepper, paprika, crushed garlic etc. The Montreal Steak Seasoning is a nice choice ( available in the seasoning or meat sections of supermarkets ) .
9. Or other people prefer to coat the filet with Dijon mustard and then roll the filet in finely crushed black or colored peppercorns prior to roasting.
10. Both ways are delicious.
11. Place the filet on a roasting rack over the roasting pan.
12. You can also place the filet over some beef bones in the pan which also act as a rack.
13. Preheat the oven to 475 degrees F.
14. Place the prepared filet on the rack and roast 20 minutes ( for a average 5 lb roast- ). Then decrease the temperature to 350F and roast an additional 20 minutes.
15. Remove the filet from the oven and let sit about 15 minutes before slicing.
16. This total time factor should produce medium rare. A heavier roast will probably need more roasting time and a smaller roast less time. The sitting times allows for best slicing and lets some of the juices settle etc. If you prefer you can check and rely on a meat thermometer to test so you don
17. ,
18. standing time\
19. ,
20. ,
21. ,
22. ,",
628.0,Filet Mignon With Sweet-Potato Shoestrings,"['butter', 'fresh mushrooms', 'red wine', 'dried thyme', 'salt', 'black pepper']","1. In medium iron skillet, melt half the butter in half the oil until hot. Add mushrooms and saute quickly, about 5 minutes.
2. Remove with slotted spoon.
3. Add remaining butter and oil over high heat. Pat filets dry.
4. Brown filets well, about 4 minutes per side for medium rare. Cook to desired doneness.
5. Remove from skillet to a platter and keep warm.
6. Pour nearly all fat from skillet and add beef broth.
7. Boil over high heat, scraping the pan.
8. Cook until reduced to 2 Tbs.
9. Add wine, thyme, salt & pepper.
10. Add mushrooms and heat through.
11. Serve mushroom sauce on top of steak.
12. Fried Sweet Potato Shoestrings Run 2-3 large sweet potatoes through a food processor with the blade set to julienne. Rinse well to remove the extra starch.
13. Pat dry with paper towels.
14. Fry the sweet potatoes in very hot vegetable oil just a few seconds until golden.
15. Drain on brown paper.
16. Sprinkle lightly with salt.",
629.0,Country Brunch Skillet,"['bacon', 'hash brown potatoes', 'green bell pepper', 'onion', 'salt', 'pepper', 'eggs', 'cheddar cheese']","1. In a large skillet over med.
2. heat, cook bacon until crisp.
3. Remove bacon; crumble and set aside. Drain, leaving 2 tablespoons of drippings.
4. Add potatoes, green pepper, onion, salt and pepper to drippings; cook and stir for 2 min.
5. Cover and cook, stirring occasionally, until potatoes are browned and tender, about 15 min.
6. Make six wells in the potato mixture; break one egg into each well.
7. Cover and cook on low heat for 8-10 min.
8. or until eggs are completely set. Sprinkle with cheese and bacon.",
630.0,Country Style Zucchini Soup,"['olive oil', 'garlic clove', 'potatoes', 'onion', 'celery', 'fresh parsley', 'oregano', 'tomatoes', 'zucchini', 'salt', 'parmesan cheese']","1. Peel and cut potatoes into 1/2 inch cubes.
2. Cut celery into 1/2 inch pieces.
3. Core, blanch, peel and cut tomatoes into 1/2 inch chunks.
4. Cut marrow into 1/4 inch slices.
5. In a large saucepan, heat oil and brown garlic. Discard garlic. Add potatoes, stir to coat and cook for about 5 minutes.
6. Add onion, celery, parsley, and oregano, and cook until onions are softened.
7. Add stock, tomatoes, marrow, and salt and bring to a boil.
8. Reduce heat and simmer until zucchini is tender.
9. Pour soup into individual bowls and sprinkle freshly ground pepper and 1 teaspoon Parmesan cheese over each serving.
10. Serve hot. Makes 6 servings.",
631.0,Curried Spinach Sauce,"['olive oil', 'onion', 'garlic', 'fresh ginger', 'cumin seed', 'cardamom', 'white pepper', 'black pepper', 'tomatoes', 'fresh spinach', 'water', 'cayenne', 'salt', 'fresh black pepper']","1. In a large skillet, heat the olive oil over medium heat. Add the onion, garlic and ginger and saute, stirring occasionally, for 5 minutes or until the onion softens.
2. Add the cumin, coriander, cardamom and pepper and saute for 2 minutes more. Add the tomato, spinach and water and cook for 3 minutes.
3. Add cayenne, salt and pepper.
4. Remove from heat and serve.",
632.0,100% Whole Wheat Blueberry Muffins,"['whole wheat flour', 'baking soda', 'buttermilk', 'honey', 'blueberries']","1. Preheat oven to 350.
2. Coat 12 muffin cups with cooking spray.
3. Sift together the flour and baking soda.
4. In a separate bowl, whisk together the buttermilk, egg whites, oil, and honey until creamy, then stir in the blueberries.
5. Pour the wet ingredients into the dry.
6. Fold together with a rubber spatula until the batter is moist yet remains slightly lumpy.
7. Pour into muffin cups and bake 30 to 35 minutes.","https://img.sndimg.com/food/image/upload/w_555,h_416,c_fit,fl_progressive,q_95/v1/img/recipes/63/2/picf5hqfX.jpg"
633.0,Deep Dish Vegetable Pizza,"['granulated sugar', 'water', 'active dry yeast', 'flour', 'whole wheat flour', 'salt', 'onions', 'tomato sauce', 'tomatoes', 'garlic', 'onions', 'mushrooms', 'broccoli', 'mozzarella cheese']","1. In large mixing bowl, dissolve sugar in warm water.
2. Sprinkle yeast over water and let stand for 10 minutes or until foamy.
3. Meanwhile, combine flours and salt. Stir oil into foamy yeast mixture. Stir in about half the flour mixture. Add more flour, mixing until dough can be gathered into a slightly sticky ball (you may need a little more or less than 1 lb/450 g of flour). On lightly floured surface, knead dough for about 5 minutes or until smooth and elastic, adding more flour as necessary to prevent dough from sticking to work surface. Cut dough in half, cover with greasproof paper and let rest for 10 minutes.
4. On lightly floured surface, use a rolling pin to roll each piece of dough into a 12 inch/30 cm circle, about 1/4 inch/5 mm thick.
5. Transfer rounds to 2 lightly oiled pizza pans or baking sheets.
6. Carefully, using fingers, stretch dough into large circles.
7. Let dough rise for about 15 minutes before adding toppings.
8. For a thicker crust, let dough rise for 30 minutes.
9. Add toppings (see below recipe) just before baking.
10. Makes 12 inch/30 cm pizza rounds.
11. ,
12. ,
13. ,
14. ,
15. ,
16. ,",
634.0,Deviled Cauliflower,"['cauliflower floret', 'unsalted butter', 'all-purpose flour', 'skim milk', 'bay leaf', 'nutmeg', 'dijon mustard', 'worcestershire sauce']","1. Place cauliflower in a steamer basket over boiling water.
2. Cover pan and steam 5-7 minutes or until just tender.
3. Drain.
4. Rinse under cold water.
5. Drain well and transfer to a 9x13 inch baking dish.
6. Combine 1-1/4 Tbs.
7. melted butter with flour in a heavy saucepan over medium low heat. Whisk about 3 minutes, or until bubbly.
8. Gradually whisk in milk.
9. Add bay leaf and nutmeg and whisk often until mixture simmers.
10. Cover partially and simmer 3-4 minutes, stirring often, until thickened.
11. Remove from heat. Stir in mustard, Worcestershire and salt and pepper to taste. Discard bay leaf.
12. Pour sauce over cauliflower and stir until well coated.
13. (Can be prepared 1 day ahead. Cover and chill.)
14. Preheat oven to 3500F.
15. Sprinkle breadcrumbs over cauliflower.
16. Drizzle with remaining butter.
17. Bake 35-40 minutes, until cauliflower is heated through, sauce bubbles at edges and breadcrumbs are golden.","https://img.sndimg.com/food/image/upload/w_555,h_416,c_fit,fl_progressive,q_95/v1/img/recipes/63/4/picOdmPry.jpg"
635.0,Dill Bread,"['flour', 'salt', 'water', 'baking soda', 'sugar', 'cottage cheese', 'fresh dill', 'egg', 'onion', 'butter']","1. Preheat the oven to 350 degrees.
2. Proof the yeast in the lukewarm water with the sugar.
3. In a saucepan, warm the cottage cheese until lukewarm, and add to the yeast sponge. Then add the egg, lightly beaten, the grated onion, melted butter, salt, baking soda, dill seeds and fresh dill.
4. Stir until well blended, then add just enough flour to make a rather soft dough.
5. Put the dough into a large buttered bowl, cover with a towel and place in a warm spot to rise for about 1 hour or until doubled in bulk.
6. Remove the dough to a lightly floured work surface and knead for a couple of minutes.
7. Then place in a large buttered (9\
8. ) loaf pan.
9. Cover and let rise for about 30 minutes.
10. Then bake in the oven for about 50 minutes or until the bread has turned light brown and sounds hollow when tapped.
11. Cool wrapped in a towel.",
636.0,Dill Buttermilk Bread,"['all-purpose flour', 'baking powder', 'baking powder', 'sugar', 'fresh dill', 'dried dill', 'baking soda', 'salt', 'pepper', 'buttermilk']","1. Preheat oven to 350 F.
2. Combine flour, baking powder, sugar, dill, baking soda, salt and pepper in a bowl.
3. Add buttermilk a little at a time until a soft dough forms.
4. Turn into a greased 9 inch by 5 inch (2 litre) loaf pan.
5. Bake for 50 minutes or until loaf is golden brown.
6. Serve warm; reheat when needed.
7. The Globe and Mail -----",
637.0,Double Cabbage Salad,"['raw red cabbage', 'raw green cabbage', 'raw spinach leaves', 'raw carrot', 'poppy seeds', 'celery seed', 'prepared mustard', 'pepper']","1. Trim all leaves well from vegetables and remove coarse veins and stems before shredding.
2. Toss all vegetables in a very large salad bowl.
3. Mix dressing with seeds, mustard, and pepper very well and pour over vegetables.
4. Serve as a side dish.",
638.0,Baba Ganouj ( Baba Ghanoush ),"['eggplants', 'lemon juice', 'tahini', 'garlic cloves', 'salt', 'parsley', 'black pepper', 'scallion', 'olive oil']","1. Preheat oven to 400°F.
2. Pierce the eggplants several times with fork.
3. Place on lightly oiled baking sheet and bake 40--45 minutes until completely soft. Cool.
4. Scoop out the insides and puree in food processor.
5. Add all remaining ingredients except olive oil and scallions.
6. Cool.
7. Top with olive oil and scallions before serving.
8. Serve with pita bread, Greek olives and tomatoes.",
639.0,Dutch Moorkoppen,"['water', 'salt', 'butter', 'flour', 'eggs', 'heavy cream', 'sugar', 'icing sugar', 'water']","1. Filling: 500 ml double cream (or heavy cream), whipped with 60 gr sugar and 15 g vanilla sugar Icing: 100 gr icing sugar 10 gr cacao (or cocoa) 1.5 tablespoon warm water About 8 pieces of fruit (e.g.
2. pineapple chunks, strawberries) Sift the flour and the salt. Bring the water to the boil, together with the butter.
3. (it really has to boil!). Add the flour and salt and mix.
4. Remove from heat. Beat well with a wooden spoon until there are no lumps left. Now add one of the eggs, stir with a wooden spoon, then beat very thoroughly until it has been absorbed.
5. Add the second egg, stir, beat again very thoroughly until it has been absorbed.
6. Beat the remaining egg in a little bowl, and add this spoon by spoon until the pastry mixture has a velvety consistency that keeps its shape when pulled into points with the spoon.
7. Then beat the pastry mixture till it is fluffy and shining.
8. Make with 2 spoons dipped in water, about 8 ball shaped heaps on a well-greased baking tin.
9. Bake in the middle of a preheated oven (200-225 degree.C) in 30-40 minutes golden and puffy.
10. Do not open the oven door the first 20 minutes! Leave them for about 5 minutes in the oven with the door opened, and then remove the choux puffs from the tin.
11. Put them on a wire rack to cool down.
12. Make the icing just before filling the choux puffs.
13. Make a cut in the puffs sides and pipe in the cream.
14. Keep some of the cream to decorate the top.
15. Mix the icing sugar and the cacao, and add drip by drip the water.
16. Stir with a metal spoon, until thick and slightly fluid.
17. Stir this till it shines and stick to the back of the spoon.
18. Dip the tops of the filled choux puffs with a twisting move in the icing, so that the top is covered.
19. Put the moorkoppen on a wire rack with a plate under it. Leave them for about. 30 minutes until the icing is hard.
20. Pipe a puff of the remaining cream on it, and decorate this with a piece of fruit.",
640.0,Easy Apple Dumplings,"['apples', 'sugar', 'water', 'butter', 'margarine', 'vanilla', 'cinnamon']","1. Flatten biscuits with hand.
2. Wrap each biscuit around an apple half; place seam side down into a greased 13x9x2-inch baking dish.
3. Combine sugar, water, butter, and vanilla; pour into pan.
4. Sprinkle cinnamon over dumplings.
5. Bake uncovered at 350 degrees for 30-40 minutes or until golden brown and apples are tender.",
641.0,Easy Lasagna,"['tomatoes', 'dried oregano', 'dried basil', 'tomato paste', 'soy sauce', 'garlic clove', 'beef mince', 'water', 'cheese', 'parsley']","1. Pour tomatoes and juice into a large bowl and cut the tomatoes into pieces.
2. Add soup mix, stocks, herbs, tomato paste, soy sauce, garlic, mince and water.
3. Mix thoroughly.
4. Grease a round casserole dish (21cm) and spoon a third of the meat mixture into it. Arrange half the noodles on top and cover with another third of the mixture. Spread the remaining noodles evenly and top with the remaining meat mixture. Cover and cook on HIGH for 12 minutes.
5. Stand covered 15 minutes.
6. Uncover and cook on HIGH for 3 minutes.
7. Spread the cheese over the top and continue cooking for 1 1/2 minutes.
8. Sprinkle with dried breadcrumbs and parsley.
9. Stand uncovered for 5 - 10 minutes before serving.",
642.0,Easy Mushroom Stroganoff,"['butter', 'garlic cloves', 'yellow onion', 'white mushroom', 'all-purpose flour', 'dry white wine', 'sour cream', 'linguine']","1. Melt butter in a heavy large saucepan over medium-high heat. Add garlic and saute 30 seconds.
2. Add onion and saute another 2 minutes or so.
3. Then add mushrooms and saute until tender, about 10 minutes.
4. Don
5. ,
6. ,
7. ,
8. ,",
643.0,Chicken and Yellow &amp; Zucchini Squash Casserole With Rosemary,"['baby chickens', 'salt', 'cayenne pepper', 'sugar', 'olive oil', 'garlic cloves', 'zucchini', 'bay leaf', 'fresh rosemary', 'lime, zest of', 'lime, juice of', 'plum tomatoes', 'water']","1. Preheat the oven to 450 degrees.
2. Season the chicken with salt, cayenne pepper, and a pinch of sugar.
3. Heat 2 tablespoons of the olive oil in a large roasting pan over high heat.
4. Add the chickens, skin side down, and saute until golden, about 4 to 6 minutes.
5. Turn them over and add the garlic, squash and zucchini slices, bay leaf, rosemary, lime zest, and salt.
6. Drizzle 1 tablespoon of the olive oil over the casserole and carefully toss.
7. Place the pan in the oven and roast for 15 to 20 minutes, tossing 2 or 3 times.
8. Place the tomato slices in a bowl.
9. Season with salt, a pinch of cayenne pepper and sugar.
10. Toss them in 1 tablespoon of the olive oil and the lime juice and spread them over the chicken-squash casserole.
11. Cook for 5 to 7 minutes more.
12. Discard the bay leaf and rosemary sprigs, transfer the chicken and garnish to a large serving platter, and keep warm.
13. Add the stock or water to the pan drippings and simmer for 3 to 4 minutes over medium heat.
14. Add the remaining tablespoon of olive oil, mix well, and strain the sauce.
15. Place the chickens on a platter.
16. Arrange the vegetables over them.
17. Spoon the sauce evenly over the warm dish.",
644.0,Elderflower Champagne,"['elderflower heads', 'water', 'boiling water', 'granulated sugar', 'lemons', 'white wine vinegar']","1. Do not wash the flower, but remove any insects and the thick stalks.
2. Place the sugar in a very large bowl and cover with 2 pints of boiling water.
3. Stir until the sugar has dissolved.
4. Then add 6 pints cold water, the rind and juice of the lemons, the vinegar and flowers.
5. Stir well.
6. Cover and leave, covered, for 48 hours, stirring occasionally.
7. Strain through a fine sieve into clean bottles with screw tops.
8. Leave an inch gap at the top of each bottle and screw down well.
9. Leave in a cool place to mature. Nice served with ice. Ready to drink in 6 weeks but it tastes better the longer it is left.",
645.0,Crafty Crescent Lasagna,"['sausage', 'beef', 'onion', 'tomato paste', 'garlic', 'parsley flakes', 'basil', 'oregano', 'salt', 'pepper', 'cream-style cottage cheese', 'egg', 'parmesan cheese', 'mozzarella cheese', 'milk', 'sesame seeds']","1. Brown sausage and ground beef in skillet, stirring until crumbIy; drain.
2. Add onion, tomato paste, garlic, parsley flakes, basil, oregano, salt and pepper.
3. Simmer for 5 minutes.
4. Mix cottage cheese, egg, and Parmesan cheese in a bowl .
5. Unroll dough; place on cookie sheet, overlapping edges.
6. Seal perforations and edges.
7. Spread half the meat mixture in center.
8. Layer cheese mixture and remaining meat mixture over top.
9. Top with shredded Mozzarella cheese.
10. Fold in edges to enclose filling.
11. Brush with milk; sprinkle with sesame seeds.
12. Bake at 375 degrees fahrenheit for 20 to 25 minutes or until deep golden brown.
13. Yields 6-8 servings.
14. Kelli McEldonny, Grove, OK District Vl , Division I.","https://img.sndimg.com/food/image/upload/w_555,h_416,c_fit,fl_progressive,q_95/v1/img/recipes/64/5/picd3J6hL.jpg"
646.0,Cranberry Bread,"['flour', 'baking powder', 'baking soda', 'salt', 'sugar', 'egg', 'raw cranberries']","1. Sift together dry ingredients.
2. Combine orange juice, rind, egg and salad oil.
3. Add all at once to dry mixture. Stir just enough to moisten.
4. Add nuts and cranberries.
5. Bake in greased pan, 9 x 5 inches for 50 minutes in 350 degree oven.","https://img.sndimg.com/food/image/upload/w_555,h_416,c_fit,fl_progressive,q_95/v1/img/recipes/64/6/pics2W6R1.jpg"
647.0,Awesome Apple Bread,"['eggs', 'sugar', 'vanilla', 'apples', 'flour', 'cinnamon', 'baking soda', 'salt', 'walnuts']","1. Combine and set aside the oil, eggs, sugar, and vanilla.
2. Sift flour, cinnamon, soda, and salt. Add dry ingredients to oil mixture gradually.
3. Add apples and nuts.
4. Bake in 2 regular loaf pans or 3 foil loaf pans for 1 1/2 hours at 300 degrees.
5. Cool 10 minutes in the pan.
6. Sprinkle with sugar, if desired.
7. Note: I bake it at 325 degrees for about 70 minutes.","https://img.sndimg.com/food/image/upload/w_555,h_416,c_fit,fl_progressive,q_95/v1/img/recipes/64/7/ZsjcWILS468aWD0Ku4uq_DSC_5969.jpg"
648.0,Cucumber Salad with Spicy Wasabi Dressing,"['dry wasabi', 'cucumbers', 'distilled white vinegar', 'sugar', 'green onions', 'scallions', 'black sesame seeds', 'sesame seeds']","1. Mix the wasabi with 1/2 teaspoon warm water in the bottom of a mixing bowl and let it stand for 5 minutes.
2. Peel the cucumbers, cut each one in half lengthwise, and use a melon baller or spoon to scoop out the seeds.
3. Cut the cucumbers widthwise into 1/4-inch crescents.
4. Add the vinegar and sugar to the wasabi and whisk until smooth.
5. Whisk in the sesame oil, salt, and pepper.
6. Just before serving, add the cucumbers, green onion, and sesame seeds to the dressing and mix well.","https://img.sndimg.com/food/image/upload/w_555,h_416,c_fit,fl_progressive,q_95/v1/img/recipes/64/8/picYwuBMd.jpg"
649.0,Cucumbers with Lime-Chile Dressing,"['kirby cucumber', 'green onions', 'tomato sauce', 'lime juice', 'lime juice', 'low sodium soy sauce', 'sugar', 'ginger']","1. Small Kirby cucumbers, normally used for pickling, are called for here because they are crunchier and less watery.
2. You can use other cucumbers and peel them if desired.
3. In a medium size bowl, combine the cucumbers and green onions.
4. In a small bowl, whisk together the chili sauce, lime juice, soy sauce, sugar, ginger and hot pepper sauce. Pour the dressing over the cucumbers and toss to coat.",
650.0,Curried Beef Loaf,"['milk', 'beef', 'pork', 'onion', 'garlic', 'curry powder', 'salt', 'fresh parsley', 'eggs', 'pepper']","1. Remove crusts from bread; tear in pieces and let soak in milk.
2. Toss
3. together in a large bowl and remaining ingredients.
4. Press lightly into a 9\
5. x3\
6. ,
7. ,
8. ,",
651.0,Curried Chicken Muffins,"['onions', 'chicken thigh fillets', 'curry paste', 'self raising flour', 'eggs', 'lemon juice', 'fresh coriander leaves']","1. Preheat oven to 190 C (380F). Grease a 12 hole muffin tin with butter and oil.
2. Make sure to grease the top of the tin well so any mix won
3. ,
4. T brown them, adding a splash of water helps (you want them to stay white looking for effect - so they say), takes 5-10 minutes.
5. Put the onions aside. 3/4 will be used for presentation, chop the other 1/4.
6. Heat the pan again and add a little bit of oil and the chicken.
7. Stir until it begins to turn white and then add the curry paste. Cook slightly, adding a splash of water to speed up the process.
8. Cook for a further minute then remove from the heat and stir in the yoghurt. Let it cool slightly.
9. Sift flour into a large bowl from a good height to aerate it well.
10. Add the chopped onions, lemon juice, eggs, vegetable oil, cooled curried chicken and chopped coriander and mix well.
11. Spoon the mixture into the greased muffin tin and push the onion rigs on top by gently pressing in.
12. Bake in preheated oven for 15-20 minutes until risen and golden.
13. Allow to cool completely.
14. Good picnic food.
15. Enjoy!","https://img.sndimg.com/food/image/upload/w_555,h_416,c_fit,fl_progressive,q_95/v1/img/recipes/65/1/picpqEMfO.jpg"
652.0,Curried Crab in Endive Spears,"['mayonnaise', 'celery', 'onions', 'curry powder', 'belgian endive', 'fresh cilantro']","1. Combine first 4 ingredients in small bowl.
2. Mix in crab meat. Season
3. to taste with pepper.
4. (Can be prepared 8 hours ahead.
5. Cover and refrigerate.) Place 1 heaping tsp crab mixture on base of each endive spear.
6. Sprinkle with cilantro.
7. Arrange on platter in spoke pattern and serve.","https://img.sndimg.com/food/image/upload/w_555,h_416,c_fit,fl_progressive,q_95/v1/img/recipes/65/2/picj4JgL4.jpg"
653.0,B.c. Cherry and Raspberry Preserves,"['bing cherries', 'raspberries', 'granulated sugar', 'fresh lemon juice']","1. Stem and pit the cherries; you should have 4 cups.
2. In a large bowl, stir together the cherries, raspberries and sugar.
3. Let stand at room temperature, stirring occasionally, for 2 hours.
4. Pour the fruit into a wide, shallow, nonreactive saucepan and stir in the lemon juice. Cook over moderate heat, stirring occasionally, for 30 to 40 minutes until the mixture looks thickened and glazed.
5. Remove a table-spoon of the preserves to a small saucer and chill in the freezer for 5 minutes.
6. Run your finger through the mixture; if it wrinkles, it is ready to jar.
7. If it is not ready, continue cooking for 5 more minutes and repeat the test. Sterilize four 8-ounce canning jars by washing and rinsing them in the dishwasher without detergent; keep them warm in a 250 degrees F oven.
8. Pour boiling water over the jar lids to soften the rubber seals.
9. Ladle the hot preserves to within 1/2 inch of the rims of the jars.
10. Wipe the rims and seal with the hot lids and metal bands.
11. Let cool to room temperature, then refrigerate for several weeks.
12. Or, to store longer, process in a water bath.",
655.0,Dijon Pesto Steak,"['fresh basil', 'parsley', 'walnuts', 'grey poupon dijon mustard', 'garlic', 'top round steaks']","1. Heat oven to 350 Degree F.
2. In small bowl, combine basil or parsley, walnuts, mustard and garlic. Broil steak 5 inches from heat source, for 10 minutes, turning once. Spread top of steak with basil or parsley mixture; broil 2 to 3 minutes more or until lightly browned and beef is cooked to desired doneness.
3. Arrange roast and all vegetables in ungreased 13x9 inch (3 quart) baking dish.
4. Slice and serve. Prep Time: 10 minutes Cook Time: 12 to 14 minutes Cindy-Recipe Researcher http://forums.msn.com/cooking
5. Sprinkle with all remaining ingredients except water.
6. Pour water over top.
7. Cover with foil.
8. Bake at 350 Degree F.
9. oven for 2 to 2-1/2 hours or until beef and vegetables are tender.
10. Serve with pan juices.",
656.0,Dill Pickle Soup,"['sour dill pickle', 'onion', 'garlic', 'carrot', 'butter', 'flour', 'fresh dill', 'dried dill', 'heavy cream', 'lemon juice', 'sour cream']","1. Drain the pickles, reserving the juice, and slice them thinly.
2. Melt 2 T of the butter in a frying pan and add the pickle slices, sauteeing them over medium heat for 3 min.
3. Push the pickles t one side, add the remaining T of butter and the onions and garlic. Cook until soft and slightly browned.
4. Incorporate the pickles and cook together for 1 min.
5. Ad 1 cup stock and bring to a boil, scraping up any browned particles.
6. Transfer this mixture to a medium soup pot, add the rest of the stock, the reserved pickle juice, and the carrots.
7. Simmer uncovered for 15 min.
8. Add the shredded port and cook 15 min more. Knead together the softened butter, flour, and dill into a ball and add it to the simmering soup, stirring to blend.
9. Cook 2 min until the soup thickens.
10. Remove from the heat and stir in the heavy cream.
11. Taste and adjust seasoning, remembering that salt tends to accentuate the sour taste. If soup is not tart enough, add lemon juice to taste. Serve hot, with dollops of sour cream.
12. Stock: this can be a well-flavored chicken or veal, or a brown stock.
13. The author notes that using all beef stock makes the soup a bit too strong, and usually substitute half of the brown stock for chicken or veal.","https://img.sndimg.com/food/image/upload/w_555,h_416,c_fit,fl_progressive,q_95/v1/img/recipes/65/6/pickiIgoc.jpg"
657.0,Dinner Rolls,"['milk', 'unsalted butter', 'sugar', 'dried yeast', 'fresh yeast', 'eggs', 'salt', 'white flour']","1. For the glaze:- 1 egg yolk 1 Tbsp water Put the milk into a saucepan and bring just to the boil.
2. Pour 4 Tbsp of the milk into a small bowl and let cool to lukewarm.
3. Meanwhile cut the butter into pieces.
4. Add the butter and sugar to the remaining milk in the pan, stirring occasionally, until butter is melted.
5. Let cool to lukewarm.
6. Sprinkle the yeast over the 4 Tbsp milk and let stand, stirring once, until dissolved, about 5 minutes.
7. In a large bowl, beat eggs just until mixed.
8. Add the cooled sweetened milk, salt and dissolved yeast. Stir in half of the flour and mix well with your hand.
9. Add the remaining flour, 2 ozs at a time, mixing well after each additions.
10. Keep adding flour until the dough pulls away from the sides of the bowl in a ball.
11. It should be soft and slightly sticky.
12. Turn the dough onto a floured work surface. Sprinkle the dough and your hands with flour, and begin to knead by holding the dough with one hand and pushing it away from you with the other.
13. Continue to knead by peeling the dough away from the surface. Give the dough a quarter turn, and knead until it is very smooth, elastic and forms a ball, 5 - 7 minutes.
14. If the dough sticks while kneading, flour the work surface. Wash the large bowl and brush it with melted butter.
15. Put the kneaded dough in the bowl, and flip it so the surface is lightly buttered.
16. Cover the bowl with a damp tea towel and let the dough rise in a warm place until doubled in bulk, about 1 - 1 1/2 hours.
17. To Shape and Bake the Rolls:- Brush 2 baking sheets with melted butter.
18. Turn the dough onto a lightly floured surface and knead with your hand just to knock out the air, 15 - 20 seconds.
19. Cover the dough, and let it rest, about 5 minutes.
20. Cut the dough in half.
21. With your hands, roll 1 piece of the dough into a cylinder about 2 inches in diameter.
22. Cut the cylinder into 8 equal pieces.
23. Repeat to divide the remaining dough.
24. To shape round rolls, cup a piece of dough under the palm of your hand, and roll the dough in a circular motion so it forms a smooth ball.
25. Arrange 8 rolls on each baking sheet. Cover with a dry tea towel and let rise in a warm place until doubled in bulk, about 30 minutes.
26. Heat the oven to 425 F.
27. Make the glaze by beating the egg yolk with the water until frothy.
28. Brush the rolls with glaze, then bake them in the oven until golden brown, 15 - 18 minutes.
29. Turn the rolls over and tap the bottoms with your knuckles.
30. They should sound hollow when tapped.
31. ******** Cheers, Doreen Doreen Randal, Wanganui.
32. New Zealand.","https://img.sndimg.com/food/image/upload/w_555,h_416,c_fit,fl_progressive,q_95/v1/img/recipes/65/7/pic5LxEWU.jpg"
658.0,Dried Fruit Roll-Ups,"['nectarines', 'plums', 'sugar']","1. * For each cup of fruit you will need 1-1/2 tablespoons of sugar.
2. Chop peaches, nectarines or plums very fine, being careful to reserve the juice. Place fruit and its juices in saucepan and bring to a boil.
3. Boil until candy thermometer reads 180 degrees.
4. Cool slightly.
5. Put into blender and mix until smooth.
6. Return to heat and cook until the mixture has the consistency of a thick paste and is reduced by half.
7. Spread fruit 1/4-inch thick on plastic-wrapped trays or cookie sheets.
8. Cover pans with a cheesecloth screen, taking care to keep the cheesecloth from touching fruit. Place in direct sunlight for 12 to 24 hours until dry (bring in at nighttime). You can also bake in a 250-degree oven for about 4 hours.
9. Put the fruit on a lightly greased cookie sheet or use foil to line tray.
10. Fruit rollups are done when edges pull back from plastic and center is not sticky when cooled.
11. Ten cups of fruit will cover a 12 x 17-inch tray.
12. - - - - - - - - - - - - - - - - - - Serving Ideas : Make dried fruit roll-ups the old-fashioned way.",
659.0,Drunken Chicken Marinade,"['sage', 'coarse black pepper', 'hard apple cider', 'soy sauce']","1. Optional add-ins: garlic - I use powdered for the intensity- but crushed cloves of garlic will also be good...
2. splash of cayenne pepper sauce Rotel chiles and tomatoes A-1 sweet and tangy sauce Sriracha (or any flavor Vietnamese-style) chili sauce Substitution: Vodka or honey mead for Cider...
3. ---- Combine all ingredients and pour over meat to be marinated.
4. The estimated amount above marinates about 2 1/2 to 3 lbs of chicken.
5. Marinate in tightly sealed dish at minimum for about 1 1/2 hours (for mild intoxication;) I marinated overnight and had wonderful results.
6. I hope you enjoy it","https://img.sndimg.com/food/image/upload/w_555,h_416,c_fit,fl_progressive,q_95/v1/img/recipes/65/9/picG6k7kf.jpg"
660.0,Crawfish or Shrimp Cocktail,"['crawfish', 'shrimp', 'heinz chili sauce', 'catsup', 'horseradish', 'lea & perrins worcestershire sauce', 'salt', 'lemon juice', 'lime juice', 'parsley']","1. Combine all sauce ingredients to make sauce.
2. Pour over crawfish or shrimp, or dip the crawfish or shrimp in the sauce.",
661.0,Aunt Kay's Pork Chops Casserole,"['baby green peas', 'potatoes', 'onion', 'margarine']","1. Line a 9\
2. pan with cooking foil, shiny side in; spray with cooking spray lightly.
3. Place 4 to 6 medium sized chops inside; season with salt and pepper.
4. Top in 3rds: Make 2 cups instant rice to fill one-third, center third is a can of drained baby green peas, last third place 4 medium peeled and cut-up potatoes.
5. Chop one small onion over all.
6. Dollop margarine in small chunks over top.
7. Season with salt and pepper again.
8. Roll up excess foil to seal casserole on top and ends.
9. Bake at 350 degrees Fahrenheit for 1-1/2 hours.
10. Yummy Casserole!
11. Instead of the green peas I have used green beans or corn before to change the flavor on the chops, but I like the peas best!",
662.0,Crisp Skin Chicken,"['chicken', 'vinegar', 'soy sauce', 'honey', 'dry sherry', 'golden syrup', 'flour', 'salt']","1. Put chicken in a large saucepan and add boiling water to come halfway up the sides of the chicken.
2. Cover tightly and simmer until just tender, about 45 - 60 minutes.
3. Drain , rinse under cold water and dry with absorbent kitchen paper.
4. Mix together the vinegar, soy sauce, honey, sherry and syrup.
5. Brush this all over the chicken and then hang the chicken in an airy place to dry about 30 minutes.
6. Brush again with the remaining soy sauce mixture and hang again for 20 - 30 minutes.
7. Mix the flour and salt together and rub well into the chicken skin.
8. Deep-fry until golden and crisp.
9. Drain well on absorbent paper.
10. Chop the chicken into 8 pieces and serve warm with dips.
11. CINNAMON DIP Mix together 1 Tbsp ground cinnamon, 1/2 tsp ground ginger, 1/4 tsp freshly ground pepper and salt. Put in a small saucepan, heat until very hot, stirring constantly.
12. PEPPER AND SALT DIP Mix together 1 Tbsp salt and 1/2 Tbsp freshly ground black pepper.
13. Put into a small saucepan and heat, stirring, until the salt begins to brown.
14. Serve the dips separately in small alongside a bowl of hoisin sauce (served cold) Guests eat the chicken with their fingers, dipping each piece into the dips and sauce. Place finger bowls of cold water on the table.",
663.0,Crispy Chicken Livers on Garlic Potato Mash,"['potatoes', 'garlic cloves', 'butter', 'oregano', 'chicken livers', 'egg', 'butter', 'cumin', 'ginger']","1. To make the garlic mash:- Boil the potatoes and peeled garlic until the potatoes are tender.
2. Drain well and mash with the butter.
3. Divide into 4 or 6 equal portion and form into cakes.
4. To prepare the chicken livers:- Spread the breadcrumbs in a shallow microwave proof dish and cook on HIGH 2 - 3 minutes until slightly crisp.
5. Season with oregano, salt and pepper.
6. Wash the livers and divide in half.
7. Pat dry.
8. Dip the livers in the beaten egg the in the breadcrumbs to coat. Melt the butter in a large frying pan.
9. Pan fry the livers about 2 minutes each side, until they are just cooked in the centre. Meanwhile prepare the orange sauce. Bring all the sauce ingredients to the boil in a saucepan.
10. Simmer for 15 minutes.
11. To Serve:- Re-heat the potato cakes in the microwave or oven.
12. Place in the centre of 4 or 6 serving plates.
13. Top with the crispy chicken livers and serve with the sauce.",
664.0,Crock Pot Lasagna,"['lean ground beef', 'onion', 'tomatoes', 'tomato sauce', 'cream-style cottage cheese', 'mozzarella cheese', 'granulated sugar', 'parsley flakes', 'dried oregano', 'garlic powder', 'dried basil', 'salt', 'pepper']","1. Break lasagna noodles into bite size pieces and cook in boiling water until tender but firm (14 to 16 minutes). Drain.
2. Scramble-fry ground beef in non-stick frying pan until browned.
3. Drain well.
4. Turn into a 3-1/2 quart crock pot. Add remaining 12 ingredients and stir well.
5. Add lasagna noodles, stir.
6. Cook on LOW for 7 to 9 hours or on HIGH for 3-1/2 to 4-1/2 hours.",
665.0,Crock Pot Potatoes,"['garlic cloves', 'salt', 'potatoes', 'cream cheese']","1. Lightly grease Crock-Pot. In small bowl, combine onion, garlic, salt and pepper.
2. Layer 1/4 of sliced potatoes in bottom of Crock-Pot. Sprinkle with 1/4 seasonings.
3. Layer with 1/3 cream cheese cubes.
4. Continue layering process, ending with layer of potatoes then sprinkle with seasonings.
5. Cover and cook on high 3 to 4 hours.
6. In last hour of cooking, stir potatoes to distribute cream cheese. Serve when potatoes are tender.
7. Note: Potatoes can be slightly mashed before serving.
8. Time saving tips: Cook potatoes in boiling water for about 30 minutes or until tender then cut into strips.
9. Mixture should be cooked on low 6 to 8 hours or on high 2 hours or until potatoes are tender.
10. Substitute 32 oz.frozen hash browns for potatoes and prepare as directed.
11. Cook on low 4 to 6 hours or on high 2 hours.","https://img.sndimg.com/food/image/upload/w_555,h_416,c_fit,fl_progressive,q_95/v1/img/recipes/66/5/pici1aoRo.jpg"
666.0,Croissant Bread Pudding with Brandy Cream Sauce,"['raisins', 'eggs', 'sugar', 'milk', 'brandy', 'butter', 'cinnamon', 'nutmeg', 'vanilla', 'salt', 'butter']","1. Brandy cream sauce: 2 ounces butter 1 cup brown sugar 1/2 cup water 1/2 cup cream 1 teaspoon vanilla 1 tablespoon cornstarch, mixed to paste with a little water 2-3 tablespoons brandy Preheat oven to 350F.
2. Grease a 9 X 11\
3. ,
4. ,
5. ,
6. t) and sprinkle with cinnamon/sugar.
7. Bake 40 minutes.
8. Serve immediately with sauce. Sauce: In a small saucepan, combine butter, brown sugar and water and stir until boiling and sugar has dissolved.
9. Add cream, vanilla, and cornstarch paste and stir until thickened, Lastly, add brandy.
10. Sauce can be made in advance and reheated just before serving.
11. The nice thing about this is that you can do everything in advance, and bake it while you are eating the main course.",
667.0,Crumpets,"['flour', 'baking powder', 'salt', 'sugar', 'water', 'compressed yeast']","1. NOTE:- 1 tsp dry yeast can be used in place of the compressed yeast; sift it with the dry ingredients.
2. Sift flour, baking powder, sugar and salt into a large bowl.
3. Dissolve yeast in water, add to dry ingredients, beat until smooth.
4. Crumpets can be cooked in a lightly greased frying pan or electric frypan; if using frypan, pre-heat to 260 F.
5. Lightly grease some egg-rings, put them in pan to heat through.
6. When hot three-quarters fill the rings with batter.
7. Allow to cook over a low heat for approximately 10 minutes or until surface is covered with holes.
8. Remove the rings.
9. Cover the pan, and cook a further 2 - 3 minutes or until the surface is set. Remove from the pan, cool on a wire rack.
10. When cold, toast and serve with butter.
11. These may be frozen.","https://img.sndimg.com/food/image/upload/w_555,h_416,c_fit,fl_progressive,q_95/v1/img/recipes/66/7/piciFEmzS.jpg"
668.0,Crusty Beef Casserole,"['flour', 'sugar', 'salt', 'dry mustard', 'baking soda', 'worcestershire sauce', 'vinegar', 'tomato juice', 'water', 'butter', 'garlic', 'chives', 'garlic', 'parsley']","1. CRUSTY TOPPING French bread cut in1 cm slices 25g soft butter 1 clove garlic, crushed (opt) 1 Tbsp French mixed mustard chopped chives, garlic cloves or parsley Cut steak in pieces, 6 cm by 4 cm.
2. Place in casserole. In a bowl mix all ingredients except crusty topping.
3. Pour over beef, and cover tightly.
4. Bake at 160 C for 2 hours.
5. Combine butter, add garlic (opt), mustard and herbs.
6. Spread on one side of each bread slice (use sufficient slices to cover the top of casserole). Arrange bread, buttered side up, on meat, pushing slices firmly down to soak up juices.
7. Return uncovered casserole to oven at 200 C for about 10 minutes or until bread is crisp and golden.",
669.0,Crusty Bread From Cuba,"['flour', 'water', 'salt', 'sugar', 'cornflour']","1. Do not preheat the oven this time! Proof the yeast in the lukewarm water with the sugar in a large mixing bowl.
2. Add the flour and the salt, a little at a time, stirring and mixing until you have a rather stiff dough.
3. Remove to a lightly floured work surface and knead the dough for a few minutes, then place in a large buttered bowl, cover with a towel and let it rise in a warm place for about 1 hour or until it has doubled in bulk.
4. Again, remove the dough to the floured work surface and punch it down a couple of times.
5. Divide into 2 equal pieces and shape into 2 oblong loaves about 18\
6. ,
7. ,
8. ,
9. ,
10. ,
11. ,
12. ,",
670.0,Cucumber Pan Rolls,"['cucumber', 'low-fat sour cream', 'water', 'sugar', 'salt', 'all-purpose flour', 'active dry yeast', 'fresh chives', 'fresh dill']","1. Place cucumber in a blender or food processor; cover and process until smooth.
2. Place 3/4 cup of puree in a saucepan (discard remaining puree or save for another use.) Add sour cream, water, sugar, and salt to pan; heat to 120 to 130 degrees (mixture will appear separated). In a mixing bowl, combine 1 1/4 cups flour, yeast, chives and dill; add cucumber mixture. Beat on low speed just until moistened; beat on high for 3 minutes.
3. Add enough remaining flour to form a stiff dough.
4. Turn onto a floured surface; knead until smooth and elastic, about 6 to 8 minutes.
5. Place in a greased bowl, turning once to grease top.
6. Cover and let rise in a warm place until doubled about 1 hour.
7. Punch dough down; let rest 10 minutes.
8. Shape into 12 balls; place in a 13 x 9 x 2\
9. ,
10. ,
11. ,
12. ,",
671.0,Homemade Cucumber Relish,"['cucumbers', 'celery', 'onions', 'red bell peppers', 'canning salt', 'water', 'vinegar', 'sugar', 'mustard seeds', 'celery seeds']","1. Combine cucumbers, celery, onion and peppers in a large bowl; add salt and water.
2. Cover and refrigerate overnight. Drain; rinse and drain again.
3. Combine remaining ingredients in a large kettle; bring to a boil.
4. Add vegetables; simmer for 10 minutes.
5. Ladle hot mixture into hot jars, leaving 1/4\
6. ,","https://img.sndimg.com/food/image/upload/w_555,h_416,c_fit,fl_progressive,q_95/v1/img/recipes/67/1/picH7pxqp.jpg"
672.0,Cucumber-Avocado Dip,"['tomatoes', 'cucumbers', 'sour cream', 'avocado']","1. Peel, seed and dice tomato.
2. Peel, split lengthwise, seed and dice cucumbers.
3. Thoroughly drain all liquid from tomato and cucumbers.
4. Mix all the ingredients and chill before serving.
5. Serve with chips or vegetables.
6. Also good as a dressing for chicken salad.",
673.0,Cucumbers and Onions in Sour Cream,"['cucumber', 'green onions', 'salt', 'sugar', 'sour cream', 'vinegar', 'white pepper']","1. Peel and slice the cucumber very thin.
2. Chop the green onions (including the tops). Mix with the cucumber.
3. Sprinkle the salt and sugar over all and toss lightly with a fork to distribute sugar and salt evenly over the cucumber slices.
4. Let stand 15 to 20 minutes.
5. Drain thoroughly, pressing cucumber to extract as much moisture as possible. Stir the vinegar into the sour cream.
6. Add a dash of white pepper.
7. Pour over cucumber and onion.
8. Refrigerate until ready to serve. NOTE: I usually double this recipe as it is better the longer it sits in the refrigerator.
9. I also like more onion so I usually use 3 to 4 if they are small.",
674.0,Curried Carrot Bisque,"['butter', 'carrot', 'leeks', 'fresh ginger', 'garlic', 'curry powder', 'curry paste', 'carrot']","1. Heat butter over medium heat in pot. Stir in carrots, leeks, ginger, garlic
2. and curry powder.
3. Saute for about 5 minutes or until leeks soften slightly.
4. Pour in chicken stock, bring to a boil, lower heat and simmer, covered, 20 ~ 25 minutes or until vegetables are tender.
5. Puree in a blender or food processor.
6. Return to heat, add whipping cream, salt and pepper and simmer for 5 minutes.
7. Garnish with grated carrot. Serves 4 to 6.
8. The Globe and Mail -----",
675.0,Curried Chicken II,"['boiling water', 'chicken', 'butter', 'onion', 'curry powder', 'clove', 'cinnamon', 'salt']","1. Put desiccated coconut to soak in a pint of boiling water for a couple of hours.
2. Sieve and strain.
3. Only the liquid is used.
4. Cut up a chicken or use chicken pieces.
5. Melt butter or good dripping in pan, add finely chopped onion, curry powder, a pinch of ground cloves and cinnamon.
6. Fry stirring constantly, till brown.
7. Add chicken pieces and fry these until brown.
8. Add salt, the warmed coconut liquid.
9. Cover saucepan, and simmer gently till chicken is tender.",
676.0,Cream Cheese Biscuits,"['flour', 'salt', 'butter', 'cream cheese']","1. Preheat the oven to 425 degrees.
2. Sift together the flour and salt. Add the butter, piece by piece, and the cream cheese. Mix until you have a dough that holds together.
3. Do not overmix.
4. Turn the dough out onto a lightly floured work surface and, with a rolling pin, roll it out to a thickness of about 1/2\
5. ,
6. ,",
677.0,Cream Cheese Chicken Lasagna,"['cottage cheese', 'cream cheese', 'milk', 'poultry seasoning', 'ripe olives', 'onion', 'green pepper', 'chicken', 'sharp cheddar cheese']","1. Cook noodles according to package directions; drain, and set aside. Combine cottage cheese and cream cheese, stirring well; add soup and next 6 ingredients.
2. Spread 1/2 cup of cheese mixture in bottom of a 13- x 9- x 2-inch baking pan.
3. Layer one-third of the noodles, chicken, and cheese mixture in pan; repeat layers twice. Sprinkle with breadcrumbs and Cheddar cheese; cover with aluminum foil.
4. Bake at 350 degrees for 30 minutes; uncover and bake an additional 15 minutes.",
678.0,Cream Scones,"['flour', 'salt', 'baking powder', 'sugar', 'butter', 'eggs', 'heavy cream', 'raisins', 'water']","1. Preheat the oven to 450.
2. Mix dry ingredients together, reserving 1 Tbsp sugar.
3. Cut butter into bits and rub into dry ingredients until thoroughly blended.
4. (Or pulse in food processor). Beat 2 eggs with cream, and blend into dry ingredients with a few swift strokes.
5. Use only a few more strokes to add raisins.
6. Turn dough onto lightly floured surface and knead 10 times; no more. If it is very sticky, add a little flour, but very little; don
7. ,
8. ,
9. ,
10. ,
11. ,
12. ,
13. ,
14. ,
15. ,
16. ,
17. ,
18. ,
19. ,",
679.0,Creamed Beetroot,"['butter', 'onion', 'flour', 'milk', 'mixed herbs', 'beetroots', 'tart dessert apple']","1. Melt butter in a pan, add the onion and fry gently for 5 minutes with out browning.
2. Add the flour and cook a further 2 minutes, stirring all the time. Remove from the heat and gradually add the milk, beating vigorously after each addition.
3. Return to the heat and bring to the boil stirring constantly.
4. Lower the heat and simmer 2 minutes stirring occasionally, then stir in the cream, herbs, and salt and pepper to taste. Fold in beetroot and apple and simmer a further 5 minutes, stirring occasionally.
5. Remove from heat and leave to cool, stirring occasionally to prevent skin forming.",
680.0,Creamy Smoked Salmon & Dijon Pasta,"['butter', 'shallots', 'garlic', 'smoked salmon', 'green onions', 'sour cream', 'light sour cream', 'dijon mustard', 'white pepper']","1. Cook the pasta.
2. Drain but do not rinse. Meanwhile, heat the butter in a large frying pan.
3. Add the shallots and saute=E9 for about 5 minutes.
4. Meanwhile, cut the salmon into thin bite-size pieces (I use thick bite sized pieces) and slice the green onions; set aside. Then, whisk the sour cream, Dijon and pepper into the sauted shallots.
5. Remove from the heat and immediately stir into the drained cooked pasta.
6. Add the salmon and green onions and toss.
7. Serve hot or as a cold pasta salad.
8. The flavour becomes fuller with a day
9. ,
10. s not creamy enough after being chilled, simply stir in more sour cream.",
681.0,Creamy Vegetable Curry with Rice,"['long-grain rice', 'salt', 'onion', 'curry powder', 'coconut milk', 'broccoli', 'carrot', 'pumpkin']","1. Place rice in a large microwave-safe bowl with 3 cups boiling water and the salt. Cook on HIGH 12 - 14 minutes.
2. (Do not cover the rice or it will boil over.) Set aside. Place the oil and onion in a large dish and cook on HIGH for 2 minutes.
3. Stir in the curry powder and cook on HIGH 30 seconds.
4. Pour coconut milk into the dish so that it is well combined.
5. Add the vegetables, cover and cook on HIGH for 10 minutes; stir after 5 minutes.
6. Reheat the rice and fluff up with a fork.
7. Serve the curry over the rice. Cheers, Doreen Doreen Randal, WAnganui.
8. New Zealand",
682.0,Crisp Flatbread,"['fresh compressed yeast', 'water', 'salt', '4 grain bread flour']","1. To roll out: 1 1/4 cups plain white flour Crumble the yeast in a mixing bowl.
2. Pour on the water.
3. Stir to dissolve the yeast. Add salt and bread flour.
4. Knead to an elastic dough.
5. Turn out the dough onto a floured work surface. Cut into 3 parts.
6. Form each part into a sausage and cut it into 8 pieces.
7. Form each piece into a round ball.
8. Cover and let rise for about 30 minutes.
9. Roll out each ball into a very thin circle. N.B.
10. Do not knead! Roll and turn the cake several times.
11. When it is very thin, about 2 mm (1/12\
12. ,
13. ,",
683.0,Crisp Lemon Chicken,"['cornflour', 'water', 'chicken tenderloins', 'spring onion', 'cornflour', 'lemon juice', 'lemon, rind of', 'ginger', 'brown sugar']","1. Lemon Sauce:- Mix cornflour with the lemon juice. Mix the lemon rind, stock, ginger, brown sugar and cornflour mixture together in a saucepan.
2. Bring to the boil and cook for 1 minutes.
3. Set aside while preparing chicken.
4. Crisp Chicken:- Lightly beat the egg whites, cornflour and water together.
5. Dip the chicken in this mixture. Heat the oil in a wok or frying pan and fry the chicken until the juices run clear.
6. Pour over the lemon sauce and served garnished with chopped spring onion.","https://img.sndimg.com/food/image/upload/w_555,h_416,c_fit,fl_progressive,q_95/v1/img/recipes/68/3/picGwK1Rl.jpg"
684.0,Crispy Potato Wedges,"['russet potatoes', 'black pepper', 'salt', 'garlic cloves', 'reduced sodium ketchup']","1. Place potatoes in a large bowl; add cold water to cover and let stand 15 min minutes.
2. Preheat oven to 425.
3. Spray a nonstick baking sheet with vegetable cooking spray.
4. Set aside.
5. Drain potatoes in colander.
6. Spread on a double layer of paper towels.
7. Cover with a second layer of paper towels.
8. Press down on the towels to dry potatoes.
9. Transfer potatoes to a clean large bowl.
10. Sprinkle with oil, pepper, and salt; toss gently to combine. Arrange seasoned potatoes in a single layer on the prepared baking sheet.
11. Bake potatoes for 20 minutes.
12. Using a spatula, turn potatoes; sprinkle with garlic. Bake until golden, about 20 minutes, turning baking sheet after 10 minutes for even browning.
13. Serve immediately with ketchup on the side. <NOTE: For a sweeter flavor, use sweet potatoes instead of the russet potatoes.
14. Add 1/2 teaspoon of paprika when tossing potatoes with spices.
15. Bake as previously directed.>.","https://img.sndimg.com/food/image/upload/w_555,h_416,c_fit,fl_progressive,q_95/v1/img/recipes/68/4/picbZtsJK.jpg"
685.0,Crock Pot Curried Carrots,"['carrots', 'mild curry powder', 'brown sugar', 'butter']","1. Arrange carrots in the crock pot and sprinkle with the curry powder, brown sugar, salt and pepper.
2. Pour the melted butter over the carrots and toss thoroughly to mix all ingredients.
3. Cover with lid and cook on HIGH 1 1/2 - 2 hours.
4. Cheers, Doreen Doreen Randal, Wanganui, New Zealand.","https://img.sndimg.com/food/image/upload/w_555,h_416,c_fit,fl_progressive,q_95/v1/img/recipes/68/5/picoOAqQD.jpg"
686.0,Crock Pot Sweet and Sour Chicken,"['celery', 'green pepper', 'onion', 'tapioca', 'chicken breasts', 'pineapple chunks', 'dark brown sugar', 'light brown sugar', 'soy sauce', 'light soy sauce', 'garlic cloves', 'ginger']","1. CROCK POT: Put vegetables in bottom of crock pot. Sprinkle tapioca over vegetables. Place chicken next. Combine all other ingredients and Pour over chicken. Cover crock pot and turn to low and cook for 8-10 hours.
2. OVEN: Put vegetables in bottom of a greased pan.
3. Sprinkle vegetables with tapioca.
4. Add chicken to pan.
5. Combine all other ingredients. Pour over chicken.
6. Cover pan tightly with foil.
7. Bake in 300 deg. oven for 2 hours.
8. The above are basic and easy to do.
9. You can add the cherries or mandarin oranges for flavor and attractiveness.","https://img.sndimg.com/food/image/upload/w_555,h_416,c_fit,fl_progressive,q_95/v1/img/recipes/68/6/picaG75PJ.jpg"
687.0,Austrian Sweet Cheese Crepes Baked in Custard,"['dried currant', 'boiling water', 'cream cheese', 'eggs', 'lemon, zest of', 'vanilla', 'granulated sugar', 'eggs', 'granulated sugar', 'milk', 'confectioners']","1. Make filling: In a small heatproof bowl plump currants in boiling-hot water 15 minutes and drain.
2. Pat currants dry between paper towels.
3. In a food processor or in a bowl with an electric mixer blend together well cream cheese, jam, yolks, zest, and vanilla.
4. In a bowl with an electric mixer (beaters cleaned if necessary) beat whites with a pinch of salt until they hold soft peaks.
5. Add sugar to whites and beat meringue until it holds stiff peaks.
6. Fold cheese mixture into meringue gently but thoroughly and fold in currants.
7. Preheat oven to 400F.
8. and lightly butter a 14-inch-long oval gratin dish or other 2 1/2-quart shallow baking dish.
9. Working with 1 crepe at a time, spread 2 generous tablespoons filling on each crepe, leaving a 1/2-inch border all around, and roll up crepes jelly-roll fashion.
10. With a sharp knife cut crepes on a diagonal in half and arrange, overlapping slightly, in layers in baking dish.
11. Crepes may be prepared up to this point 4 hours ahead and chilled, covered.
12. Bring crepes to at room temperature before proceeding.
13. In a small bowl whisk together eggs, granulated sugar, and milk and pour over crepes, letting custard seep between layers.
14. Bake crepes in middle of oven 30 to 35 minutes, or until puffed and custard is set, and cool to warm.
15. Dust crepes with confectioners",
688.0,Crunchy Pretzel Drops No-Bake Cookies,"['light corn syrup', 'milk', 'butter', 'vanilla']","1. Mix first 5 ingredients in saucepan. Melt over low heat, stirring constantly.
2. Remove from heat and stir in cereal and pretzels.
3. Drop by rounded tablespoonful onto wax paper and allow to harden.",
689.0,Crunchy Oven Fried Fish,"['all-purpose flour', 'lemon pepper', 'cornmeal', 'lemons, rind of', 'dried basil']","1. Preheat oven to 450.
2. Cut fish into serving size pieces.
3. Mix flour, lemon pepper, and 1/4 tsp salt in a shallow dish.
4. Beat egg white until frothy; place in another shallow dish.
5. Combine bread crumbs, cornmeal, lemon peel, and basil in a third shallow dish.
6. Dip top of fillets into flour mixture; Shake off any excess.
7. Dip tops into egg white; coat with crumb mixture. Spray a shallow baking pan with nonstick cooking spray.
8. Place fillets in pan, coating side up; tuck under thin edges.
9. Bake for 6 to 12 minutes or until fish flakes easily with a fork.",
690.0,Crusty Garlic Bread,"['garlic cloves', 'olive oil', 'fresh parsley', 'fresh thyme', 'dried thyme', 'fresh marjoram', 'dried marjoram', 'paprika', 'parmesan cheese']","1. Preheat oven to 350°F.
2. In a small bowl, combine the garlic and oil, mix well.
3. In another bowl, combine parsley, thyme, marjoram and paprika.
4. Add Parmesan; mix well.
5. Cut each loaf crosswise into diagonal slices, without cutting all the way through.
6. Brush cut sides of slices with garlic oil.
7. Sprinkle herb mixture between slices.
8. Wrap each loaf in foil, place on a baking sheet. Bake until heated through, about 10 to 15 minutes.
9. Unwrap the loaves and place them on a breadboard or in a basket. Serve immediately.
10. FREEZER Follow the recipe through step 2, but wrap each loaf in plastic wrap and then in foil.
11. Freeze up to 1 month.
12. To heat, preheat oven to 350°F.
13. Remove foil and plastic wrap from loaves; rewrap in foil.
14. Place on a baking sheet and bake until heated through, about 25 to 30 minutes.","https://img.sndimg.com/food/image/upload/w_555,h_416,c_fit,fl_progressive,q_95/v1/img/recipes/69/0/picWnJQSU.jpg"
691.0,Cream of Chicken Soup With Wild Rice,"['wild rice', 'fryer chickens', 'water', 'mushrooms', 'onion', 'celery', 'instant chicken bouillon granules', 'white pepper', 'butter', 'all-purpose flour', 'milk', 'dry sherry']","1. *I used Superior Touch Chicken Base and it was heavenly.
2. Cook wild rice according to package directions for 30 minutes; drain off liquid and rinse thoroughly.
3. Set partially cooked rice aside. In a large saucepan, combine the chicken and water.
4. Bring to boiling, reduce heat, and simmer for 40 minutes or until the chicken is tender.
5. Remove chicken from broth and let stand until cook enough to handle. Skim fat from broth.
6. Strain and reserve broth.
7. Remove chicken meat from bones.
8. Cut into bite-size pieces.
9. In the same saucepan, cook celery and onion in hot oil for 4-5 minutes; add mushrooms and cover and cook for 5 to 10 minutes or until everything is tender, stirring now and then.
10. Remove from heat. Return broth to the saucepan.
11. Add the partially cooked wild rice to the chicken broth mixture. Stir in the bouillon granules and white pepper.
12. Bring to boiling.
13. Reduce heat and simmer, uncovered, for 15 minutes.
14. In a large separate saucepan, melt the butter.
15. Stir in flour until it all clings together and is smooth.
16. Add the milk all at once and stir and cook until it
17. ,
18. ,",
692.0,Cream Puff Paste,"['all-purpose flour', 'water', 'sweet unsalted butter', 'salt', 'eggs', 'egg']","1. Put water, butter or salt in a large heavy saucepan and bring to a boil.
2. Remove from heat (butter should be completely melted) and add the flour all in one fell swoop.
3. Mix as quickly as possible with a sturdy wooden spoon.
4. This mixture is known as a \
5. .
6. Return the saucepan to the stove over the lowest possible heat. Continue to stir with the wooden spoon while the panade dries out. This will take about 5 minutes, and a thin crust will form on the bottom of the pan.
7. This is supposed to happen, so don
8. t try to scrape it up and incorporate it into the dough, or you will have plaster chips in your pastries.
9. The dough should be soft, but when you pinch it between thumb and forefinger it should not stick to your hand.
10. Dump the panade into a bowl, and let it cool for at least 5 minutes.
11. Then add the eggs, one at a time, beating well after each addition.
12. The mixture should be smooth and creamy looking before you add the next egg.
13. After all 4 eggs have been beaten in, the dough will be shiny and satiny yellow, thick and heavy.
14. Butter and flour a cookie sheet. Fill a pastry bag with the dough.
15. If you don
16. ,
17. ,
18. ,
19. ,
20. t succumb to the temptation to make fewer and larger ones, for they won
21. ,
22. ,
23. ,
24. circle on the surface of the buttered and floured cookie sheet. Then, using a pastry gab, squeeze out a 1\
25. halo\
26. ve outlined.
27. Squeeze another 1\
28. crack\
29. ,
30. ,
31. dry\
32. ,
33. ,
34. ,
35. ,
36. ,
37. t stay ajar by itself, prop it open by wedging something in there. This is to allow steam to escape and to let the pastries cool slowly and \
38. as they cool so that they won
39. ,
40. ,
41. ,
42. ,
43. ,
44. ,
45. ,
46. ,
47. ,
48. ,
49. sugar.
50. Keep the cream puff ring in a cool dry place until serving time. - - - - - - - - - - - - - - - - - - * Exported from MasterCook * PRALINE FILLING Recipe By : Homemade Good News (Vol 3 No 3) Serving Size : 1 Preparation Time :0:00 Categories : Pastries Amount Measure Ingredient -- Preparation Method -------- ------------ -------------------------------- 1 cup 10X powdered confectioners
51. ,
52. ,
53. ,
54. t). Allow it to cool.
55. When the candy has cooled, it will be hard and brittle. Break it into pieces, place the pieces in your blender or food processor, and grind them up into powder.
56. Fold the praline powder into the vanilla custard cream.
57. - - - - - - - - - - - - - - - - - - NOTES : This is for Cream Puff Ring * Exported from MasterCook * CHOCOLATE ICING Recipe By : Homemade Good News (Vol 3 No 3) Serving Size : 1 Preparation Time :0:00 Categories : Frostings, Fillings, & Icings Amount Measure Ingredient -- Preparation Method -------- ------------ -------------------------------- 3 ounces bitter (unsweetened) chocolate 3 ounces semi-sweet chocolate 3/4 cup cream (heavy cream is best, but is so hard to come by that unless you have your own dairy you will probably have to use whipping cream) enough water to thin icing to desired consistency (1 or 2 Tbsp) Melt the chocolate in the cream over low heat, stirring with a wooden spoon.
58. Bring to a boil.
59. cool to lukewarm.
60. Add water as desired.
61. Spoon over eclair or cream puffs.
62. - - - - - - - - - - - - - - - - - - NOTES : This is a glaze for eclairs or sauce for cream puffs.
63. If you pour the icing while it is still hot, it will run off the surface of the eclairs or cream puffs instead of sticking.
64. It should be warm when you pour it. For a sweeter icing, increase the amount of semi-sweet chocolate and decrease the amount of bitter chocolate. Kim C.",
693.0,Creamed Tuna,"['tuna', 'milk', 'pimientos']","1. Mix soup and milk until well blended, heat until very hot (do not boil) add tuna and pimientos.
2. Heat until hot and serve over toast or biscuits.
3. Garnish with a couple of small sweet pickles (goes great with this).",
694.0,Creamy Mushroom and Onion Rotini,"['rotini pasta', 'bacon', 'garlic', 'cooking onion', 'mushroom', 'dried thyme leaves', 'salt', 'pepper', 'dry white wine', 'fresh parsley']","1. Cook rotini pasta according to package directions.
2. In large skillet, heat oil over medium heat. Add bacon and cook until translucent. Stir in garlic, onion and mushrooms.
3. Cook, stirring occasionally, for 5 minutes or until mushrooms begin to brown.
4. Increase heat to high and stir in thyme, salt and pepper.
5. Stir in cream, stock and wine. When mixture boils, reduce heat and simmer for 1 minute. Add hot drained pasta and toss.
6. Garnish with chopped fresh parsley and serve immediately.",
695.0,Auntie Bettys Double Chocolate Cheesecake,"['butter', 'cream cheese', 'sugar', 'eggs', 'vanilla extract', 'sour cream', 'sugar', 'vanilla']","1. CRUST Roll out chocolate cream wafers on wax paper.
2. Mix crumbled wafers, butter and nuts in the bottom of a 10\
3. ,
4. ,
5. ,
6. ,
7. ,
8. ,
9. ,
10. ,
11. ,
12. ,
13. ,
14. ,
15. ,
16. ,
17. ,
18. ,
19. ,
20. ,
21. ,",
696.0,Creme Brulee,"['heavy cream', 'vanilla bean', 'sugar', 'eggs', 'dark brown sugar', 'fresh raspberry', 'vanilla bean', 'baking chocolate', 'pecans', 'brazil nut', 'coffee beans', 'bananas', 'butter', 'brandy', 'brown sugar']","1. Preheat oven to 300°F.
2. In top of double boiler over hot water, heat cream, vanilla bean and sugar to almost boiling.
3. Lower heat and simmer for 1 minute. Remove from heat. Beat eggs and egg yolks.
4. Pour cream mixture in a thin stream into eggs, stirring constantly.
5. Return to double boiler.
6. Cook over medium heat, stirring with a wooden spoon, for 3 to 4 minutes or until custard coats back of spoon.
7. Remove vanilla bean.
8. Pour into 6 custard dishes or 4 to 5 cup flame proof serving dish.
9. Set dishes in a large pan of hot water on middle rack of oven.
10. (Hot water should be level with custard.) Bake for 35 to 45 minutes, or until center of custard is set. Remove custard from water and cool.
11. Cover and chill.
12. To serve, sift brown sugar on top of creme. Place dish into bowl of crushed ice. Leaving door open, place under broiler at least 6\
13. ,
14. ,
15. ,
16. ,
17. ,
18. ,
19. ,
20. ,
21. ,
22. ,
23. ,
24. ,
25. ,
26. ,
27. ,
28. ,
29. ,
30. ,
31. ,
32. ,
33. ,
34. ,
35. ,
36. ,
37. ,
38. ,","https://img.sndimg.com/food/image/upload/w_555,h_416,c_fit,fl_progressive,q_95/v1/img/recipes/69/6/picOtEPc4.jpg"
697.0,Green and Gold Chowder,"['milk', 'bay leaf', 'butter', 'flour', 'onions', 'frozen green beans']","1. Arrange fish in a shallow dish in a single layer.
2. Add half the milk and bay leaf, cover and cook on HIGH for 7 minutes, until it can be flaked.
3. Reserve cooking liquid.
4. Flake fish, discarding skin and bones.
5. Cut the beans into 2 1/2 cm pieces and the baby corn in half if large. Place the butter in a microwave safe bowl cover and microwave on HIGH until melted.
6. Stir in the flour and whisk in the fish cooking liquid and the remaining milk, a little at a time, until mixture is smooth.
7. Mix the vegetables into the sauce. Cover and cook on HIGH for 6 1/2 minutes, stir in fish and pepper to taste and cook for a further 2 minutes, until vegetables are cooked, stirring twice.",
705.0,Tortilla Peach Cobbler,"['sugar', 'cornstarch', 'candied ginger', 'white flour tortillas', 'wheat flour tortillas', 'sugar']","1. Preheat oven to 400 and lightly spray an 8 or 9\
2. ,
3. ,
4. ,
5. ,
6. ,
7. ,
8. ,
9. ,",
707.0,"Tricolor Crustless ""Quiche""","['spinach', 'carrots', 'potatoes', 'low-fat cream cheese', 'cream cheese', 'swiss cheese', 'all-purpose flour', 'milk', 'eggs', 'white pepper', 'hot paprika']","1. Preheat oven to 375 degrees F (190 C).
2. For frozen spinach: cook over low heat until liquid evaporates. Fresh spinach: wash and boil only in water clinging to the leaves until tender. Drain, chop, and place in bowl.
3. In a separate bowl, mash the cooked carrots.
4. In another bowl, mash the cooked potatoes.
5. In yet another bowl, mix the cheeses, flour, milk, eggs, white pepper, paprika, salt, and pepper.
6. Divide into 3 equal portions and place a portion into each of the other bowls of spinach, carrot, and potatoes.
7. Mix contents of all three bowls well.
8. Butter a deep 14x4-inch pan.
9. Spoon in potato mixture and bake in 375 degrees F (190 C) for 8 minutes.
10. Spoon in the carrot mixture and bake 8 more minutes.
11. Now spoon in the spinach mixture and bake 45 minutes or until everything sets.
12. Turn off the oven, but leave the quiche in the oven for 5 minutes.
13. Remove from oven, then let cool for at least 5 minutes before serving.",
712.0,Twice Baked Potatoes II,"['potatoes', 'milk', 'margarine', 'cheddar cheese']","1. Bake potatoes until almost done. Remove from oven and let cool long enough so that you can handle them.
2. Cut them in half lengthwise and scoop out the insides and place in a bowl.
3. Mash the potatoes with a masher, add some milk (for 6 potatoes I add about 3-4 tbsp.) and about 2 tablespoons of margarine.
4. Mash some more to mix in the milk and margarine. Add about 1/2 cup of grated cheddar cheese , how much depends on how cheesy you want them, and mix the cheese in thoroughly.
5. Place the potato mixture back into the skins and bake at 350% for about 30 minutes.",
714.0,No Bake Chocolate Cookies,"['rolled oats', 'sugar', 'milk', 'butter', 'margarine', 'vanilla essence', 'salt']","1. Simmer sugar, milk, butter, cocoa and salt over a low heat until well blended, then add rolled oats, chopped nuts, coconuts and vanilla and remove from heat.
2. Beat mixture well until stiff, then drop in spoon-fuls onto greased baking sheet.
3. Leave until set.",
715.0,Unusual Chicken,"['chicken piece', 'chili powder', 'ginger', 'salt', 'garam masala', 'soy sauce', 'plain yogurt', 'curry leaf', 'ginger', 'garlic', 'green chili', 'spring onion', 'coriander leaves']","1. Mix together and marinate chicken for about 5 to 6 hours or overnight in a covered dish in the refrigerator.
2. Add one beaten egg and corn flour to cover. Place some ground nut oil in a wok heat oil and deep fry on a low heat. The meat is now ready to eat.
3. If a hotter dish is required: Take some curry leaves, ginger, garlic, green chilies, spring onions, coriander leaves. Place all the above in a wok with hot oil and fry for a couple of minutes.
4. Add some yogurt and tomato sauce and stir. Now add the chicken and some red food coloring and stir fry again to cover all the meat with the sauce.",
719.0,Vegetarian Baked Stuffed Red Bell Peppers,"['long-grain rice', 'salt', 'sweet peppers', 'butter', 'margarine', 'onion', 'celery', 'sunflower seeds', 'parsley', 'eggs', 'dried oregano leaves', 'black pepper', 'sharp cheddar cheese']","1. Cook rice in 1-1/2 cups boiling salted water for 35 minutes or until tender.
2. Drain if necessary.
3. Set aside. Cut peppers in half.
4. Remove seeds and white membrane. Parboil peppers in boiling salted water for 5 minutes.
5. Arrange in slightly oiled, shallow 1-1/2 quart baking dish.
6. Melt butter in small skillet. Add onion, celery, and sunflower seeds.
7. Saute until onion is tender.
8. Remove from heat. Stir into rice. Add parsley, eggs, oregano, jalapeno pepper, black pepper, and salt to taste. Fill peppers with mixture. Sprinkle cheese on top.
9. Put about 1/3 cup hot water in bottom of dish.
10. (I use the water used to parboil the peppers.) Bake at 400 F for about 20 minutes.","https://img.sndimg.com/food/image/upload/w_555,h_416,c_fit,fl_progressive,q_95/v1/img/recipes/71/9/picrBWj6Y.jpg"
720.0,Chili With Biscuits,"['garbanzo beans', 'kidney beans', 'celery', 'onion', 'apple cider', 'low sodium chicken broth', 'chili powder', 'garlic', 'dried oregano', 'pepper', 'nonfat cheddar cheese', 'all-purpose flour', 'whole wheat flour', 'baking powder', 'salt', 'skim milk', 'low-fat sour cream']","1. Stir together undrained tomatoes, garbanzo beans, kidney beans, celery, onion, apple juice, chicken broth, chili powder, garlic, oregano, and pepper in a 4 quart Dutch oven or kettle. Bring to boiling; reduce heat. Sour Cream Biscuits: stir together both flours, baking powder, and salt in a medium bowl.
2. Add milk and sour cream, stirring until just moistened.
3. Drop biscuit dough in 8 mounds onto simmering soup mixture. Cook, covered, about 12 minutes or until a toothpick inserted into biscuits comes out clean.
4. Ladle soup into soup bowls.
5. Place a biscuit on top of each serving and sprinkle with cheese.",
721.0,Vidalia Onion Casserole,"['butter', 'herb stuffing mix', 'butter', 'eggs', 'milk', 'cheddar cheese']","1. Preheat oven to 350F.
2. Cut onions in quarters and slice very thin.
3. Set aside. Melt 1/4 cup butter in saucepan and pour over stuffing.
4. Mix thoroughly and line 1 quart casserole dish with stuffing mixture. Melt 2 tablespoons butter in pan and saute onions until tender.
5. Pour over stuffing in casserole dish.
6. Mix eggs, milk, salt and pepper.
7. Pour mixture over onions and sprinkle cheese over top.
8. Bake for 45 minutes or until slightly brown.",
730.0,Lemon Whipped Cream,"['heavy cream', 'sugar', 'lemon juice', 'lemons, zest of']","1. Whip heavy cream.
2. Fold in sugar, lemon juice and zest.","https://img.sndimg.com/food/image/upload/w_555,h_416,c_fit,fl_progressive,q_95/v1/img/recipes/73/0/picbovOuH.jpg"
736.0,Whole Grain Buttermilk Pancakes,"['whole wheat flour', 'cornmeal', 'brown sugar', 'baking powder', 'baking soda', 'salt', 'buttermilk', 'eggs']","1. In a medium size bowl, combine the whole wheat flour, oat bran, cornmeal, sugar, baking powder and baking soda, and salt. In another bowl, combine the buttermilk, egg yolks and oil.
2. In a large bowl, beat the egg whites until stiff peaks form.
3. Stir in the buttermilk mixture into the flour mixture. Fold in the egg whites.
4. Lightly coat a skillet with cooking spray and set over moderate heat. When the skillet is hot, cook the pancakes 4 at a time, using 1/4 cup batter for each.
5. Cook for about 2 minutes on one side or until bubbles appear on the surface; turn, then cook 2 minutes or until golden brown on each side and cook through.",
742.0,Yolkless Noodles,"['all-purpose flour', 'salt', 'water', 'olive oil', 'all-purpose flour']","1. In a large mixing bowl stir together the 2 cups flour and salt. Make a well in the center of the dry mixture. In a small mixing bowl combine egg white, water, and oil.
2. Add to the dry mixture. Mix well.
3. Sprinkle kneading surface with 1 Tbsp of the remaining flour.
4. Turn dough out onto floured surface. Knead till dough is smooth and elastic (8 to 10 minutes total), adding 1 to 2 Tbsp additional flour as needed.
5. Cover and let the dough rest for 10 minutes.
6. Divide dough into 4 equal portions.
7. On a lightly floured surface, roll each portion into a 12\
8. thick). Let stand, uncovered, about 20 minutes.
9. Loosely roll up dough jelly-roll style; cut into 1/4\
10. ,
11. lengths.
12. If using a pasta machine, pass each portion through machine according to manufacturer
13. thick.
14. Cut into 1/4\
15. ,
16. lengths.
17. To store cut noodles, spread them on a wire cooling rack.
18. Let noodles dry overnight or till completely dry; place in an airtight container and refrigerate for up to 3 days.
19. Or, dry the noodles for at least 1 hour and seal in a freezer bag or freezer container; freeze up to 8 months.
20. Cook noodles for 1 1/2 to 2 minutes or till tender but still firm, allowing a few more minutes for dried or frozen noodles.
21. Drain noodles well.",
744.0,Yorkshire Pudding Popovers,"['plain flour', 'egg', 'milk', 'salt']","1. Preheat the oven to hot (425F/220C/Gas 7)
2. Put a teaspoonful of oil or dripping in each of several muffin tins or, to be truly Yorkshire, a couple of tablespoonsful in a larger roasting tin and place in the oven until the fat is really hot and beginning to smoke. Meanwhile combine the rest of the ingredients and beat to form a batter of the consistency of double cream.
3. If you wish you can add mixed dried herbs to add a savoury flavour.
4. When the fat is smoking take the tin out of the oven and place it over a low light so that it doesn
5. ,
6. re using muffin tins don
7. ,
8. ,
9. ,
10. ,
11. t want so much of the more expensive meat! If there was any of the pudding left over as a treat we kids would have it as a desert with Golden Syrup poured over it. Servings: 4 Ian Rice (Yorkshireman)","https://img.sndimg.com/food/image/upload/w_555,h_416,c_fit,fl_progressive,q_95/v1/img/recipes/74/4/jbir8X7cRBqn8agb8XLb_pudding.JPG"
747.0,Zesty Fried Chicken,"['cornmeal', 'paprika', 'salt', 'garlic powder', 'pepper', 'cumin', 'boneless skinless chicken breast halves']","1. Combine cornmeal, paprika, salt, garlic, powder, pepper, and cumin in a shallow dish or on a sheet of waxed paper.
2. Rinse chicken, do not pat dry; coat chicken evenly on all sides with the cornmeal mixture.
3. Spray an unheated large skillet with cooking spray.
4. Preheat skillet over medium high heat.
5. Add chicken; cook for 8 to 10 minutes or until tender and no longer pink, turning occasionally to brown evenly on all sides.","https://img.sndimg.com/food/image/upload/w_555,h_416,c_fit,fl_progressive,q_95/v1/img/recipes/74/7/picrfPgnB.jpg"
749.0,Zucchini Lasagna (Lasagne) - Low Carb,"['zucchini', 'lean ground beef', 'onion', 'tomatoes', 'tomato paste', 'garlic clove', 'dried oregano', 'dried basil', 'dried thyme', 'water', 'pepper', 'egg', 'low fat cottage cheese', 'mozzarella cheese', 'flour']","1. Cook zucchini until tender, drain and set aside. Fry meat and onions until meat is brown and onions are tender; drain fat. Add next 8 ingredients and bring to a boil.
2. Reduce heat; simmer, uncovered 10 minutes or until reduced to 2 cups.
3. In small bowl slightly beat egg.
4. Add cottage cheese, half of shredded cheese and flour.
5. In (1 1/2-qt.) baking-roasting pan arrange half of the meat mixture. Top with half of the zucchini and all the cottage cheese mixture. Top with remaining meat and zucchini.
6. Bake uncovered at 375 degrees F for 30 minutes.
7. Sprinkle with remaining cheese. Bake 10 minutes longer.
8. Let stand 10 minutes before serving.","https://img.sndimg.com/food/image/upload/w_555,h_416,c_fit,fl_progressive,q_95/v1/img/recipes/74/9/hctvbRoQFSW9CZ4FVcin_ZL%204%20-%20final_1.png"
751.0,Zucchini Squash With Parmesan,"['zucchini', 'margarine', 'onion', 'parmesan cheese']","1. Slice your squash and saute it in a little margarine with sliced onion. Salt & pepper to taste.
2. After it",
753.0,Tofu Lasagna,"['butter', 'fresh mushrooms', 'garlic cloves', 'salt', 'pepper', 'wheat germ', 'tofu', 'parmesan cheese', 'mozzarella cheese', 'fresh parsley']","1. Cook and drain lasagne noodles; set aside.
2. Melt butter in large skillet. Add mushrooms, garlic salt and pepper. Cook until mushrooms are tender.
3. Stir in sauce and wheat germ; heat through.
4. Combine tofu and Parmesan cheese in a bowl.
5. Combine mozzarella and parsley in another bowl.
6. In a 9x12-inch pan, layer half of each of the ingredients: noodles, tofu mixture, sauce and mozzarella mixture. Repeat. Bake at 350°F for 45 minutes or until hot and bubbly.
7. Let stand for 15 minutes before cutting.",
754.0,Tofu Mayonnaise,"['silken tofu', 'lemon juice', 'sugar', 'prepared mustard', 'apple cider vinegar', 'salt']",1. Combine all ingredients in a blender and beat until smooth and creamy.,
759.0,Tom's Double Barrel Habanero Hot Sauces,"['habaneros', 'onion', 'garlic cloves', 'canola oil', 'carrot', 'vinegar', 'fresh lime juice']","1. Saute the onion and garlic in the oil until soft.
2. Add the carrots with a small amount of water.
3. Bring to a boil, reduce the heat, and simmer until the carrots are soft.
4. Place the chilies, vinegar and lime juice in a blender and blend until peppers are finely minced.
5. Add the onion, garlic and carrots and puree the mixture until smooth.
6. Return the mixture to the stove and simmer for 5 minutes.
7. Strain the mixture into an empty hot sauce bottle. You
8. ,
9. ,
10. ,
11. ,",
760.0,Tortilla Beef,"['garlic', 'salt', 'pepper', 'limes', 'lemon juice', 'onion', 'carrot', 'marjoram', 'beef broth', 'tomatoes']","1. Spread minced garlic on round steak and sprinkle with salt, pepper and lime juice. Place in the slow cooker and add remaining ingredients.
2. Set cooker on low and cook for 8 hours.
3. Meat should be fork tender and shred easily.
4. Fill tortillas with favorite fillings and meat.",
765.0,Beef Liver and Bacon 'n' Onion Sauce,"['bacon', 'onion', 'flour', 'chicken bouillon mix', 'milk', 'beef liver']","1. Cook bacon in a saucepan until crisp.
2. Drain, reserving 3 tablespoons drippings; set bacon aside.
3. Saute onion in reserved drippings until tender.
4. Blend in flour and bouillon mix.
5. Gradually stir in milk.
6. Cook over medium heat, stirring constantly, until mixture just comes to a boil and thickens.
7. Keep warm.
8. Pan fry or broil liver to desired degree of doneness.
9. To serve pour sauce over individual servings of liver and top with crisp bacon.",
766.0,Lobster Newburg,"['live lobsters', 'unsalted butter', 'medium-dry sherry', 'medium-dry sherry', 'brandy', 'brandy', 'heavy cream', 'nutmeg', 'cayenne pepper']","1. Into a large kettle of boiling salted water plunge lobster, head first, and boil covered for 8 minutes from the time the water returns to a boil.
2. Transfer lobsters using tongs to cutting board, cool till they can be handled.
3. Break off the claws at the body, crack and remove the meat and cut into 1/2 inch pieces.
4. Remove the rest of the meat and do the same. In heavy sauce pan cook the meat in butter over moderate heat, stirring occasionally, for 2 minutes.
5. Add 2 tbsp. sherry and 3 tbsp. brandy and cook the mixture , stirring, for 2 minutes.
6. Transfer meat with a slotted spoon to a bowl.
7. Add the cream to the sherry mixture and boil till it is reduced to about a cup.
8. Reduce heat to low and stir in the 1 tsp. sherry and brandy, nutmeg, cayenne and salt to taste.
9. Whisk in the egg yolks.
10. Cook the mixture, whisking constantly, until it registers 140* on a deep fat thermometer,, and cook it whisking, for 3 minutes more. Stir in meat and serve over toast.",
768.0,Lots of Berries Pie,"['sugar', 'salt', 'cornstarch', 'cinnamon', 'blueberries', 'strawberry', 'blackberry', 'red raspberries', 'water', 'lemon juice', 'butter', 'margarine']","1. In a saucepan, combine sugar, salt, cornstarch, and cinnamon.
2. Stir in berries.
3. Add water and lemon juice.
4. Cook over medium heat just to the boiling point.
5. Pour into pie shell; dot with butter.
6. Top with lattice or full crust.
7. If using a full crust, cut slits in the top, brush with milk and sprinkle with sugar.
8. Bake in oven preheated to 350F for about 45 minutes or until the crust is golden.",
772.0,Low-Fat Strawberry Butter,"['strawberry', 'apple cider', 'honey', 'vanilla', 'cinnamon']","1. Combine all of the ingredients in a medium saucepan.
2. Bring to a boil, reduce to a simmer and cook until berries are soft. Drain, reserving the juices.
3. Place the berries in a food processor or blender and puree until smooth.
4. Pass through a fine strainer.
5. If too thick, add a few drops of reserved juices to thin.",
773.0,BBQ Ranchero Chicken Salad,"['boneless skinless chicken breast halves', 'barbecue sauce', 'tomatoes', 'red bell pepper', 'whole kernel corn', 'canned black beans', 'ripe olives', 'green onions', 'chili powder', 'cumin']","1. Brush both sides of chicken with barbecue sauce; grill or broil about 5\
2. ,
3. ,
4. ,
5. ,
6. thick slices; arrange over lettuce. Drizzle salads with dressing and sprinkle with remaining 3/4 cup cheese. Chicken may be cooked, cooled, covered and refrigerated up to 1 day before serving.
7. Reheat chicken or served chilled.
8. Lettuce mixture and dressing may be prepared separately, covered and refrigerated up to 4 hours before serving.","https://img.sndimg.com/food/image/upload/w_555,h_416,c_fit,fl_progressive,q_95/v1/img/recipes/77/3/picCIEZNu.jpg"
776.0,Low-Fat Blueberry Grunt,"['blueberries', 'light brown sugar', 'unbleached flour', 'whole wheat pastry flour', 'baking powder', 'salt', 'cinnamon', 'nutmeg', 'milk']","1. In large nonaluminum saucepan, combine berries and 1/2 cup brown sugar.
2. Cook over medium heat, stirring occasionally, until berries come to a boil.
3. Meanwhile, sift flours, baking powder, salt, remaining sugar, cinnamon and nutmeg into medium bowl.
4. Add milk, mixing just to moisten.
5. Drop dumplings by tablespoonfuls into boiling berries.
6. Cover with tight-fitting lid.
7. Lower heat slightly.
8. Cook without lifting lid, about 15 minutes.
9. To serve, using large spoon, transfer dumplings into bowl.
10. Surround with berries.
11. Break dumplings open with two forks.
12. Serve warm, topped with vanilla ice cream or nondairy frozen vanilla dessert.",
777.0,Low-Fat Cauliflower Tomato Casserole,"['cauliflower floret', 'tomatoes', 'salt', 'pepper', 'parmesan cheese', 'swiss cheese', 'unsalted butter']","1. Preheat oven to 350F.
2. Place cauliflower in a steamer basket over boiling water.
3. Cover saucepan and steam 4-5 minutes or until cauliflower is almost tender.
4. Arrange cauliflower in a buttered shallow baking dish.
5. Arrange tomatoes over cauliflower.
6. Sprinkle with salt and pepper.
7. Combine cheeses in a bowl and sprinkle over cauliflower mixture. Sprinkle with breadcrumbs, drizzle with butter and bake 20-25 minutes or until top is golden.","https://img.sndimg.com/food/image/upload/w_555,h_416,c_fit,fl_progressive,q_95/v1/img/recipes/77/7/picDl5GqH.jpg"
778.0,Low-Fat Cauliflower with Bacon,"['cauliflower floret', 'bacon', 'scallions']","1. Place cauliflower in a steamer basket over boiling water.
2. Cover pan and steam about 8 minutes or until almost tender.
3. Remove steamer basket and set aside. Heat a heavy nonstick skillet over medium high heat. Cook bacon 4-5 minutes or until browned.
4. Add scallions, cauliflower and salt and pepper to taste. Cook 2 minutes, stirring frequently until hot.",
779.0,Low-Fat Fudge Bars,"['unbleached flour', 'cocoa powder', 'sugar', 'salt', 'sweet potato', 'vanilla extract', 'pecans']","1. Combine the flour, oat bran, cocoa, sugar and salt, if desired, and stir to mix well.
2. Add the sweet potato, egg whites, and vanilla extract, and stir to mix well.
3. Fold in nuts if desired.
4. Coat an 8-inch square pan with non-stick cooking spray.
5. Spread the mixture evenly in the pan and bake at 325° for about 25 minutes or until the edges are firm and the center is almost set.
6. Cool to room temperature, cut into squares and serve.",
780.0,Indian Spiced Chicken,"['garlic', 'water', 'paprika', 'ginger', 'cumin', 'nutmeg', 'turmeric', 'cayenne pepper', 'lemon juice', 'skinless chicken breasts', 'lemon wedges']","1. In small bowl, stir together oil and garlic. Stir in water, paprika, ginger, coriander, cumin, nutmeg, turmeric and cayenne pepper.
2. Spoon 1 tbsp (15 mL) into another small bowl; stir in lemon juice and set aside. Arrange chicken in single layer in shallow glass dish; brush with remaining spice mixture. Cover and refrigerate chicken for 1 hour.
3. (Chicken can be prepared to this point and refrigerated for up to 24 hours; let stand at room temperature for 30 minutes.) Place chicken, flesh side down, on greased grill over medium-high heat; close lid and cook for 5 minutes.
4. Turn and brush flesh with reserved lemon mixture. Close lid and cook, turning often, for about 12 minutes longer or until chicken is no longer pink inside and juices run clear when chicken is pierced.
5. Serve with lemon wedges.",
782.0,Low-Fat Potatoes Romanoff,"['potatoes', 'butter', 'low-fat sour cream', 'green onions', 'low-fat cheddar cheese', 'salt', 'pepper', 'paprika']","1. Boil potatoes until tender.
2. Mash with butter, sour cream, onions, 3/4 cup cheese, salt and pepper.
3. Turn mixture into buttered 1-1/2 quart casserole. Sprinkle with remaining cheese and paprika.
4. Bake uncovered at 350 degrees for 40 minutes.",
789.0,Lasagna Pinwheels,"['turkey', 'chicken', 'part-skim ricotta cheese', 'part-skim mozzarella cheese', 'parmesan cheese', 'egg substitute', 'fresh parsley']","1. Preheat oven to 375.
2. Coat rectangular 2-quart baking dish with no-stick cooking spray.
3. Brown turkey in non-stick skillet. While turkey is cooking combine ricotta, mozzarella, Parmesan , eggs and parsley in medium mixing bowl; stir to blend.
4. Spread a scant 1/4 cup cheese mixture on each lasagna noodle. Roll up starting with a short end.
5. Place seam side down in baking dish.
6. Add pasta sauce to turkey in skillet and heat. Pour sauce over rolls in baking dish.
7. Cover with foil.
8. Bake 30 to 35 minutes or until heated through.
9. Let stand 5 minutes before serving.",
790.0,Baked Red Onions,"['red onions', 'lemon', 'olive oil', 'raisins', 'port wine', 'cider vinegar', 'brown sugar', 'pepper']","1. In large saucepan, cover onions and lemon rind with water; bring to
2. boil and boil for 5 minutes.
3. Drain; refresh under cold running water and drain again.
4. Discard rind.
5. Peel onions and arrange in 13x9 inch casserole; pour olive oil over.
6. Bake, uncovered, in 375= F oven, basting occasionally for 40 minutes.
7. Add raisins, port, vinegar, sugar, and pepper to taste. Bake for 30 minutes or until juices are syrupy.",
794.0,Lemon Cake,"['eggs', 'canola oil', 'water', 'confectioners', ',']","1. Mix together; beat 4 minutes. Put into greased tube pan.
2. Bake in 350°F oven 35-40 minutes.
3. Cool, then pierce the top of the cooled cake with a fork.
4. Make icing from confectioners","https://img.sndimg.com/food/image/upload/w_555,h_416,c_fit,fl_progressive,q_95/v1/img/recipes/79/4/piclcXrbi.jpg"
800.0,Lemonade Cake,"['water', 'eggs', 'sugar']","1. Preheat oven to 300.
2. Grease and flour a Bundt pan.
3. Dissolve Jello in hot water and set aside - DO NOT JELL.
4. In a large bowl, mix next 3 ingredients.
5. Add Jello and beat together 3 minutes.
6. Turn into Bundt pan.
7. Bake 1 hour or until inserted knife comes out clean.
8. Meanwhile: While cake is baking mix next 2 ingredients and let sit. While cake is still warn, loosen it from edges of pan but leave cake in pan.
9. Pour lemonade mixture over cake allowing it to run down the sides.
10. Save some lemonade mixture. When you turn your cake out onto your, rack put some wax paper under rack and pour saved lemonade mixture over top of cake. This cake is simply divine. Enjoy...",
801.0,Hot Fudge Pudding Cake,"['buttermilk baking mix', 'sugar', 'milk', 'vanilla', 'water']","1. Heat oven to 350 degrees.
2. In a greased 8\
3. ,
4. ,
5. ,
6. ,
7. ,
8. sugar.
9. Spoon while hot into dessert bowls; top cake with sauce.",
809.0,Irish Beef Stew With Guinness Stout,"['olive oil', 'bay leaves', 'beef stew meat', 'yellow onion', 'garlic cloves', 'dried thyme', 'dried rosemary', 'all-purpose flour', 'parsley', 'carrot']","1. Heat a 6 quart stove top casserole or oven proof pot and add the oil and the bay leaves.
2. Cook the bay leaves for a moment and then add the meat. Brown the meat on both sides on high heat.
3. Add the onion and cook for a few minutes until it is clear.
4. Reduce the heat to low and add the garlic, thyme, rosemary and flour and stir until smooth.
5. Add the beef stock and stout; simmer, stirring until the stew thickens a bit. Add the remaining ingredients and cover.
6. Place the pot in the oven at 275 F: for about 2 hours, stirring a couple of times.
7. Check for the salt and pepper before serving.","https://img.sndimg.com/food/image/upload/w_555,h_416,c_fit,fl_progressive,q_95/v1/img/recipes/80/9/pic2KSjmM.jpg"
810.0,Irresistible Peanut Butter Cookies,"['shortening', 'creamy peanut butter', 'brown sugar', 'milk', 'vanilla', 'egg', 'all-purpose flour', 'salt', 'baking soda']","1. Preheat oven to 375 degrees Combine peanut butter, shortening, brown sugar, milk, vanilla and egg in large bowl.
2. Beat at medium speed of electric mixer until well-blended.
3. Combine flour, salt and baking soda.
4. Add to creamed mixture at low speed.
5. Mix just until blended.
6. Drop by heaping teaspoonfuls 2 inches apart onto ungreased baking sheet. Flatten slightly in crisscross pattern with lines of fork.
7. Bake at 375 degrees for 7 to 8 minutes, or until set and just beginning to brown.
8. Cool 2 minutes on baking sheet before removing to cooling rack.","https://img.sndimg.com/food/image/upload/w_555,h_416,c_fit,fl_progressive,q_95/v1/img/recipes/81/0/picsDTRcP.jpg"
820.0,Healthy Pie Crust,"['flour', 'salt', 'canola oil', 'skim milk']","1. Combine oil with flour and salt .
2. Drizzle with milk.
3. This makes 2 crusts, or one top and one bottom Enjoy! Cindy","https://img.sndimg.com/food/image/upload/w_555,h_416,c_fit,fl_progressive,q_95/v1/img/recipes/82/0/picC6KbOG.jpg"
822.0,Heloise's Cake Mix Cookies,['eggs'],"1. Mix all ingredients well to remove lumps.
2. Stir in raisins and/or nuts and/or chocolate chips if you so desire.
3. Drop by teaspoonfuls on an ungreased baking sheet about 2-inches apart.
4. Bake at 350°F for 8-10 minutes.","https://img.sndimg.com/food/image/upload/w_555,h_416,c_fit,fl_progressive,q_95/v1/img/recipes/82/2/J5yo3kfS3SCbsHKu0fu4_cake%20mix%20cookies%20SITE-1.jpg"
824.0,3 Berry Shakes,"['frozen strawberries', 'skim milk', 'blueberries']","1. Place the frozen strawberries, milk, raspberry jam, frozen blueberries, and neufchatel cheese in blender container.
2. Cover and blend until smooth.
3. If necessary, add more milk to make mixture the desired consistency.
4. Pour into 4 glasses.
5. If desired, garnish with fresh strawberries, raspberries, and blueberries, Serve immediately.",
825.0,Baked Fish with Lemon & Black Pepper,"['salt', 'turmeric', 'cumin powder', 'fresh black pepper', 'garlic', 'lemon juice']","1. Place fish fillets into a medium sized bowl and sprinkle with salt, turmeric, cumin, black pepper and garlic, tossing to coat well.
2. Cover and marinate for 50 - 60 minutes in the refrigerator.
3. Preheat oven to 400 degrees F.
4. Coat the bottom of an 8 x 8 inch baking dish with the vegetable oil.
5. Place the fish in a single layer inside the baking dish, and pour the marinade on top.
6. Bake uncovered for 20-25 minutes.
7. The fish should be firm to the touch.
8. Fish is done when it easily flakes with a fork.
9. Sprinkle with lemon juice 5 minutes before serving.","https://img.sndimg.com/food/image/upload/w_555,h_416,c_fit,fl_progressive,q_95/v1/img/recipes/82/5/picQ7PwNR.jpg"
828.0,Gypsy Tart,"['evaporated milk', 'dark muscovado sugar']","1. Preheat oven 400°F, 200°C, Gas 6.
2. Roll out pastry and use to line 10 inch (25cm) flan ring and bake blind for 15-20 minutes until cooked.
3. Let it cool.
4. Whisk evaporated milk and sugar together for 10-15 minutes until light and fluffy.
5. Pour into the pastry case and bake for 10 minutes.
6. It will have a slightly sticky top but will not set completely until it has cooled completely.
7. Serve cold.","https://img.sndimg.com/food/image/upload/w_555,h_416,c_fit,fl_progressive,q_95/v1/img/recipes/82/8/picHeq1Vn.jpg"
833.0,Hamantaschen-Cookies (Haman's Hats),"['eggs', 'sugar', 'orange zest', 'margarine', 'butter', 'all-purpose flour', 'unbleached flour', 'prune filling']","1. Hamantaschen are the traditional cookies of Purim, a festive holiday on the Jewish calendar.
2. Grease cookie sheets.
3. In large bowl, beat eggs slightly.
4. Add sugar, orange peel and margarine; beat until mixture is light and fluffy.
5. Lightly spoon flour into measuring cup; level off.
6. Add flour; mix well.
7. Cover with plastic wrap; refrigerate 1 1/2 hours for easier handling.
8. Heat oven to 350°F.
9. On lightly floured surface, roll out 1/4 of dough at a time to 1/4-inch thickness.
10. Keep remaining dough refrigerated.
11. Cut with floured 3-inch round cookie cutter.
12. Place 1 inch apart on greased cookie sheets.
13. Spoon heaping teaspoonful poppy seed filling on center of each circle. Moisten edges of dough circles with water.
14. Shape into triangles as shown in diagram, folding 3 sides in without completely covering filling; pinch corners to seal.
15. Bake at 350° for 8-12 minutes or until edges are light golden brown.
16. Cool 1 minute; remove from cookie sheets.","https://img.sndimg.com/food/image/upload/w_555,h_416,c_fit,fl_progressive,q_95/v1/img/recipes/83/3/picnjef7k.jpg"
834.0,Best Hamburger Diane,"['salt', 'pepper', 'butter', 'prepared mustard', 'lemon juice', 'worcestershire sauce']","1. Mix the ground round, salt and pepper together lightly and form into 3 1-inch patties.
2. Melt butter in skillet. Remove from heat. Blend mustard into butter, return to heat. Saute hamburgers on medium heat about 5 minutes each side. Remove and keep warm.
3. Add lemon juice and Worcestershire sauce to pan and stir over low heat until well blended.
4. Return patties to pan and let simmer in juices a few minutes while spooning juice over the top occasionally.
5. Serve over toasted french bread.","https://img.sndimg.com/food/image/upload/w_555,h_416,c_fit,fl_progressive,q_95/v1/img/recipes/83/4/piclYN3AY.jpg"
842.0,Hobo Bread,"['raisins', 'water', 'baking soda', 'flour', 'brown sugar', 'salt', 'vanilla']","1. Pour water over raisins.
2. Add baking soda.
3. Let stand overnight. In morning add remaining ingredients.
4. Grease three 1-pound coffee cans and bake at 350 for 1 hour, then remove bread from cans.",
845.0,Homemade Mayonnaise,"['egg', 'fresh lemon juice', 'olive oil', 'black pepper', 'salt']","1. In a food processor or blender, blend the egg and lemon juice for 10 seconds.
2. With the processor running, slowly pour in the oil through the feed tube. Mixture should thicken.
3. Add the pepper and salt and pulse once or twice to blend.
4. Transfer to an airtight container and refrigerate for at least 30 minutes before using.
5. Best if used within 24 hours.
6. This recipe yields 1 1/4 cups.",
851.0,Hot Cocoa Mix,"['dry milk', 'powdered sugar']","1. In a mixing bowl combine dry milk powder, powdered sugar, creamer, and cocoa.
2. Store in airtight container.
3. For each serving, place 1/3 cup of the mix in a mug and add 3/4 cup boiling water.
4. NOTES : Mocha Mix: Prepare as above, except stir 1/2 cup instant coffee crystals into mix.","https://img.sndimg.com/food/image/upload/w_555,h_416,c_fit,fl_progressive,q_95/v1/img/recipes/85/1/picLd7N8y.jpg"
852.0,Hot Fruit Casserole,"['pineapple chunks', 'queen anne cherries', 'butter', 'brown sugar', 'cornstarch', 'curry powder']","1. Drain each piece of fruit on a paper towel.
2. Using a 1 1/2 quart casserole arrange fruit in layers.
3. Cream butter, sugar, cornstarch, and curry powder.
4. Cover each layer with creamed mixture. Cook uncovered about 1 hour.",
854.0,Japanese Chicken Karaage (Fried Chicken),"['chicken leg meat', 'salt', 'japanese sake', 'flour', 'curry powder', 'garlic powder', 'black pepper', 'paprika']","1. Cut chicken meat into a bite sized pieces.
2. Sprinkle a teaspoon of salt and a tablespoon of Japanese Sake on the meats, knead them, and leave it about 30 minutes.
3. Sop up the Sake with paper towels and put the meats, all spices, and flour into a plastic bag.
4. Knead the plastic bag until all spices and flour cover all meats.
5. Fill a pan with vegetable oil for deep frying and heat it up with middle flame. When the pan is heated up enough, put the meats into the pan.
6. If your pan is big enough(about 30 cm diameter), you can put them all at once (Don
7. ,
8. s just the right temperature. After deep-frying the meat about 7~8 minutes, make the flame stronger.
9. When the chicken fried beautifully brown, take them out of the pan onto paper towels.
10. In addition If you sprinkle lemon juice on the chicken, it tastes better.",
858.0,Keftedakia,"['olive oil', 'onion', 'turkey', 'egg', 'dried mint flakes', 'garlic', 'oregano', 'salt', 'black pepper', 'all-purpose flour']","1. Pour Ouzo in a small bowl.
2. Tear bread into small pieces and soak in Ouzo 5 minutes.
3. In a skillet, over medium heat, saute onion in 3 tablespoons oil until translucent, about 5 minutes.
4. Remove from skillet with a slotted spoon and place in a large mixing bowl.
5. Squeeze bread dry, discarding Ouzo, and combine with onions.
6. Add in turkey, egg, mint, garlic, oregano, salt and pepper and mix well to combine. Form meat mixture into 1\
7. ,
8. ,",
860.0,Kentucky Biscuits,"['flour', 'salt', 'sugar', 'baking powder', 'milk', 'vegetable shortening']","1. Preheat oven to 425. Sift into mixing bowl flour, salt, sugar and baking powder.
2. Make a nest in the flour mix and add milk.
3. Add shortening and begin kneading with hands (to cut in) the vegetable shortening and flour in the milk until thoroughly mixed.
4. Add milk - if needed - to form, and mix.
5. Turn onto floured board, and knead gently 6 to 8 times.
6. Pat dough to 1/2\
7. ,
8. ,","https://img.sndimg.com/food/image/upload/w_555,h_416,c_fit,fl_progressive,q_95/v1/img/recipes/86/0/picfmTgeZ.jpg"
868.0,Lentil-Bulghur Salad,"['french lentils', 'water', 'bulgar wheat', 'walnut pieces', 'extra virgin olive oil', 'lemon juice', 'garlic-flavored red wine vinegar', 'garlic clove', 'salt', 'black pepper', 'red bell pepper', 'green bell pepper', 'red onion', 'celery', 'radishes', 'cucumber', 'parsley']","1. Place lentils in a sieve, and rinse thoroughly.
2. Transfer lentils to sauce pan with 2 1/2 cups water and bring to a boil.
3. Reduce heat to low and simmer for 30-45 minutes, until lentils are tender but not mushy.
4. Lentils should hold their shape. While lentils are simmering, place the bulghur wheat in a bowl.
5. Boil the remaining cup of water and pour over the bulghur wheat. Cover and let stand until all water has been absorbed, about 15 minutes.
6. Fluff bulghur wheat with a fork.
7. When the lentils are done, pour off any remaining liquid and let the lentils cool.
8. Heat an iron-cast skillet over high heat. Add walnut pieces and stir them constantly with a wooden spoon until they begin to brown.
9. Turn off the heat and set aside. In a small bowl, mix olive oil, lemon juice, vinegar, garlic, and salt and pepper with a fork to make a dressing.
10. Place lentils in a large bowl, preferably glass.
11. With a wooden spoon, carefully mix in the bulghur wheat, followed by the chopped vegetables and the toasted walnuts.
12. Pour dressing evenly over the salad, and mix in with a fork.
13. Refrigerate salad at least one hour to allow the flavors to blend.
14. Suggestions French lentils are small, dark-green lentils that can be found in most health food stores.
15. If they are unavailable, substitute brown lentils.
16. Bulghur wheat can also be found in health food stores and ethnic groceries.
17. It comes in several different degrees of coarseness.
18. For this recipe, the finely cracked variety is preferred.",
875.0,3 Step Cheesecake,"['cream cheese', 'sugar', 'vanilla', 'eggs', 'graham cracker crumb crust', 'sour cream', 'strawberries']","1. MIX cream cheese, sugar and vanilla at medium speed with electric mixer until well blended.
2. Add eggs; mix until blended.
3. POUR into crust.
4. BAKE at 350 for 40 minutes or until center is almost set. Cool.
5. Refrigerate 3 hours or overnight. Spread sour cream over cheesecake. Top with strawberries, Stem side down.
6. Drizzle with jelly.",
876.0,Bananas Flambe,"['bananas', 'butter', 'brown sugar', 'dark rum', 'light rum']","1. Take 2 ripe, but not soft bananas and cut in half, then split lengthwise. Melt a few Tablespoons butter over medium heat. Add 2-3 Tablespoons brown sugar and stir.
2. Add bananas.
3. Cook until fairly warm and starting to soften (about 1 min.). Flip bananas and allow to cook an additional 30 seconds.
4. Add rum to taste, and swirl in pan a bit. Allow to thicken slightly, remove from heat and serve.",
880.0,Mai Tai Dessert,"['ladyfingers', 'gelatin', 'pineapple', 'sugar', 'salt', 'milk', 'lime juice', 'white rum', 'pineapple', 'sugar', 'heavy cream']","1. Line sides and bottom of 9 inch spring form pan with the split ladyfingers.
2. Soften gelatin in pineapple juice. Beat egg yolks in top of double boiler.
3. Stir in sugar and salt. Blend in milk, cook over boiling water, stirring for 5 minutes or until well thickened.
4. Blend in gelatin mixture, lime juice and rum.
5. Add well drained pineapple. Chill until thickened but not set. Beat egg whites, gradually adding sugar.
6. Fold pineapple custard and whipped cream into egg whites.
7. Pour into spring form pan.
8. Chill several hours or overnight. To serve, remove pan rim, sprinkle with nuts and add little puffs of whipped cream piped around the edge.",
885.0,Maple Baked Pork and Beans,"['navy beans', 'salt pork', 'ketchup', 'pure maple syrup', 'dark brown sugar', 'dijon mustard', 'cayenne pepper', 'cloves', 'boiling water']","1. Preheat oven to 250 degrees.
2. Place beans in a large bean pot or flameproof casserole. Cut the rind off the salt pork in one piece leaving a 1/2 inch of fat attached; reserve. Cut remaining salt pork into strips about 1 1/2 X 3/4 X 3/8 inch.
3. Blanch rind and strips in a large saucepan for 5 minutes to remove some of the salt. Drain and rinse well under cold running water.
4. Add salt pork strips and all remaining ingredients, except rind, to bean pot and mix well to combine. Lay pork rind on top, cover tightly and bake 3 hours.
5. Remove rind, recover and continue to bake 3 - 5 hours longer, until beans are tender and liquid has been reduced to a thick sauce. Check occasionally during last few hours of baking and add additional boiling water, if necessary, to prevent burning.",
886.0,Maple Walnut Fudge,"['butter', 'margarine', 'carnation evaporated milk', 'granulated sugar', 'salt', 'miniature marshmallows', 'walnuts', 'walnuts']","1. Combine butter, evaporated milk,sugar and salt in medium, heavy duty saucepan.
2. Bring to a full rolling boil, stirring constantly, over medium heat. Boil, stirring constantly for 4-1/2 to 5 minutes.
3. Remove from heat. Stir in marshmallows, morsels, nuts and maple flavoring.
4. Stir vigorously for 1 minute or until marshmallows are melted.
5. Pour into buttered 13x9 inch baking pan.
6. (I used a square casserole) Cool until firm.
7. Cut into squares.
8. Makes about 50 pieces Makes a nice, creamy fudge!","https://img.sndimg.com/food/image/upload/w_555,h_416,c_fit,fl_progressive,q_95/v1/img/recipes/88/6/picaVCFQ1.jpg"
893.0,Maryland White Potato Pie,"['potatoes', 'butter', 'sugar', 'baking powder', 'salt', 'milk', 'lemons, rind of', 'lemon juice', 'vanilla', 'nutmeg', 'eggs']","1. Combine potatoes, butter, sugar, baking powder and salt in medium bowl, mix well.
2. Gradually add whipping cream and milk, stirring until well blended.
3. Stir in lemon rind, juice, vanilla and nutmeg.
4. Add eggs mixing well.
5. Pour into pie crust. Bake at 350",
897.0,Mexican Hamburgers,"['beef', 'green chilies', 'onion']","1. Mix ground beef, taco seasoning mix, green chilies, finely chopped onion.
2. Shape into patties and grill.
3. Serve with salsa.","https://img.sndimg.com/food/image/upload/w_555,h_416,c_fit,fl_progressive,q_95/v1/img/recipes/89/7/picujI1S8.jpg"
898.0,Barbecue Chicken,"['chicken pieces', 'onion', 'tomato sauce', 'nonfat plain yogurt', 'fresh ginger', 'garlic', 'cayenne pepper', 'cloves', 'cumin seed', 'cardamom pods', 'salt', 'garam masala']","1. Remove the skin and all visible fat from the chicken pieces.
2. Cut 2-3 slits, 1 inch long and 1/2 inch deep, in each piece of chicken.
3. Place in a casserole dish and set aside. Cut onion into 4-5 pieces.
4. In a blender jar put onion, tomato sauce, yogurt, ginger, garlic cloves, coriander, cayenne pepper, cloves, cumin seeds, cardamom pods, salt, garam masala and red food coloring.
5. Blend to a smooth paste. Pour the tandoori paste on the chicken and turn pieces to thoroughly coat with spices.
6. Cover with a lid or plastic wrap and marinate in the refrigerator 4-24 hours.
7. Preheat oven to 400 F.
8. Remove chicken pieces from the marinade, saving marinade. Arrange pieces in a broiler pan.
9. Bake uncovered in the middle of the oven for 30 minutes.
10. Turn pieces over and brush with remaining marinade. Bake for 10-15 minutes until chicken is tender.
11. Turn oven to broil.
12. Turn pieces over once again and broil for 5 minutes to get a nice red color.
13. Transfer to a serving platter.
14. Serve with lemon wedges or squeeze lemon juice over the chicken before eating, if desired.",
902.0,Microwaved Garlic Mushroom Rolls,"['butter', 'garlic', 'button mushroom', 'lemon juice', 'pepper', 'parsley']","1. Place butter and garlic in a bowl.
2. Cover and cook on HIGH 20 - 45 seconds to melt. Add mushrooms, lemon juice and pepper to taste, blending well.
3. Cover and cook on HIGH 5 minutes, stirring once. Cut a thin slice from the top of each roll and reserve. Pull out the soft crumb centre and use as breadcrumbs in another dish.
4. Stir the parsley into the mushroom mixture, mixing well.
5. Spoon the mixture into each roll and replace the lids.
6. Arrange on a plate lined with absorbent paper and heat on HIGH 30 - 60 seconds to heat through.",
903.0,Minestrone,"['olive oil', 'garlic', 'onion', 'head of cabbage', 'zucchini', 'carrots', 'celery', 'whole tomatoes', 'garbanzo beans', 'kidney bean', 'spinach', 'chicken broth', 'tomato juice', 'dry white wine', 'dried basil leaves', 'oregano', 'pepper', 'pasta', 'parmesan cheese']","1. Heat oil in Dutch oven over medium heat. Cook garlic and onion in oil about 2 minutes, stirring occasionally, until onion is tender.
2. Stir in remaining ingredients except cheese, breaking up tomatoes.
3. Heat to boiling; reduce heat. Cover and simmer 1/2-hour.
4. Add pasta and cook an additional 1/2-hour.
5. Serve with Parmesan.","https://img.sndimg.com/food/image/upload/w_555,h_416,c_fit,fl_progressive,q_95/v1/img/recipes/90/3/PkPzYfo5SeatSbQp4UyZ_minestrone-187.jpg"
908.0,Mixed Onion Soup in Sourdough Bread Bowls,"['butter', 'leeks', 'red onions', 'shallot', 'all-purpose flour', 'garlic', 'dry sherry', 'low sodium chicken broth', 'fresh thyme', 'fresh rosemary']","1. Preheat oven to 350
2. Cut 1/2 inch to 3/4 inch off top of the bread loaves.
3. Scoop out bread leaving 1/2 inch thick shell.
4. Generously brush inside of bread bowls with melted butter.
5. Place bread bowls and lids, buttered side up, directly on oven rack; bake until crisp about 20 minutes.
6. Remove from oven and set aside. Melt 1/4 cup butter in a heavy, large pot over med.-high heat. Add white onions, leeks, red onions, garlic and shallots to the pot. Cook until the vegetables are dark brown, stirring occasionally, about 25 minutes.
7. Add flour and stir for 1 minute. Gradually mix in Sherry.
8. Boil mixture until very thick, scraping up browned bits, about 5 minutes.
9. Gradually mix in stock; add thyme and rosemary and bring to a boil.
10. Reduce heat to med.-low and simmer 30 minutes.
11. Add cream; simmer until slightly thickened, about 15 minutes.
12. Season with salt and pepper.
13. Place 1 bread bowl on each plate placing the bread lid alongside. Ladle soup into the bread bowl and serve.",
911.0,Mock Apple Pie,"['granulated sugar', 'water', 'cream of tartar', 'butter', 'cinnamon']","1. Preheat oven to 350 degrees.
2. In a saucepan, combine sugar, water, cream of tartar and butter.
3. Bring to a boil.
4. Add 1 teaspoon of ground cinnamon to the mixture and continue to boil for approximately 4 minutes, stirring constantly.
5. Crush the saltine crackers and put in a 9-inch unbaked pie crust. Pour mixture from saucepan into the pie crust and sprinkle the top with cinnamon.
6. Bake for 40 minutes or until done. Serves 8.
7. Dorothy Nuckols, Indiana",
912.0,Ritz Mock Apple Pie II,"['water', 'cream of tartar', 'lemon, rind of', 'sugar', 'lemon juice', 'butter', 'margarine', 'cinnamon']","1. Roll out bottom crust of pastry and fit into 9-inch pie plate. Break Ritz Crackers coarsely into pastry-lined plate. Combine water, sugar and cream of tartar in saucepan, boil gently for 15 minutes.
2. Add lemon juice and rind.
3. Cool.
4. Pour this syrup over Crackers, dot generously with butter or margarine and sprinkle with cinnamon.
5. Cover with top crust. Trim and flute edges together.
6. Cut slits in top crust to let steam escape. Bake in a hot oven (425 F) 30 to 35 minutes, until crust is crisp and golden.
7. Serve warm.
8. Cut into 6 to 8 slices.
9. -- Found lurking on a Ritz Crackers box.",
913.0,Ritz Mock Apple Pie IIi,"['water', 'sugar', 'cream of tartar', 'butter', 'cinnamon']","1. Combine water, sugar and cream of tartar.
2. Bring to a boil.
3. Add Ritz crackers and boil for 2 minutes without stirring.
4. Pour into shell.
5. Dot with butter and sprinkle with cinnamon.
6. Top with crust. Bake at 400 degrees for 15 to 20 minutes.",
915.0,Mohawk Indian Corn,"['whole kernel corn', 'black walnuts', 'butter']","1. In a small sauce pan, add corn and a half can of water.
2. Add walnuts, and black walnut flavoring.
3. Heat and then serve. Add butter to melt.",
916.0,Momma's Fair Funnel Cake,"['eggs', 'sugar', 'milk', 'flour', 'salt', 'baking powder']","1. Beat eggs and sugar together and then add the milk slowly--beat. Add the dry ingredients and beat until smooth and creamy.
2. Pour batter into a funnel and at the same time, use your finger to plug the hole. In a large cast iron pot, add 2 inches of oil to the bottom.
3. When the oil becomes hot, move your hand over the pot and slowly release your finger so the batter can start cooking.
4. Move the funnel around to make designs.
5. Brown on both sides--then immediately remove and drain extremely well.
6. Top with brown sugar, or honey, or cinnamon sugar, or powdered sugar as a topping.
7. BE CAREFUL AND DO NOT GET BURNED!","https://img.sndimg.com/food/image/upload/w_555,h_416,c_fit,fl_progressive,q_95/v1/img/recipes/91/6/kSuqztTkTs29d5oiteGS_MFC%206%20process%20-%20funnel%20cake.jpg"
920.0,Barbecued Chicken,"['water', 'vinegar', 'catsup', 'worcestershire sauce', 'dry mustard', 'onions', 'black pepper', 'roasting chickens']","1. Simmer sauce ingredients in saucepan for 10 minutes.
2. While sauce is cooking, preheat oven to 350°F.
3. Place chicken in roasting pan and pour half of the sauce over the top.
4. Bake for 50 minutes, basting with the remaining sauce every 15 minutes.",
929.0,Mushroom Risotto Patties,"['onion', 'garlic', 'button mushrooms', 'shiitake mushrooms', 'butter', 'arborio rice', 'short-grain rice', 'parmesan cheese', 'flour', 'olive oil', 'tomatoes', 'garlic', 'fresh basil leaf', 'salt', 'fresh pepper']","1. Bring stock to the boil in a saucepan and leave to simmer gently.
2. In another pan, cook chopped onion and garlic with the mushrooms in 60g butter until softened.
3. Add the rice, stirring with a wooden spoon for a few minutes, than add about 1/2 cup of simmering stock.
4. Season.
5. Cook the mixture, stirring, until the rice has absorbed the stock, then stir in another 1/2 cup of stock.
6. Continue this way until the rice is tender and all the stock is used, about 20 minutes.
7. Remove the pan from the heat and stir in the remaining butter and Parmesan.
8. Cool the mixture, then shape into 4 - 6 round shape patties.
9. They will become quite firm.
10. Dust with flour and fry in olive oil in a large frying pan on both sides for about 5 minutes each side, until golden.
11. Serve with fresh tomato sauce and whatever vegetables takes your fancy.
12. Chop the tomatoes into small chunks.
13. Place in a large bowl, add garlic, basil and oil.
14. Just before using, put into a saucepan and cook for about 5 minutes.",
930.0,My Favorite Baked Beans,"['bacon', 'onion', 'brown sugar', 'catsup', 'worcestershire sauce', 'prepared mustard']","1. Cook bacon till crisp.
2. Remove bacon, reserving about 3 Tbsp drippings in skillet. Drain and crumble bacon; set aside. Cook chopped onion in reserved drippings till tender.
3. Stir in two cans pork and beans in tomato sauce, brown sugar, catsup, Worcestershire sauce, and prepared mustard.
4. Turn into a 1 1/2 quart casserole. Bake, uncovered, in a 350 degree oven for 1 1/2 to 1 3/4 hours, or cook in the microwave oven on HI for 10 to 12 minutes.
5. Stir 1/2 way through cooking time, Top with bacon.
6. Let stand a few minutes before serving.
7. - - - - - - - - - - - - - - - - - - Kim C.",
931.0,Barbecued Chicken Thighs Au Vin,"['chicken thighs', 'butter', 'shallots', 'garlic', 'red currant jelly', 'red wine', 'dry mustard', 'ginger']","1. Put chicken thighs in a freezer bag.
2. In a saucepan, heat oil and butter; add shallots and garlic, cook over medium heat for 5 minutes or until softened.
3. Add jelly, wine, stock, orange rind, mustard and ginger.
4. Heat until the jelly has just melted.
5. Remove from heat and cool to lukewarm.
6. Pour marinade over chicken, close bag and refrigerate for at least 3 hours.
7. Drain marinade into a saucepan and bring to a boil.
8. Reduce heat and simmer 5 minutes.
9. Use as a basting sauce during barbecuing.
10. Turn the barbecue to medium heat. Put chicken thighs on the grate, skin side up, and grill for 20 minutes.
11. Brush occasionally with marinade. Turn thighs and cook another 10 - 20 minutes or until a meat thermometer inserted in the thickest part reads 180ºF.
12. Brush occasionally with marinade.","https://img.sndimg.com/food/image/upload/w_555,h_416,c_fit,fl_progressive,q_95/v1/img/recipes/93/1/pic28cNZI.jpg"
932.0,My Mom's Potato Salad,"['white potatoes', 'green pepper', 'spanish onion', 'eggs', 'cucumbers', 'hellmanns mayonnaise', 'yellow mustard', 'horseradish']","1. Boil potatoes and cut into cubes, cool.
2. Cut the vegetables and eggs up to whatever size you prefer.
3. Combine veggies with potatoes and toss.
4. Add mayo, mustard, horseradish, salt and pepper to taste. Stir.
5. Better after it has time to \
6. .","https://img.sndimg.com/food/image/upload/w_555,h_416,c_fit,fl_progressive,q_95/v1/img/recipes/93/2/picyk5sxj.jpg"
933.0,Nancy's Italian Macaroni and Cheese,"['water', 'monterey jack cheese', 'parmesan cheese', 'oregano', 'sweet basil', 'garlic powder', 'salt', 'onion powder', 'elbow macaroni']","1. Preheat oven to 400 In a mixing bowl, stir all ingredients together until well blended.
2. place in a greased baking dish and top with buttered Italian style bread crumbs and 3 green pepper rings.
3. bake for 25 - 30 minutes.
4. (for buttered bread crumbs, add a little melted butter to fine dry bread crumbs until moist but not soggy.).",
938.0,New Potatoes in Garlic Butter,"['butter', 'garlic', 'potatoes']","1. Stir together butter and garlic. Arrange half of the potatoes in
2. single layer on square of double-thickness heavy-duty foil.
3. Dot potatoes evenly with half of the butter mixture; season with salt and pepper.
4. Seal package securely.
5. Repeat with remaining potatoes.
6. Roast directly on hot coals or on grill at High setting for 40-45 minutes or until tender, turning packages occasionally.","https://img.sndimg.com/food/image/upload/w_555,h_416,c_fit,fl_progressive,q_95/v1/img/recipes/93/8/picN584o3.jpg"
943.0,Oat Fritters from South Africa,"['rolled oats', 'bacon', 'mushroom', 'tomatoes', 'egg', 'parsley']","1. Saute finely chopped bacon, mushroom and tomato in a frying pan.
2. Using a little water or milk, blend rolled oats to a smooth cream and add beaten egg, parsley and salt and pepper.
3. Fry tablespoonfuls of batter on both sides until golden-brown.",
947.0,Oatmeal Muffins,"['quick-cooking oats', 'buttermilk', 'egg', 'brown sugar', 'shortening', 'flour', 'salt', 'baking powder', 'baking soda']","1. Soak oatmeal in buttermilk 1 hour; add egg and beat well.
2. Add sugar and mix.
3. Add cooled shortening.
4. Add flour sifted with salt, baking powder and soda.
5. Bake in greased muffin pans in hot oven (400 degrees) 15 to 20 minutes.","https://img.sndimg.com/food/image/upload/w_555,h_416,c_fit,fl_progressive,q_95/v1/img/recipes/94/7/picBrw636.jpg"
952.0,Onion Pie,"['onions', 'eggs', 'flour', 'salt', 'caraway seed', 'pepper', 'milk']","1. Slice and saute the onions until cooked but not brown.
2. Combine all the other ingredients, then add the onions.
3. Bake in a plain pie shell at 350 degrees for about 1 hour.
4. If you try this and like it, please let me know.","https://img.sndimg.com/food/image/upload/w_555,h_416,c_fit,fl_progressive,q_95/v1/img/recipes/95/2/picpxMy3z.jpg"
953.0,Barbecued Turkey on a Bun,"['onion', 'green pepper', 'turkey', 'tomato paste', 'water', 'dijon-style mustard', 'garlic powder']","1. Heat pineapple juice in frying pan over medium heat. Add chopped onion and green pepper and cook over medium heat until onion is softened.
2. Turn heat up to medium-high and add ground turkey.
3. Cook until turkey is light brown.
4. In medium bowl, mix tomato paste, water, mustard and garlic powder.
5. Add to turkey and simmer 30 minutes.
6. Serve on whole-grain rolls.",
956.0,Open-Face Peach Pie,"['flour', 'baking powder', 'salt', 'sugar', 'butter', 'sugar', 'cinnamon', 'nutmeg', 'heavy cream']","1. Crust: Combine flour, baking powder, salt and sugar in a bowl.
2. Cut in butter until mixture resembles coarse crumbs.
3. Pat evenly on sides and bottom of a 10\
4. ,
5. ,
6. ,
7. ,
8. ,
9. ,
10. ,
11. t have a 10\
12. square pan.
13. And if you aren",
958.0,Orange Cupcakes,"['butter', 'sugar', 'eggs', 'flour', 'baking powder', 'orange, zest of']","1. Preheat oven to 350°F.
2. Cream butter and sugar together until fluffy; add eggs and zest.
3. Sift flour and baking powder together and add alternatively to the sugar/butter mixture with the orange juice.
4. Bake in muffin tins lined with cupcake papers for 10-12 minutes or until they test done.",
962.0,Orzo / Tomato Salad with Feta and Olives,"['orzo pasta', 'feta cheese', 'fresh parsley', 'fresh dill', 'tomatoes', 'green olives', 'lemon juice']","1. Cook orzo according to package for al dente. Drain and rinse with cold water.
2. Once orzo has cooled, in serving bowl mix orzo, olives, feta, parsley, dill, and tomato.
3. In small bowl, whisk together oil and lemon juice. Mix into salad.
4. Salt and pepper to taste. Refrigerate and chill before serving.
5. If you use dried dill, be sure to use plenty.
6. Serves: 6 as a side dish.
7. Also great as a main dish for lunch.","https://img.sndimg.com/food/image/upload/w_555,h_416,c_fit,fl_progressive,q_95/v1/img/recipes/96/2/picFUEPxO.jpg"
965.0,Outstanding Greek Salad Dressing,"['garlic', 'red wine vinegar', 'salt', 'black pepper', 'cayenne', 'olive oil', 'anchovy fillets', 'anchovy paste']","1. To make dressing, place the garlic, vinegar, salt, black pepper and cayenne in a blender or food processor fitted with a metal blade. Whirl until blended.
2. Continuing to whirl, gradually add the oil, drop by drop at first, then in a thinly steady stream.
3. The dressing will thicken.
4. Continuing to whirl, add the anchovies or anchovy paste. Taste and add more salt, if needed.
5. The dressing can be used right away or covered and left at room temperature. If making the dressing more than 1 day ahead, cover and refrigerate.","https://img.sndimg.com/food/image/upload/w_555,h_416,c_fit,fl_progressive,q_95/v1/img/recipes/96/5/picjdVjJJ.jpg"
966.0,Oyster and Potato Surprise Cakes,"['bacon', 'potatoes', 'sour cream', 'butter']","1. Remove rind from bacon and chop flesh roughly.
2. Cook in a fry pan until crisp, turning often.
3. Cool.
4. Drain oysters.
5. Combine oysters and bacon.
6. Peel potatoes and cut into quarters.
7. Cook in boiling salted water for 10 minutes or until tender.
8. Drain.
9. Mash potatoes with horseradish cream and sour cream.
10. Form half-cupfuls of mixture into patties.
11. Make a hollow in centre of each pattie and fill with oyster mixture. Mould potato over cavity.
12. Roll patties in breadcrumbs.
13. Heat butter in a fry pan and cook patties on each side until golden.
14. Cheers, Doreen Doreen Randal, Wanganui.
15. New Zealand.",
970.0,Parmesan Parsley Potatoes,"['baking potatoes', 'fresh parmesan cheese', 'all-purpose flour', 'dried parsley', 'salt', 'pepper', 'butter', 'margarine']","1. Preheat oven to 350 degrees.
2. Peel potatoes and starting at one end, slice into approximately one inch slices.
3. Melt butter in a glass baking dish.
4. Combine cheese, flour, salt and pepper into Ziploc plastic bag.
5. Put potatoes into bag and shake to coat. Put coated potatoes into prepared baking dish and bake 30 minutes.
6. Turn potatoes over and bake for an additional 20 to 25 minutes.",
971.0,Parsley Potato Casserole,"['potatoes', 'sour cream', 'milk', 'butter', 'parsley', 'butter', 'paprika']","1. Peel potatoes; cook in boiling salted water until potatoes are tender.
2. Drain and mash well.
3. Beat in sour cream, milk, butter and parsley.
4. Spoon potato mixture into ovenproof serving dish; rough up top with a fork; pour over extra melted butter; sprinkle with paprika.
5. Just before serving, bake in moderate oven 10 - 15 minutes or until heated through.",
974.0,Pasta E Fagioli II,"['cannellini beans', 'rigatoni pasta', 'garlic', 'unsmoked bacon', 'sage', 'rosemary', 'olive oil']","1. Cook the beans over gentle heat for 45 minutes or an hour at the most (an hour-and-a-half if they are dried, after soaking in water, together with the herbs and garlic, for a couple of hours). In either case, do not add salt which tends to harden the skins.
2. Puree by putting through a vegetable mill, carefully eliminating the husks.
3. Put the garlic, rosemary, sage and cubed bacon to saute briefly in a saucepan with 4 tablespoons of oil.
4. Pour on the bean puree. Season lightly with salt and the red hot pepper to taste. Stir to blend the flavours and bring slowly to the boil.
5. Throw the pasta into the puree and cook until firm, diluting with a little of the bean cooking water, but only if necessary - the soup must be thick and rather solid.
6. It is excellent hot, but is absolutely delicious if heated up with the addition of a drop of first-rate olive oil.
7. If you prefer, leave a few beans whole and add them to the saucepan with the puree. Some cooks hold that a carrot is not out of place in the mirepoix (but then cut out the bacon), or that the soup loses nothing if you add a little tomato, even tomato concentrate (paste).","https://img.sndimg.com/food/image/upload/w_555,h_416,c_fit,fl_progressive,q_95/v1/img/recipes/97/4/picfDpV27.jpg"
975.0,Basil Parmesan Biscuits,"['all-purpose flour', 'whole wheat flour', 'baking powder', 'baking soda', 'salt', 'parmesan cheese', 'parmesan cheese', 'canola oil', 'dried basil', 'plain low-fat yogurt', 'milk']","1. Preheat oven to 450.
2. In a large bowl, stir together the all-purpose flour, and whole wheat flour, baking powder, baking soda, salt and 2 Tbsp of the cheese In small skillet, heat 1 Tbsp of the oil over moderate heat. Add the basil and cook for 1 minutes; transfer to a small bowl and cool slightly.
3. Stir in the yogurt, milk, and remaining 1 Tbsp of oil.
4. Add the basil mixture to the dry ingredients and stir until just combined.
5. Place the dough on a well-floured surface. Using a lightly floured rolling pin, roll out the dough until 1/2\
6. ,
7. biscuit cutter or glass, cut out rounds, gently rerolling the scraps, to form 12 biscuits.
8. Place the biscuits on an ungreased baking sheet, spacing them 1\
9. ,","https://img.sndimg.com/food/image/upload/w_555,h_416,c_fit,fl_progressive,q_95/v1/img/recipes/97/5/pichPiiZK.jpg"
989.0,Peachy Cobbler,"['whole wheat flour', 'brown sugar', 'cinnamon', 'margarine']","1. Preheat the oven to 375F.
2. Place the peaches in a shallow casserole dish and sprinkle with lemon juice. In a bowl, combine the flour, sugar and cinnamon.
3. Cut in the margarine with a pastry blender or a fork until the mixture is crumbly.
4. Spread mixture over peaches.
5. Bake for about 30 minutes.",
990.0,Pear and Ginger Strudel,"['butter', 'lemon, rind of', 'lemon juice', 'sugar', 'pears', 'crystallized ginger', 'butter', 'ground ginger', 'phyllo dough']","1. Prepare the filling first. Melt first measure of butter.
2. Add lemon rind and juice, almonds, ginger and sugar.
3. Peel and finely slice pears.
4. Add to butter mixture and stir gently so that the pear pieces are coated with mixture. Set aside. Melt the second measure of butter.
5. Combine ground almonds and ginger.
6. Remove filo pastry from packet. Place on a flat surface and cover with plastic wrap so the pastry doesn
7. ,
8. ,
9. ,
10. ,
11. ,
12. ,
13. ,
14. ,
15. ,
16. ,
17. ,
18. ,
19. ,
20. ,",
992.0,Jalapeno Pepper Poppers,"['cream cheese', 'sharp cheddar cheese', 'monterey jack cheese', 'bacon', 'salt', 'chili powder', 'garlic powder']","1. In a mixing bowl, combine cheeses, bacon and seasonings.; mix well.
2. Spoon about 2 Tbs. into each pepper half.
3. Roll in bread crumbs.
4. Place in a greased 15x10x1\
5. ,
6. ,
7. ,","https://img.sndimg.com/food/image/upload/w_555,h_416,c_fit,fl_progressive,q_95/v1/img/recipes/99/2/picAR6FvM.jpg"
993.0,Peppered Chicken With Creamy Sauce,"['butter', 'garlic clove', 'chicken breast fillets', 'cracked black pepper', 'butter', 'flour', 'white wine', 'marsala']","1. Combine butter and garlic in a small bowl, cook on HIGH for about 30 seconds or until butter is melted.
2. Brush the chicken with this mixture, then toss in peppercorns.
3. Place chicken in a single layer in a shallow dish.
4. Cook on HIGH for 3 minutes, turning the chicken during the cooking time. Melt extra butter in a small bowl on HIGH about 30 seconds, stir in flour, stock cube, cream, wine and marsala.
5. Pour over the chicken, cook on HIGH about 6 minutes or until sauce boils and thickens and the chicken is tender; turn chicken and stir sauce several during cooking time. Cheers, Doreen Doreen Randal, Wanganui.
6. New Zealand.",
997.0,Pina Colada Tart,"['all-purpose flour', 'brown sugar', 'salt', 'butter', 'half-and-half', 'vanilla', 'golden rum', 'cream cheese', 'powdered sugar', 'golden rum', 'pineapple tidbits', 'coconut']","1. Preheat oven to 375 degrees.
2. In medium bowl, stir together flour, brown sugar and salt. With pastry blender, cut in butter until mixture resembles coarse meal.
3. With fork, stir in cream and vanilla just until mixture begins to hold together.
4. With hands, gently squeeze dough into loose clumps.
5. Place on large sheet of plastic wrap; press clumps together to form a ball.
6. Using the plastic wrap to keep edges from crumbling, roll into a 12-inch circle. Gently lift dough onto a 9-inch tart pan with removable bottom; fold edges over to make sides double thick, and press dough firmly into corners of pan.
7. Line pastry with foil; fill with dry beans or pie weights.
8. Place tart pan on baking sheet or pizza pan; bake 35 minutes.
9. Turn off oven; carefully remove foil and beans.
10. Use a fork to pierce pastry in 2 or 3 places; return to turned-off oven for 5 minutes.
11. Let cool completely.
12. In medium bowl, beat cream cheese with powdered sugar until smooth;.
13. Beat in yogurt, extract and rum.
14. Fill cooled pastry shell; chill.
15. Drain pineapple well on paper towels; chill.
16. Just before serving, garnish tart with pineapple and toasted coconut.",
998.0,Bavarian Cream,"['sugar', 'flour', 'cornstarch', 'salt', 'milk', 'egg', 'vanilla', 'heavy cream']","1. Combine sugar, flour, cornstarch and salt. Gradually stir in milk.
2. On med-high heat (turning down to med, if necessary), cook and stir until mixture thickens and boils.
3. Cook and stir 2-3 minute.
4. Stir a little of the hot mixture into egg yolk.
5. Stir egg mixture into the rest of the hot mixture and bring it just to boiling.
6. STIRRING CONSTANTLY.
7. Add vanilla.
8. cover entire surface with plastic wrap or waxed paper.
9. Cool.
10. beat smooth.
11. Fold in whipped cream.","https://img.sndimg.com/food/image/upload/w_555,h_416,c_fit,fl_progressive,q_95/v1/img/recipes/99/8/picB0hjKo.jpg"
1001.0,"Pineapple, Date and Nut Drops","['flour', 'baking powder', 'salt', 'butter', 'brown sugar', 'white sugar', 'pineapple', 'baking soda', 'dates']","1. Sift flour, baking powder and salt together.
2. Cream butter and sugars until light and fluffy.
3. Beat in egg yolk.
4. Add the pineapple combined with the baking soda.
5. Stir in dates.
6. Add flour mixture.
7. Drop by teaspoonfuls onto greased baking trays; top with chopped nuts.
8. Bake in a moderate oven for about 20 minutes.",
1003.0,Pizza,"['onion', 'olive oil', 'garlic', 'canned italian tomatoes', 'tomato paste', 'oregano', 'basil', 'bay leaf', 'sugar', 'salt', 'pepper', 'mozzarella cheese', 'water', 'flour', 'salt']","1. Cook onion in oil until soft; add garlic and cook 2 minutes longer.
2. Add undrained, sliced tomatoes and their liquid, tomato paste, oregano, basil, bay leaf, sugar, 1 Tbsp salt and dash pepper.
3. Bring to boil, reduce heat and simmer uncovered 1 hour.
4. Remove bay leaf before pureeing.
5. For dough, dissolve yeast in lukewarm water and add oil.
6. Sift together flour and 1 teaspoons salt into a bowl and add yeast mixture.
7. Knead about 10 minutes.
8. Divide dough in half.
9. Cover each piece of dough and let rise 2 hours.
10. Stretch dough into pizza pan.
11. Top with sauce, mozzarella, grated Parmesan, and toppings of your choice.
12. Bake at 450 degrees Fahrenheit for 10 to 12 minutes.",
1005.0,Pizza Dough and Sauce,"['warm water', 'salt', 'flour', 'tomato paste', 'red wine', 'water', 'oregano', 'salt', 'sugar', 'olive oil', 'parmesan cheese']","1. In a large bowl, sprinkle yeast over warm water (I add a pinch of sugar) and allow to set until it begins to foam, about 5 minutes.
2. Stir in salt, oil and half of flour. Gradually add remaining flour, mixing well.
3. Knead 8-10 minutes or until smooth and elastic. Place in greased bowl and let rise until double (1/2-1 hour) Punch down and let rise again until double. Punch down and divide. Pat out on two pizza pans.
4. Top with pizza sauce & toppings. Bake at 400 degrees for 20-25 minutes.
5. Pizza Sauce: Mix all ingredients together, blending well. (You can also add a few sprinkles of garlic powder if you want).
6. Makes enough for two 12- or14-inch pizzas or one thick 16-inch pizza.
7. Top with meats, cheese and other toppings.
8. To freeze, prepared pizza method: double wrap and freeze the prepared pizza (without baking it) on the pizza pan. Unwrap and bake the frozen pizza at 400Â°F for about 22 minutes.
9. Alternative freezing method: after first punch down of dough, divide dough and place in a zip-loc bag and place in the freezer. To prepare, remove from freezer and place in a greased bowl. The dough will take about 8-10 hours to thaw and raise slightly. Pat out on grease pizza pan and proceed as directed above. I also freeze half the sauce in a small container for future use.","https://img.sndimg.com/food/image/upload/w_555,h_416,c_fit,fl_progressive,q_95/v1/img/recipes/10/05/picfq5pUS.jpg"
1008.0,Pizza Loaf,"['beef', 'onion', 'oregano', 'cheese spread', 'egg', 'butter']","1. Brown the meat and onion.
2. Season with oregano, salt and pepper.
3. Stir in cheese spread, egg and grated cheese from pizza mix.
4. Combine well.
5. Mix pizza dough as directed.
6. Knead on well floured surface until no longer sticky.
7. Roll dough into 12 x 14-inch size. Place on cookie sheet. Spread filling over dough.
8. Fold dough over and roll up.
9. Pinch edges together to form a loaf.
10. Brush on melted butter and sprinkle with parsley flakes or herbs from pizza package. Bake for 15 minutes at 450 degrees.
11. Slice and serve with pizza sauce. - - - - - - - - - - - - - - - - - -",
1012.0,Plum Cake,"['all-purpose flour', 'sugar', 'butter', 'eggs', 'walnuts', 'plums', 'sour cream', 'sugar']","1. Mix flour and sugar, and cut in butter with a pastry blender.
2. Add one egg, and stir with a fork until blended.
3. Pat into a 9\
4. ,
5. ,
6. ,
7. ,",
1018.0,Potato Appetizers,"['potato', 'olive oil', 'chives', 'green onion', 'paprika', 'wheat germ']","1. Peel and chop potatoes.
2. Place potatoes in a pot and cover with water.
3. Boil until soft. Mash cooked potatoes with oil, then add seasonings.
4. Meanwhile, heat oven to 375 degrees.
5. Shape mix into 1-inch balls.
6. Mix the paprika and wheat germ together in a dish.
7. Roll potato balls in paprika and wheat germ mixture until coated.
8. Place on oiled baking sheet. Bake at 375 degrees for about 20 minutes.
9. Let stand on folded paper towels before serving with toothpicks.",
1024.0,Potato-Plum Dumplings,"['potatoes', 'salt', 'eggs', 'butter', 'butter', 'flour', 'farina', 'sweet plums']","1. Scrub potatoes well but do not peel.
2. In a saucepan combine potatoes and water to cover and bring to a boil.
3. Cook until potatoes are tender when pierced with a fork (about 40 minutes); drain.
4. When potatoes are cool enough to handle, peel and, while still warm, press through a potato ricer into a large mixing bowl.
5. Let cool.
6. Add salt, eggs, and the 1 tablespoon butter to potatoes and mix well.
7. Gradually mix in the 1 cup flour and farina until dough is easy to work, adding more flour if it is too wet. Turn dough out onto a floured board and knead well until smooth and fairly soft (5 to 10 minutes). With your hands form dough into a large sausage-shaped roll.
8. Cut roll into 12 to 16 equal pieces.
9. Cut open plums and remove pits.
10. Replace each pit with a sugar cube and re-form plum.
11. With a floured rolling pin, roll out each dough piece into a 3-inch square 1/4 to 1/3 inch thick.
12. Place 1 plum in center of each square. Bring up corners of square to enclose plum completely; no part of plum must be exposed.
13. Pinch dough edges together firmly so that dumpling doesn
14. ,
15. ,
16. ,
17. ,
18. ,
19. ,
20. ,
21. ,
22. ,
23. ,
24. ,","https://img.sndimg.com/food/image/upload/w_555,h_416,c_fit,fl_progressive,q_95/v1/img/recipes/10/24/pic5euyiu.jpg"
1031.0,"Great Northern Bean, Ham and  Vegetable Chowder","['dry white bean', 'ham hocks', 'ham', 'onion', 'carrot', 'green pepper', 'sugar', 'salt', 'cayenne pepper', 'mace', 'tomatoes']","1. Soak beans overnight in water to cover by 2 inches.
2. Drain beans.
3. Add water to cover beans by 1 inch.
4. Cook beans with ham hocks (I use a ham bone with some meat) for at least 2 hours on low heat. Remove ham bone from beans and let cool.
5. Add all other ingredients.
6. Remove ham from the bone and return ham to the bean mixture. Cook until vegetables are tender, about 30 minutes to 1 hour.
7. Freezes well.
8. Note: I submitted this to a family cookbook and it is the recipe that \
9. loves.","https://img.sndimg.com/food/image/upload/w_555,h_416,c_fit,fl_progressive,q_95/v1/img/recipes/10/31/picCUcQnI.jpg"
1032.0,Pumpkin Apple Pie,"['brown sugar', 'cornstarch', 'cinnamon', 'salt', 'water', 'butter', 'margarine', 'tart apples', 'canned pumpkin', 'evaporated milk', 'sugar', 'egg', 'ground cinnamon', 'salt']","1. In a saucepan, combine brown sugar, cornstarch, cinnamon and salt. Add water and butter; bring to a boil.
2. Add apples.
3. Cook and stir for 4 minutes.
4. Place pastry in a 9-in.
5. pie pan; add apple mixture. In a bowl, whisk pumpkin, milk, sugar, egg, cinnamon and salt until smooth; pour over apple layer.
6. Bake at 3750 for 50 - 55 minutes or until a knife inserted near the center comes out clean.
7. If necessary, cover the edges with foil for the last 15 minutes of baking time to prevent over-browning.
8. Cool completely.
9. Garnish with whipped cream.","https://img.sndimg.com/food/image/upload/w_555,h_416,c_fit,fl_progressive,q_95/v1/img/recipes/10/32/picLXeOVb.jpg"
1033.0,Pumpkin Citrus Syrup Cake,"['butter', 'lemons, rind of', 'caster sugar', 'eggs', 'self raising flour', 'pumpkin', 'lemon juice', 'sugar']","1. Grease a deep 23cm round cake tin, line the base with baking paper.
2. Cream butter, rinds and sugar until light and fluffy, add egg yolks; beat until combined.
3. Stir in half the sifted flour with half the cold pumpkin, then stir in the remaining flour and pumpkin.
4. Beat the egg whites until soft peaks form, fold through the cake mixture. Spread mixture into cake tin.
5. Bake in a moderate oven about 1 hour or until cooked when tested with skewer.
6. Pour hot syrup over hot cake and let stand 10 minutes before turning out onto a rack to cool.
7. To make syrup:- Combine all ingredients in saucepan.
8. Stir constantly over heat without boiling until sugar is dissolved.
9. Bring to boil, reduce heat, simmer 2 minutes without stirring.",
1034.0,Pumpkin Scones,"['flour', 'baking powder', 'baking soda', 'ginger', 'allspice', 'nutmeg', 'salt', 'vegetable shortening', 'light brown sugar', 'solid-pack pumpkin', 'plain yogurt']","1. Preheat oven to 350 degrees.
2. Lightly grease cookie sheets.
3. Combine flour, baking powder, baking soda, spices and salt. In a large bowl, cream together shortening and brown sugar.
4. Beat in the pumpkin, yogurt and sour milk.
5. Gradually blend in the dry ingredients.
6. Turn the dough out onto a floured surface, sprinkle with flour, and knead until smooth.
7. Roll out the dough to a thickness of 3/4\
8. ,
9. squares and place 1\
10. ,
11. ,","https://img.sndimg.com/food/image/upload/w_555,h_416,c_fit,fl_progressive,q_95/v1/img/recipes/10/34/picHNMF8p.jpg"
1035.0,Puppy Chow Snack Mix,"['chocolate chips', 'butter', 'peanut butter', 'confectioners']","1. Melt chocolate chips, butter & peanut butter over medium heat. Stir to blend.
2. Pour over Crispix in large bowl.
3. Pour confectioners sugar in paper grocery bag.
4. Add Crispix and shake vigorously until it breaks apart. Serve in new doggie dish.","https://img.sndimg.com/food/image/upload/w_555,h_416,c_fit,fl_progressive,q_95/v1/img/recipes/10/35/piclWBN6c.jpg"
1042.0,Beef & Pork Meatloaf & Onion Gravy,"['lean beef', 'egg', 'parsley', 'onion', 'garlic', 'celery', 'thyme', 'pepper', 'salt', 'onion', 'butter', 'flour', 'parsley', 'dry red wine']","1. Preheat oven to 350 F.
2. Mix all ingredients together.
3. Shape into a loaf pan.
4. Bake for 1 1/2 hours.
5. If desired, spoon onion gravy over baked meatloaf slices.
6. Onion Gravy Makes About 2 cups While this sauce was designed to be served on our Beef and Pork Meatloaf, it is amazingly versatile. Try it on mashed or baked potatoes, pork chops, steak or whatever! Use your imagination.
7. Saute onion in butter for about 3-5 minutes, or until slightly browned.
8. Stir in flour and add remaining ingredients.
9. Simmer for 3-5 minutes, stirring constantly.","https://img.sndimg.com/food/image/upload/w_555,h_416,c_fit,fl_progressive,q_95/v1/img/recipes/10/42/aiRoJdSRpKJpIXMyGFmB_14189592101861453484754.jpg"
1044.0,Raised Waffles,"['water', 'active dry yeast', 'granulated sugar', 'water', 'butter', 'salt', 'flour', 'eggs', 'baking soda', 'pure maple syrup']","1. * Flour may be any of or any combination of white, whole wheat, rye, oat, buckwheat, yellow cornmeal, or blue cornmeal.
2. Put the 3/4 cup water into a large bowl and sprinkle in the yeast and sugar. Let dissolve for 5 minutes.
3. Add the 2 1/2 cups water, the milk, butter, salt, and flour(s) to the yeast mixture and whisk until smooth and blended.
4. Cover the bowl with plastic wrap and let stand overnight at room temperature. (The batter will rise to double its original volume.) Before baking the waffles, beat in the eggs, then add the baking soda and stir until well combined.
5. (The batter will be thin.) Pour 1/2 to 3/4 cup batter into a very hot waffle iron and bake until golden and crisp. Serve immediately with the warm syrup.
6. Variation: Top with fresh strawberries and whipped cream or sliced bananas, toasted coconut, and sliced roasted almonds. Dust with confectioner",
1045.0,Raisin Cream Pie,"['raisins', 'water', 'eggs', 'sugar', 'vinegar', 'flour', 'butter', 'cream of tartar', 'salt', 'vanilla', 'sugar']","1. Add raisins to water in saucepan and simmer 5 minutes.
2. Beat egg yolks, sugar, vinegar and flour until light and creamy.
3. Slowly add to raisins.
4. Cook, stirring constantly, until filling is thick, 4 to 5 minutes.
5. Remove from heat, stir in butter and cool until lukewarm.
6. Pour raisin mixture into pie shell and top with meringue.
7. Perfect Meringue.
8. Have egg whites at room temperature to obtain greatest volume. Place in medium bowl with cream of tartar, salt and vanilla.
9. Beat with electric or hand beater, at medium speed, until entire mixture is frothy.
10. Do not beat until eggs stiffen.
11. Add sugar, a little at a time, beating well after each addition.
12. Do not under beat. Beat until sugar dissolves to help prevent beading.
13. To test, rub some of meringue between your fingers to see if it is still grainy.
14. (The grains are undissolved sugar) Continue to beat until stiff, pointed peaks for when beater is slowly lifted.
15. Place spoonfuls of meringue around edge of pie filling, spreading it so it touches inter edge of crust to seal all around.
16. This prevents shrinkage. Pile remainder of meringue in center of pie and spread to meet meringue around the edge. If filling is not covered completely, the oven heat may cause it to weep.
17. Lift up meringue over pie in points with back of teaspoon.
18. Bake in moderate oven (350 F) 12 to 15 minutes, or until meringue peaks are golden brown.
19. Too long baking may cause weeping.
20. Cool gradually away from drafts.",
1048.0,Sour Cream Raisin Pie,"['sugar', 'flour', 'cinnamon', 'allspice', 'clove', 'sour cream', 'raisins', 'vinegar', 'baking soda', 'salt']","1. Cook all filling ingredients in sauce pan on top of stove until mixture thickens and foam disappears.
2. Use a large pan for this as the vinegar and soda will foam up.
3. Turn into unbaked pie crust and top with second crust.
4. Brush top with milk and cut slits to vent.
5. Bake at 425 degrees for 20 min and then reduce oven temp to 350 degrees and bake for another 20 to 30 minutes or until brown.","https://img.sndimg.com/food/image/upload/w_555,h_416,c_fit,fl_progressive,q_95/v1/img/recipes/10/48/picaSYVsu.jpg"
1056.0,Red Pepper Spoon Bread,"['low sodium chicken broth', 'skim milk', 'sugar', 'salt', 'cornmeal', 'unsalted butter', 'cayenne pepper', 'nutmeg', 'yellow onion', 'frozen corn kernels', 'eggs', 'baking powder']","1. Preheat oven to 350.
2. Spray a 1 quart baking dish with cooking spray.
3. In a medium size saucepan, stir together the broth, milk, sugar, salt and cornmeal, then bring to a boil over moderate heat. Add 2 tsp of the butter and cook the mixture over low heat, whisking occasionally, for 5 minutes.
4. Transfer to a large bowl and stir in the cayenne pepper and nutmeg.
5. In a nonstick skillet, cook the sweet red pepper and onion in the remaining 2 tsp of butter over moderate heat for 3 minutes or until softened, stirring occasionally; add the corn and cook the mixture, stirring, 1 minute more. Stir into the cornmeal mixture. In a small bowl, whisk the egg yolks with the baking powder, then stir them into the cornmeal mixture. Beat the egg whites until stiff but not dry.
6. Stir 1/4 of the whites into cornmeal mixture, then gently fold in the rest. Pour the mixture into the prepared baking dish and bake for 40 minutes or until puffed, then broil 4\
7. ,",
1059.0,Rice Case for Quiches or Pies (Gluten-Free),"['rice', 'fresh herb', 'egg']","1. Combine all and pat over the base and sides of a lightly greased pie dish.
2. Bake at 210 C for 15 minutes.
3. Fill with your favourite fillings and bake as usual.
4. Serve at room temperature. Cheers, Doreen Doreen Randal, Wanganui.
5. New Zealand.",
1061.0,Rice-Bacon Pineapple Salad,"['pineapple', 'long-grain rice', 'bacon', 'onion', 'cucumber', 'red capsicum']","1. Gradually add the rice to a large quantity of boiling salted water; boil rapidly for 12 minutes, then drain well.
2. Spread on a tray and separate the grains with a fork to allow each grain to dry perfectly.
3. Fry the bacon and onion; sprinkle over the rice. Toast the almonds in a pan until golden brown.
4. Put the rice, cucumber, almonds, capsicum and pineapple in a salad bowl.
5. Add French dressing and toss lightly.
6. Refrigerate until serving time. Cheers, Doreen Doreen Randal, Wanganui.
7. New Zealand.",
1068.0,Roasting Peppers,['pepper'],"1. I put them under a hot grill and turn them infrequently until black all over.
2. I then put them in a pot with a well fitting lid to cool. (The books often say put them in a plastic bag, but I try to minimise my use of plastics for environmental reasons)
3. Once you can handle them you can peel off the black skin easily. Don",
1069.0,Rock Candy for Kids,"['granulated sugar', 'water']","1. Put one cup of water into a small saucepan, pour 2 cups of granulated sugar into the water, heat the water and sugar on the stove over a medium heat, continue stirring until the sugar melts, keep adding sugar and stirring until it melts, stop adding sugar when you see that it will no longer dissolve in the water (that is until you see sugar lying on the bottom of the saucepan). Remove the pot from the stove, let the liquid cool until it is just warm.
2. Pour the liquid into a clean glass jar.
3. Tie one end of a piece of heavy cord around the middle of a pencil.
4. Place the pencil over the top of the glass jar letting the cord fall into the liquid.
5. Crystals will begin to form in a few hours The next day, remove the cord from the jar, pour the sugar liquid back into the saucepan, reheat and cool it just as you did before. Pour the liquid back into the jar and reinsert the cord with the crystals into it. More crystals will form.
6. If you repeat this procedure every day the crystal candy will grow bigger and bigger.
7. When it has reached a size that pleases you, snip off any excess string and enjoy.",
1073.0,Rum Baked Beans,"['navy beans', 'light molasses', 'soy sauce', 'onion', 'prepared mustard', 'rum']","1. Chop onion and saute until soft.
2. Combine with all the other ingredients, including a little of the water from cooking the beans.
3. Bake, covered at 350F for 45 minutes to 1 hour.","https://img.sndimg.com/food/image/upload/w_555,h_416,c_fit,fl_progressive,q_95/v1/img/recipes/10/73/picGecs8A.jpg"
1074.0,Bread Machine Sage-Wheat Bread,"['milk', 'shortening', 'whole wheat flour', 'bread flour', 'cornmeal', 'brown sugar', 'dried sage', 'salt', 'active dry yeast', 'bread machine yeast']","1. Add all of the ingredients to a bread machine according to the manufacturer
2. ,",
1075.0,Beef Crumble,"['beef', 'onion', 'celery', 'mushroom', 'carrot', 'flour', 'worcestershire sauce']","1. TOPPING 3/4 cup wholemeal flour 1/3 cup rolled oats 1 oz butter 1/3 cup grated cheese 1/2 tsp dried mixed herbs Fry mince over a medium heat in its own fat, turning, until evenly browned.
2. Add the onion, celery, mushrooms and carrot and fry for 5 minutes.
3. Stir in the flour and cook a further minute. Add the stock, sauce and salt and pepper to taste. Bring to the boil, stirring.
4. Cover and simmer 30 - 40 minutes.
5. To make Topping:- Place the flour and rolled oats in a bowl.
6. Rub in the butter until mixture resembles coarse breadcrumbs.
7. Stir in the cheese, herbs and salt and pepper to taste. Transfer the meat to a greased casserole and spoon topping over.
8. Bake at 375 F for 20 - 30 minutes.",
1078.0,Salsa,"['tomatoes', 'sweet onion', 'cilantro', 'garlic', 'lime juice', 'olive oil', 'salt', 'cumin', 'black pepper']","1. Combine all the ingredients and chill for 2 hours before serving with chips.
2. The Cilantro is very important to this dish.","https://img.sndimg.com/food/image/upload/w_555,h_416,c_fit,fl_progressive,q_95/v1/img/recipes/10/78/WG9Bq6c0QQSOQNFyxoLm_salsa"
1079.0,Salty Milk Biscuits,"['flour', 'milk', 'salt', 'butter', 'eggs', 'milk', 'salt']","1. Sieve flour and salt and rub in the butter.
2. Gradually mix with milk to make a stiff dough.
3. Roll out VERY thinly, brush lightly with beaten egg or milk and sprinkle with salt.
4. Bake 400 F for 10 - 15 minutes.
5. Cheers, Doreen Randal,Wanganui,New Zealand.",
1081.0,Savoury Bread Dish,"['cheese', 'mustard', 'eggs', 'milk']","1. Take slices of sandwich bread and put thick sliced cheese on three of them and spread with mustard.
2. Top with the other slices and cut into quarters.
3. Stand these in a greased ovenproof dish.
4. Sprinkle with a tsp of garlic salt. Beat together eggs and milk, pour over the bread making sure all the bread is dampened.
5. Cover and leave to stand at least 30 minutes, spooning milk over the exposed bread every now and then.
6. Cook uncovered at 190 C 30 - 45 minutes, depending on the depth of the dish, until crisp and golden brown and centre is set. Cheers, Doreen Doreen Randal, Wanganui.
7. New Zealand.",
1085.0,Scottish Scones,"['flour', 'rolled oats', 'brown sugar', 'baking powder', 'salt', 'cinnamon', 'butter', 'margarine', 'milk', 'butter', 'margarine', 'sugar', 'cinnamon']","1. Heat oven to 375 degrees.
2. Lightly grease cookie sheet. In med.
3. bowl, combine flour, oats, brown sugar, baking powder, salt and cinnamon; mix well.
4. With pastry blender or fork, cut in butter until mixture is crumbly.
5. Add milk all at once; stir just until dry ingredients are moistened.
6. On floured surface, gently knead dough 5 or 6 times.
7. Place on greased cookie sheet; press into a 6\
8. thick.
9. Brush top with melted butter.
10. In small bowl, combine sugar and cinnamon; mix well.
11. Sprinkle over top.
12. Cut into 8 wedges; separate slightly.
13. Bake for 20-30 minute.
14. or until golden brown.
15. Serve warm.",
1086.0,Beef Enchiladas,"['garlic', 'water', 'tomato sauce', 'chili powder', 'salt', 'cumin', 'green chili peppers', 'oregano', 'onion', 'ground beef', 'chili powder', '8-inch flour tortillas', '10-inch flour tortillas', 'cheddar cheese', 'monterey jack cheese']","1. To prepare enchilada sauce, in medium saucepan, combine sauce ingredients.
2. Simmer 30 minutes.
3. (Cast iron skillets work well for following) To prepare beef filling, in large skillet, cook ground beef and onion (you may sprinkle with additional chili powder) and drain.
4. Add 3/4 cup enchilada sauce to meat and cook low 10 minutes or until sauce absorbed.
5. To assemble enchiladas, in ungreased skillet, heat each tortilla low heat, ~15 seconds per side, dip in sauce, fill with ~2 Tbsp beef filling and roll up.
6. Place seam side down in 12 x 8 inch baking dish.
7. Cover enchiladas *evenly* with remaining sauce. Sprinkle with cheeses and bake uncovered at 350 for 30 minutes.","https://img.sndimg.com/food/image/upload/w_555,h_416,c_fit,fl_progressive,q_95/v1/img/recipes/10/86/picpNK6bT.jpg"
1100.0,Slow Cooker BBQ Pinto Beans,"['dried pinto bean', 'water', 'onions', 'chili powder', 'barbecue sauce', 'ketchup', 'prepared mustard']","1. Combine first 4 ingredients in an electric slow cooker on low heat. Cover and cook about 7 hours or until beans are tender.
2. Drain cooking liquid.
3. Stir in remaining ingredients.
4. Set on high heat and cook uncovered 10-15 minutes, or until heated through.","https://img.sndimg.com/food/image/upload/w_555,h_416,c_fit,fl_progressive,q_95/v1/img/recipes/11/00/picsag5Dw.jpg"
1103.0,Snow Flurry Brownies,"['sugar', 'butter', 'margarine', 'eggs', 'vanilla extract', 'all-purpose flour', 'baking powder', 'salt']","1. In a bowl, whisk together sugar, butter, eggs and vanilla.
2. Combine flour, cocoa, baking powder and salt; add to sugar mixture and mix well.
3. Stir in vanilla chips and nuts.
4. Spread into a greased 8-in. square baking pan.
5. Bake at 35O°F for 25-30 minutes or until a toothpick inserted near the center comes out with moist crumbs (do not overbake). Cool on a wire rack.
6. Cut into diamond shapes if desired or garnish with melted white chocolate.","https://img.sndimg.com/food/image/upload/w_555,h_416,c_fit,fl_progressive,q_95/v1/img/recipes/11/03/picPdPR8O.jpg"
1106.0,Soft Zucchini Spice Cookies,"['butter', 'margarine', 'brown sugar', 'egg', 'all-purpose flour', 'baking powder', 'cinnamon', 'salt', 'nutmeg', 'clove', 'milk', 'zucchini', 'walnuts', 'raisins']","1. In a mixing bowl, cream the butter and brown sugar; add the egg and mix well.
2. Combine the dry ingredients; add alternately with milk to creamed mixture. Stir in zucchini, nuts, raisins, and orange peel.
3. Drop by teaspoonfuls 2 inches apart onto greased baking sheets.
4. Bake at 350°F for 12-14 minutes or until edges are lightly browned and cookies are set.
5. Makes about 4 dozen.","https://img.sndimg.com/food/image/upload/w_555,h_416,c_fit,fl_progressive,q_95/v1/img/recipes/11/06/picw7RJLe.jpg"
1107.0,Solo Chicken Breast and Rainbow Rice,"['boneless skinless chicken breast', 'raw rice', 'water', 'vermouth', 'olive oil', 'lemon juice', 'lime juice', 'onion', 'red bell pepper', 'green bell pepper']","1. In the afternoon, or at least one hour before making the dish, combine the olive oil,juice. Place chicken breast in a plastic bag and add olive oil juice mixture then refrigerate for at least an hour.
2. Make sure that the marinade coats the meat. The rest of this process should only take 20 minutes if the steps are followed in order.
3. Remove the chicken and place on a hot grill ( total cooking time will be 20 minutes.) and immediately proceed to the next step.
4. Add the water to the rice and place in a covered pan over a stove burner with a very low flame.( total heating time will be 15 minutes). After the chicken and the rice have cooked for 10 minutes; turn the chicken breast over.
5. Chop the onion and peppers and set aside. After the chicken and rice have cooked for another 5 minutes, turn off the flame under the rice, but do NOT remove the cover.
6. Heat up a small amount of butter and/or olive oil in a frying pan; heat the onion and bell peppers until soft. After the chicken has cooked for an additional 5 minutes ( 20 minutes total) remove from the heat. Remove the cover on the rice and stir in the heated onion and bell pepper.
7. Pour the rice mixture on a plate and place the chicken breast on top.
8. Salt ( I like lemon salt) and pepper to taste.",
1108.0,Some 'Berry' Good Fruit Dip Ideas!,"['cream cheese', 'sugar']","1. Beat all ingredients together, adding more orange juice if needed to thin sauce. Makes 2 cups.
2. Fruit Dip: 1 cup plain yogurt 3 tbsp. icing sugar 1/2 tsp. grated lemon peel Stir ingredients together. Makes 1 cup.
3. Caramel Fruit Dip: 1 cup sour cream 1 tbsp. brown sugar 1 tbsp. Kahlua Combine all ingredients. Add more brown sugar if you want to omit Kahlua. Makes 1 cup.
4. Chocolate-dipped Fruit: 2/3 cup semisweet chocolate chips 1 tbsp. parowax (cut into bits to measure) Heat chocolate chips and wax in top of double boiler or pan over hot water. Stir until smooth and remove from heat. Return mixture to heat as chocolate cools. Dip fruit (strawberries, Mandarin orange slices, pineapple chunks, clusters of seedless grapes) into mixture, covering about 2/3 of each piece. Place on undipped end to cool or lay on a piece of waxed paper. Chill until about one hour before ready to serve, when fruit should be placed at room temperature. HINT: The drier the fruit, the better the results.",
1117.0,Spaetzle,"['eggs', 'water', 'milk', 'all-purpose flour', 'salt', 'baking powder', 'water']","1. Using an electric mixer, blend the eggs, lard or oil, water and milk.
2. Stir the flour together with 1/2 tsp of the salt and the baking powder in a dry bowl.
3. Blend this mixture into the liquid.
4. Mix well and set aside for a moment. Bring 4 quarts of water to a boil and add 2 tsp of salt. Using a spaetzle maker or spaetzle press squeeze the dough into the boiling water.
5. Use about 1/3 of the dough for each batch.
6. When the dumplings float to the surface, they are done. Remove them with a slotted spoon and place in a colander.
7. They can be served with way with paprika gravy or pan fried with a little butter, just until they are a bit golden, and topped with parsley.
8. Note: These dumplings can also be made by using piping bag or dropping very small amounts from a spoon.
9. The latter takes much longer.",
1119.0,Spaghetti Pie,"['spaghetti', 'egg', 'nonfat parmesan cheese', 'extra lean beef', 'onion', 'green pepper', 'fennel seed', 'garlic', 'tomato sauce', 'oregano', 'low fat cottage cheese', 'lowfat mozzarella cheese']","1. Cook spaghetti for 10 to 12 minutes or until tender but still firm.
2. Drain well.
3. Return spaghetti to saucepan.
4. Stir in egg and Parmesan cheese. In a medium skillet, cook ground beef, onion, green pepper, garlic and fennel till meat is browned and onion is tender.
5. Drain fat. Stir in tomato sauce and oregano; heat through.
6. Spray a 9\
7. ,","https://img.sndimg.com/food/image/upload/w_555,h_416,c_fit,fl_progressive,q_95/v1/img/recipes/11/19/pic0x6SpS.jpg"
1127.0,Spicy Bacon &amp; Tomato Brunch,"['ginger', 'onion', 'garlic cloves', 'plum tomatoes', 'bacon', 'salt', 'pepper']","1. Cut the bacon into small strips and add to saucepan.
2. Cook over medium heat.
3. Finely chop the onion and garlic; add to saucepan and fry with ginger until soft and translucent (not brown).
4. When vegetables are cooked, open tomatoes and cut into small pieces; add tomatoes and juice to saucepan with salt and pepper.
5. The secret of this recipe is to keep cooking over a medium heat, stirring occasionally, until the tomato juice has reduced to a thickish sauce.
6. When desired thickness is reached, serve on toast -- it certainly wakes those taste buds up.",
1128.0,Spicy Cherry Glazed Chicken,"['olive oil', 'skinless chicken thighs', 'honey', 'salt', 'cinnamon', 'red pepper flakes', 'allspice', 'dried cherries', 'water', 'cornstarch']","1. Place oil in bottom of 13x9\
2. ,
3. ,
4. ,
5. ,
6. ,
7. ,",
1129.0,Spicy Dill Dip,"['sour cream', 'mayonnaise', 'fresh dill', 'dried dill', 'fresh parsley', 'scallions', 'green onion', 'chili sauce', 'garlic clove', 'dry mustard', 'worcestershire sauce']","1. Blend all ingredients in a bowl, and season to taste with salt and pepper.
2. Chill.
3. Makes 1 cup of vegetable dip.",
1133.0,Spinach Squares,"['butter', 'milk', 'baking soda', 'frozen spinach', 'monterey jack cheese', 'eggs', 'flour']","1. Combine eggs, milk, flour, and baking powder.
2. Beat well.
3. Add spinach and cheese; mix well.
4. Pour melted butter into a 13 x 9\
5. ,
6. ,","https://img.sndimg.com/food/image/upload/w_555,h_416,c_fit,fl_progressive,q_95/v1/img/recipes/11/33/picEuKYKw.jpg"
1135.0,Spinach Torte,"['garlic clove', 'yellow onion', 'eggs', 'dill', 'unsalted butter', 'phyllo dough']","1. Preheat oven 400°F.
2. Heat oil in skillet large enough to hold spinach.
3. Saute garlic and onion in skillet over medium heat until golden.
4. Add spinach to pan and stir over medium heat until spinach is reduced and cooked.
5. Drain in colander.
6. Meanwhile, beat eggs until frothy.
7. Add to spinach mixture. crush dill between fingers and add to spinach and egg mixture. Cool.
8. In a small saucepan,melt butter.
9. Prepare Phyllo as per directions on box (defrost 8 hours at room temperature before use). Separate three sheets of Phyllo dough and place on counter.Using a pastry brush,sparingly coat top layer with butter.
10. Sprinkle with a tablespoon of breadcrumbs.Separate three more sheets of Phyllo on top of the first layer.
11. Again, lightly brush with melted butter.Sprinkle with bread crumbs.Continue six times, or until you have counted a total of 18 layers of Phyllo.
12. Evenly spread out spinach mixture onto the top.
13. Starting with the long end, roll up as a jelly roll, keeping it as tight as you can.
14. Place on buttered baking sheet seam side down.
15. Bake immediately in oven 25 minutes.
16. To serve, slice in one inch interval diagonally.",
1136.0,Spoon Bread Chili Pie,"['beef', 'onion', 'green pepper', 'garlic clove', 'chili powder', 'canned tomatoes', 'kernel corn', 'salt', 'pepper', 'kidney beans', 'milk', 'butter', 'salt', 'cornmeal', 'cheddar cheese', 'egg']","1. Cook ground beef, onion, green pepper and garlic over medium heat for 8 minutes.
2. Add chili pepper, tomatoes, corn and beans and cook for five minutes.
3. Turn into casserole dish and set aside. Scald milk with butter and salt. Gradually add corn mean while stirring.
4. Cook until thickened - 4 minutes.
5. Remove from heat and stir in cheese and egg.
6. Spread topping over casserole. Bake at 375°F for 35 minutes or until topping has set.","https://img.sndimg.com/food/image/upload/w_555,h_416,c_fit,fl_progressive,q_95/v1/img/recipes/11/36/picl8kqGL.jpg"
1141.0,Squash & Golden Onion Risotto,"['broth', 'butter', 'onions', 'garlic', 'squash', 'sage', 'white wine', 'red wine', 'marsala', 'arborio rice', 'pepper', 'parmesan cheese']","1. Heat broth in one saucepan.
2. Melt 1/4 cup butter in a large saucepan.
3. When butter foams, add onion and garlic. Saute over med. heat until pale yellow.
4. Add squash and sage; cook until starting to become tender.
5. Add wines and reduce.
6. Add balsamic vinegar and lower heat.
7. And rice, mix well.
8. When rice is coated, stir in 1-2 ladles of broth, cook until absorbed.
9. Continue this routine for 15-20 min.
10. Season with pepper. Serve with Parmesan.",
1144.0,Steak & Tomato-Basil Pasta,"['beef tenderloin steaks', 'boneless beef top loin steaks', 'penne', 'mostaccioli pasta', 'fresh basil', 'dried basil leaves', 'romano cheese', 'parmesan cheese', 'salt', 'pepper', 'olive oil', 'onion', 'garlic', 'plum tomatoes', 'sugar', 'salt', 'pepper']","1. Cook pasta according to package directions; keep warm.
2. Meanwhile, in a large saucepan or Dutch oven, heat oil over medium heat. Add onion and garlic; cook and stir until tender.
3. Add remaining sauce ingredients.
4. Bring to a boil; reduce heat to low.
5. Simmer, uncovered, 10 minutes, stirring occasionally.
6. Place beef steaks on grid over medium, ash-covered coals.
7. Grill steaks, uncovered, 13 to 15 minutes (15 to 18 minutes for top loin steaks) for medium rare to medium doneness, turning once. Season with salt and pepper.
8. Trim fat from steaks.
9. (Cut top loin steaks crosswise in half.) Combine tomato sauce, basil, cheese and pasta; toss to coat. Serve steaks with pasta.",
1145.0,Steak and Ale Meat Marinade,"['soy sauce', 'dry white wine', 'red wine vinegar', 'sugar', 'garlic']","1. Simply mix all ingredients together.
2. You can let the meat sit in here for up to 24 hours.
3. I would highly suggest a grilling, or even a pan frying of the meat of your choice. Add a little bit of butter to the pan if you are going to cook it in a skillet.",https://img.sndimg.com/food/image/upload/v1/img/feed/1145/lz4nr1YSD24p30EnZWw0_Alemarinadekabobs.JPG
1148.0,Strawberry Blender Smoothie,"['oranges', 'banana', 'strawberry', 'powdered sugar']",1. Blend with or without using ice.,
1149.0,Strawberry Cheesecake,"['graham cracker crumbs', 'sugar', 'margarine', 'butter', 'cream cheese', 'sugar', 'lemons', 'vanilla', 'eggs', 'strawberry', 'sugar', 'cornstarch', 'water']","1. Pre-heat oven to 350 degrees Crust: stir together graham cracker crumbs and sugar.
2. Mix in butter thoroughly and press into a 9\
3. ,
4. ,
5. ,
6. ,
7. ,
8. ,
9. ,
10. ,
11. ,
12. ,","https://img.sndimg.com/food/image/upload/w_555,h_416,c_fit,fl_progressive,q_95/v1/img/recipes/11/49/01505762294.jpeg"
1150.0,Strawberry Marbled Cheesecake,"['frozen strawberries', 'cornstarch', 'graham cracker crumbs', 'sugar', 'butter', 'margarine', 'cream cheese', 'eggs', 'lemon juice']","1. In blender container, combine strawberries and cornstarch; blend until smooth.
2. In heavy saucepan, over med.
3. heat, cook and stir until thickened.
4. Add food coloring, if desired.
5. Reserve 1/3 cup sauce; cool.
6. Chill remaining sauce. Preheat oven to 300 degrees.
7. Combine crumbs, sugar and butter; press onto bottom of 9\
8. ,
9. ,
10. ,
11. ,
12. ,
13. ,
14. ,
15. ,
16. ,
17. ,",
1151.0,Strawberry 'n Oat Bars,"['margarine', 'margarine', 'brown sugar', 'flour', 'baking soda', 'salt', 'old fashioned oats', 'quick-cooking oats']","1. Heat oven to 400°F.
2. Beat 3/4 cup margarine and sugar until light and fluffy.
3. Add combined flour, soda and salt; mix well.
4. Stir in oats and nuts.
5. Reserve 1/2 cup crumb mixture. Press remaining crumb mixture onto bottom of greased 13 x 9-inch baking pan.
6. Spread the strawberry preserves over the first layer.
7. Sprinkle with reserved crumb mixture. Bake 20-25 minutes. Cool.
8. Melt Chips and 4 teaspoons margarine over low heat (or microwave), stirring until smooth.
9. Drizzle over crumb mixture. Refrigerate 1 hour; cut into bars.",
1155.0,Stuffed Mozzarella,"['lowfat mozzarella cheese', 'fresh spinach', 'red bell peppers', 'tomatoes']","1. Flatten fresh mozzarella to 1/2-inch width.
2. Layer with spinach and red peppers.
3. Roll up jelly roll fashion from longest end.
4. Slice and serve with greens, tomatoes slices drizzled with balsamic vinegar.",
1157.0,Sugar-Coated Pecans,"['pecan halves', 'sugar', 'cinnamon']","1. In a bowl, beat egg white until foamy.
2. Add pecans and toss until well coated.
3. Combine sugar and cinnamon; sprinkle over pecans and toss to coat. Spread in a single layer on an ungreased baking sheet. Bake at 300
4. ,","https://img.sndimg.com/food/image/upload/w_555,h_416,c_fit,fl_progressive,q_95/v1/img/recipes/11/57/picqcTYaA.jpg"
1162.0,Surprise Carrot Cake,"['cream cheese', 'sugar', 'egg', 'flour', 'sugar', 'baking soda', 'cinnamon', 'salt', 'eggs', 'carrots']","1. Combine cream cheese, sugar and one egg, mixing until well blended.
2. Set aside. Combine dry ingredients.
3. Add combined oil and eggs, mixing just until moistened.
4. Fold in carrots and nuts.
5. Reserve 2 cups batter; pour remaining batter into a greased and floured 9 inch Bundt pan.
6. Pour cream cheese mixture over batter; carefully spoon reserved batter over cream cheese mixture, spreading to cover.
7. Bake at 350 F degrees 55 minutes or until wooden pick inserted in center comes out clean.
8. Cool 10 minutes; remove from pan.
9. Cool thoroughly.
10. Sprinkle with powdered sugar if desired.
11. 12 Servings.",
1165.0,Sweet Potato Cakes,"['sweet potatoes', 'eggs', 'salt', 'pepper']","1. Parboil potatoes until tender.
2. Peel skin and mash.
3. Next, mix eggs, salt, pepper.
4. Heat oil in skillet and add a pinch of flour for oil testing.
5. Drop potato mixture into skillet. Brown on both sides.
6. Flatten down when you flip them.
7. Add butter and honey and eat like a pancake. **I like homemade maple syrup with mine.",
1166.0,Sweet Potato Pie,"['sweet potatoes', 'butter', 'margarine', 'granulated sugar', 'brown sugar', 'salt', 'nutmeg', 'eggs', 'milk', 'vanilla extract']","1. Crust: 3 unbaked 9\
2. ,
3. ,
4. ,
5. ,
6. ,
7. ,
8. ,
9. ,
10. ,
11. ,
12. ,
13. pies Variation: Bake filling as a pudding in a greased 12x8x3/4 inch glass baking dish.
14. Bake for 1 hour or until set. Sprinkle with 2 cups miniature marshmallows.
15. Return to oven 5-10 minutes or until marshmallows are lightly browned.
16. Jan",
1168.0,Swiss Chocolate Squares & Icing,"['water', 'butter', 'margarine', 'flour', 'sugar', 'eggs', 'sour cream', 'baking soda', 'salt', 'butter', 'margarine', 'milk', 'powdered sugar', 'vanilla', 'pecan halves']","1. Preheat oven to 375 degrees.
2. Combine water, butter and chocolate in saucepan; bring to a boil.
3. Remove from heat. Mix together flour and sugar.
4. Stir in flour and sugar.
5. Add eggs, sour cream, baking soda and salt. Mix well.
6. Pour into greased 15 1/2 x 10 1/2 jelly roll pan.
7. Bake at 375 degrees for 20 to 25 minutes.
8. Frost while warm with milk chocolate frosting.
9. Cool.
10. Cut into squares.
11. For the Frosting: Combine butter, chocolate and milk in saucepan.
12. Boil 1 minute. Remove from heat. Add sugar.
13. Beat until smooth.
14. Stir in vanilla.
15. Spread on squares.
16. Garnish with pecan halves if desired.","https://img.sndimg.com/food/image/upload/w_555,h_416,c_fit,fl_progressive,q_95/v1/img/recipes/11/68/hwxvK9l0SsEnkCnA7hX3_IMG_6687.JPG"
1170.0,Taco Salad,"['head lettuce', 'green onions', 'tomatoes', 'cheese']","1. Mix lettuce, onions, tomatoes and cheese in a large bowl.
2. Refrigerate if not serving at once. Just before serving add beans, dressing and chips.
3. Serve at once. Enjoy !! Opal in Texas",
1171.0,Taco Seasoning,"['chili powder', 'paprika', 'cumin', 'onion powder', 'cayenne pepper']","1. Combine all ingredients in a jar with a tight fitting lid.
2. Mix well shaking.
3. Store in a cool dry place for up to 6 months.
4. Makes about 21 teaspoons (about 1/2 cup ). 7 teaspoons equal a 1.25 oz pkg. of purchased taco seasoning.","https://img.sndimg.com/food/image/upload/w_555,h_416,c_fit,fl_progressive,q_95/v1/img/recipes/11/71/ROmb3fHFRP2PqvZRVAoD_pumpkin-spice-blend-popcorn-2803.jpg"
1175.0,Beer Batter,"['beer', 'flour', 'seasoning salt', 'pepper', 'eggs']","1. Blend on high until smooth.
2. Dip fresh shrimp, mushrooms or veggies.
3. Put on flat pan and chill for one hour.
4. Deep fry.",
1181.0,Teriyaki Sauce,"['soy sauce', 'mirin', 'medium-dry sherry', 'cider vinegar', 'sugar']","1. In a small saucepan, add all the ingredients together and simmer, stirring until sugar is dissolved and reduced to about 1/2 cups.
2. Pour into a metal bowl set into a larger bowl of ice and cool to room temperature.",
1183.0,Texas Style Picante Sauce,"['garlic cloves', 'tomato paste', 'pepper', 'salt', 'fresh tomatoes', 'alum', 'cumin', 'sugar', 'vinegar', 'green pepper', 'onion']","1. Substitution: 1 1/2 Habanero instead of Jalapeno makes this warm but not too hot For Making Texas Style Picante Sauce: Combine jalapeno pepper, garlic, tomato paste, sugar, vinegar, alum and spices in blender or food processor.
2. Process until desired consistency.
3. Combine chopped vegetables in large sauce pan.
4. Bring to a boil, reduce heat and simmer for 45 minutes.
5. Pour into hot sterilized 1 pint jars leaving 1/2 inch headspace. Seal and process in boiling water bath for 15 minutes or pressure canner for 5 minutes at 10 pounds of pressure.","https://img.sndimg.com/food/image/upload/w_555,h_416,c_fit,fl_progressive,q_95/v1/img/recipes/11/83/picw6xsgF.jpg"
1184.0,Thai Beef Curry,"['coconut milk', 'thai red curry paste', 'beef sirloin steaks', 'nam pla', 'fresh basil', 'green onions', 'sugar']","1. Slice beef thinly.
2. In big pot, stir and cook coconut milk until it separates, about 5 minutes.
3. Stir in red curry paste; add sliced beef, cooking until done.
4. Add everything else and serve.",
1191.0,Three Sisters Vegetables,"['green beans', 'corn', 'water', 'butter', 'salt', 'pepper']","1. Peel, seed and cut squash into bite-sized cubes.
2. Trim beans; cut into 1 inch lengths.
3. Remove husks and silk from corn; cut off kernels.
4. In large heavy saucepan, combine water and squash; cover and bring to boil.
5. Reduce heat to low and simmer for 15 minutes or just until squash begins to soften, adding more water if necessary.
6. Add beans and cook for 5 to 8 minutes or until bright green but still tendercrisp.
7. Add corn, butter, salt, and pepper to taste, adding a little more water if necessary.
8. Cook, covered, for 3 to 5 minutes or until vegetables are tender and liquid has been absorbed.
9. Taste and adjust seasoning if necessary.",
1196.0,Toffee Cookies,"['light brown sugar', 'granulated sugar', 'vanilla', 'egg', 'butter', 'vegetable shortening', 'all-purpose flour', 'rolled oats', 'salt', 'baking soda']","1. Preheat oven to 375F.
2. Lightly grease 2 baking sheets Combine sugars, vanilla, egg, butter and shortening in a large mixing bowl; beat until fluffy.
3. In a separate bowl, combine flour, oats, salt and baking soda; add to sugar mixture, and blend completely.
4. Add toffee bits and chocolate chips to dough, and mix well.
5. Drop teaspoons of batter onto baking sheets, spacing dough about 1 inch apart. Bake until golden brown, about 8 minutes.
6. Cool on a wire rack.
7. Store in an airtight container in a cool place. Makes about 40 cookies.",
1201.0,Honey-Chocolate Oatmeal Cookies,"['flour', 'baking powder', 'baking soda', 'cinnamon', 'salt', 'vegetable shortening', 'butter', 'bittersweet chocolate', 'honey', 'eggs', 'rolled oats', 'coconut']","1. Preheat the oven to 325°.
2. Grease 2 cookie sheets.
3. Combine the flour, baking powder, baking soda, cinnamon and salt.
4. In a saucepan, melt the vegetable shortening (or butter) and chocolate. Add the honey and stir until smooth.
5. Remove from the heat and pour into a large mixing bowl.
6. In a separate bowl, beat the two eggs lightly.
7. Pour half of the beaten egg into the honey mixture. Blend well.
8. Repeat with the remaining half.
9. Gradually add the dry ingredients.
10. Blend well.
11. Stir in the oats and coconut. Drop the dough by spoonfuls 1 1/2-inches apart onto the prepared cookie sheets.
12. Bake for 18-20 minutes until lightly colored.
13. Transfer the cookies to wire racks to cool.",
1204.0,Honey Oat Hermits,"['rolled oats', 'cake flour', 'baking soda', 'salt', 'allspice', 'cinnamon', 'shortening', 'honey', 'eggs', 'raisins', 'maraschino cherries', 'lemon juice', 'lemon, rind of']","1. Cream together shortening and honey, beating until light. Add well beaten eggs and sour milk, chopped fruit and nuts, then lemon juice and rind.
2. Sift flour, baking soda, salt and spices, add rolled oats and blend well.
3. Add to the cookie mixture. Chill and then drop onto oiled cookie sheet by the spoonful.
4. Bake in a moderate oven until cooked.",
1207.0,Country Rice Pudding,"['milk', 'short-grain rice', 'sugar', 'nutmeg', 'lemon zest', 'salt', 'egg', 'bourbon', 'vanilla extract', 'sugar', 'cinnamon']","1. In a heavy saucepan combine the milk, rice, sugar, nutmeg, lemon zest and salt. Bring to a boil, stirring occasionally.
2. Reduce heat to low and simmer , uncovered, until rice is tender and mixture begins to thicken, about 20 - 25 minutes, skimming any foam that may come to the surface. Stir in the egg and cook 2 minutes longer.
3. Remove from heat and stir in bourbon and vanilla extract. Chill before serving.
4. Sprinkle with Cinnamon Sugar before serving.
5. CINNAMON SUGAR: Combine cinnamon and sugar and store in a tightly covered bowl.",
1209.0,Spinach Artichoke Dip,"['parmesan cheese', 'frozen chopped spinach', 'artichoke hearts', 'sour cream', 'cream cheese', 'mayonnaise', 'garlic']","1. Preheat oven to 375°F.
2. Mix together Parmesan cheese, spinach, and artichoke hearts.
3. Combine remaining ingredients and mix with spinach mixture.
4. Bake for 20-30 minutes.
5. Serve with crackers or toasted bread.","https://img.sndimg.com/food/image/upload/w_555,h_416,c_fit,fl_progressive,q_95/v1/img/recipes/12/09/Q1us4KDT27bPD0yngmgv_0S9A2706.jpg"
1217.0,Breakfast Pizza II,"['eggs', 'bacon', 'cheddar cheese']","1. Spread rolls onto a lightly greased 12 inch pizza pan; firmly pressing perforations to seal.
2. Combine eggs, bacon and cheese. Pour over crust. Bake at 375
3. ,
4. ,","https://img.sndimg.com/food/image/upload/w_555,h_416,c_fit,fl_progressive,q_95/v1/img/recipes/12/17/eReCDxvJRFukpSQfWmRw_The%20Food%20Gays%20-%20Breakfast%20Pizza.jpg"
1220.0,Creamy Apple Dip,"['apple', 'dates', 'crystallized ginger', 'cream cheese']","1. Blend the apple, dates and cream cheese together.
2. Serve with crackers or vegetable crudities.
3. Makes approx.
4. 1 cup.
5. Cheers, Doreen Doreen Randal, Wanganui.
6. New Zealand.",
1224.0,Unexpected Company Rice Pudding,"['minute rice', 'raisins', 'salt', 'nutmeg', 'instant vanilla pudding', 'water']","1. Bring 1 cup of water, rice, raisins, and salt to a boil.
2. Cover and let stand until cool.
3. Make pudding according to the directions on box.
4. After pudding is made and the rice mixture is cooled, fold and mix gently together.
5. Chill and serve.",
1229.0,Lollipops,"['sugar', 'cream of tartar', 'water']","1. Combine sugar and cream of tartar with water.
2. Stir until completely dissolved.
3. Boil mixture until it reaches 290°.
4. Add the amount of flavoring and the amount of coloring you wish.
5. Test by dropping a small amount of the candy into cold water.
6. If it forms immediately then it is ready.
7. Remove from heat and pour into greased molds.
8. When it is partially cooled, add wooden sticks to the center.
9. Let cool off completely.",
1232.0,Vegetarian Pad Thai,"['garlic', 'red bell pepper', 'tomatoes', 'snow peas', 'firm tofu', 'reduced sodium soy sauce', 'fresh lime juice', 'fresh cilantro', 'cashews', 'scallions', 'fresh bean sprouts']","1. In large pot, bring 3 quarts water to a boil.
2. add noodles, stir to prevent sticking.
3. cook until tender, about 4 minutes.
4. drain well and set aside. Meanwhile, in large wok or skillet, heat oil over medium-high heat. add garlic and bell pepper and stir-fry 3 minutes.
5. stir in tomatoes, snow peas and tofu and stir-fry until vegetables are just tender, about 4 minutes.
6. Add soy sauce and lime juice and bring to a simmer.
7. cook, stirring often, 2 to 3 minutes more. stir in cooked noodles and cilantro.
8. Divide noodle mixture among plates.
9. sprinkle with cashews, scallions, and bean sprouts and serve right away.",
1236.0,Bacon and Cheese Stuffed Chicken,"['boneless skinless chicken breast halves', 'bacon', 'sharp cheddar cheese', 'salt', 'pepper', 'paprika', 'olive oil', 'cornstarch', 'reduced-sodium chicken broth', 'parsley']","1. With a sharp knife, cut a pocket into the thickest side of each chicken breast. Stuff each half with 1/4 of the bacon and a piece of cheese. Seal with a toothpick.
2. Sprinkle chicken with salt, pepper and paprika.
3. Heat oil in large nonstick skillet over medium-high heat. Add chicken and cook 4 minutes per side, until browned.
4. Reduce hea t to medium-low; cover and cook 10 minutes until chicken is cooked through.
5. Remove from skillet and cover loosely with foil to keep warm.
6. Stir cornstarch into chicken broth with a fork until dissolved.
7. Add to skillet and bring to a boil, scrapping up browned bits on bottom of skillet. Cook 3 minutes, until sauce is thickened.
8. Add chopped parsley.
9. To serve, spoon over chicken.","https://img.sndimg.com/food/image/upload/w_555,h_416,c_fit,fl_progressive,q_95/v1/img/recipes/12/36/Qig63dA7TiKs9yHvTrWe_3757486C-0DDC-473C-AC8C-65ACBE685F3A.jpeg"
1242.0,Stewed Tomatoes,"['tomatoes', 'celery', 'bell pepper', 'accent seasoning', 'sugar', 'water']","1. Peel the tomatoes by soaking them in boiling water for one minute. Gently pull away the skin.
2. Place tomatoes in a large pot and add the remaining ingredients.
3. Cover and boil gently for 15 minutes, until tomatoes are tender.
4. Serve with croutons.
5. I like my stewed tomatoes with toast and butter.
6. Whenever I am sick, this is the dish I crave! The above recipe is from the book out of print cookbook \
7. by John and Glenna Uhler Enjoy!","https://img.sndimg.com/food/image/upload/w_555,h_416,c_fit,fl_progressive,q_95/v1/img/recipes/12/42/LLFiikCRTfmfkYbnHayK_147067083894396485634.jpg"
1243.0,Better Than Sex Cake,"['butter', 'all-purpose flour', 'sugar', 'cream cheese', 'confectioners', ',', ',', ',']","1. Preheat oven to 350 degrees.
2. In a bowl combine butter, flour and sugar and mix to a fine crumb consistency.
3. Press into a 9 inch springform pan and bake for 25 minutes.
4. Remove from oven and set side to cool.
5. In a large mixer bowl combine cream cheese, confectioner
6. ,
7. ,
8. ,",
1246.0,Romeri's Gnocchi & Sauce,"['flour', 'egg', 'salt', 'ricotta cheese', 'tomatoes', 'dry basil', 'garlic', 'olive oil']","1. mix all gnocchi ingredients in a food processor. Mix until a dough ball is formed.
2. Place on a floury cutting board and knead into a firm consistency.
3. Cut a small hunk off and hand roll out to a long thin strip.
4. Cut the strip into small bite size pieces and place on a tray covered with waxed paper and flour.
5. When the tray is full you can add another layer of waxed paper and flour and continue. (No more than 3 layers are recommended).
6. They can then be frozen right on the trays covered with foil or cooked right away.
7. Fresh or Frozen, place them in boiling salted water like any pasta. Cook until tender (by taste) - do not overcook.
8. To make the sauce, cook chopped garlic in olive oil.
9. Add tomatoes and basil. Cook until tomatoes are thick and sauce like. This needs to simmer only 30-45 minutes at the most.
10. Rinse pasta, cover with sauce and Parmesan cheese and enjoy.",
1249.0,Orange Baked Chicken,"['oranges', 'olive oil', 'boneless skinless chicken breasts', 'onion', 'worcestershire sauce', 'water', 'tomato paste']","1. Thinly pare the rind from 1 orange, and cut the rind into thin strips.
2. Grate the rind from the other orange, and squeeze the juice from both.
3. Heat the oil in a frying pan, add the chicken pieces and brown on both sides.
4. Remove from the pan and keep warm.
5. Add the onion to the fat remaining in the pan and gently fry for 5 minutes.
6. Drain off any fat, then add the Worcestershire sauce, water, tomato paste, orange rind (strips and grated) and juice. Bring to the boil and season lightly with salt and pepper.
7. Line a shallow ovenproof dish or roasting pan with foil, leaving enough on either side to over lap in the middle. Place the chicken on the foil, spoon over the orange sauce, then cover wit h the foil, securing the edges by folding together.
8. Bake at 180 C for 1 hour.
9. To serve, spoon the juices over the chicken.",
1253.0,Pesto,"['garlic', 'basil', 'parmesan cheese', 'olive oil']","1. Smash the garlic, the basil and the nuts with a pestle in a mortar until everything is as little as possible. Add the grated cheese, mix and add the oil.
2. Pesto can be prepared and stored in an hermetic tin.
3. Enjoy it! Karina.",
1259.0,Golden Peanut Bars,"['unsifted flour', 'light brown sugar', 'egg', 'butter', 'margarine', 'peanuts', 'peanut butter', 'vanilla extract']","1. Preheat oven to 350.
2. combine flour, sugar and beaten egg.
3. cut in butter until crumbly.
4. stir in peanuts.
5. Reserving 2 cups crumb mixture, press remaining mixture on bottom of 13x9\
6. ,
7. ,
8. ,
9. ,
10. ,
11. ,",
1266.0,Baked Ziti,"['ziti pasta', 'mozzarella cheese', 'cottage cheese', 'oregano']","1. Cook ziti for 10 minutes.
2. Drain.
3. Shred or cut Mozzarella into small cubes.
4. Mix well: ziti, 3/4 of the Mozzarella, cottage cheese, sauce and oregano.
5. Spread mixture into 2 greased 12 x 8 x 2-inch pans.
6. Sprinkle with remaining Mozzarella.
7. Bake in oven for 30 to 45 minutes or until casserole is bubbly around the edges and cheese melts.
8. Recipe is divided for 2 meals of 4 servings each.",
1267.0,Chinese Beef and Broccoli,"['soy sauce', 'dry sherry', 'cornstarch', 'frozen broccoli', 'garlic clove', 'fresh ginger', 'salt']","1. Slice the steak against the grain into very thin slices.
2. Combine the soy sauce, sherry, and cornstarch and pour this mixture over the steak.
3. Marinate the meat for 15 minutes.
4. While the meat is marinating, slice the broccoli at a diagonal and mince garlic and ginger.
5. Heat a wok or large frying pan for 30 seconds, add oil, wait about 20 seconds, and add minced garlic and ginger root. Fry over high heat, stirring constantly for about 20 seconds more, then add the beef.
6. Stir-fry, stirring constantly, for about 1 minute. Add broccoli and stir-fry for another 4 to 6 minutes, until the broccoli is cooked but still crisp and still dark green.
7. Serve hot. This is low in carbohydrates.","https://img.sndimg.com/food/image/upload/w_555,h_416,c_fit,fl_progressive,q_95/v1/img/recipes/12/67/hAhZn2uuS76AXrMwZhBt_IMG_4284%20(1"
1270.0,Buche de Noel,"['cake flour', 'baking powder', 'salt', 'eggs', 'sugar', 'brewed coffee', 'vanilla', 'butter', 'light corn syrup', 'heavy cream', 'instant coffee', 'powdered sugar']","1. Sift flour, cocoa, baking powder and salt together in a small bowl; set aside. In separate bowl beat eggs until thick and creamy.
2. Gradually add sugar, beating constantly until mixture is very thick.
3. Stir in coffee & vanilla.
4. Fold in flour mixture. Spread batter evenly in pan.
5. Bake at 375 degrees for 12 minutes.
6. Sprinkle kitchen towel with powdered sugar, invert cake onto towel, remove waxed paper and roll cake and towel jelly roll fashion.
7. Cool.
8. When cake has cooled unroll, spr ead with filling, reroll.
9. Beat cream until stiff.
10. Add instant coffee and powdered sugar.
11. Melt chocolate chips with coffee over hot, not boiling water.
12. Cool.
13. Beat butter in small bowl until light and fluffy.
14. Beat corn syrup and egg yolks into butter.
15. Stir in cooled chocolate mixture. SPECIAL NOTE: This is a very good recipe for a vertical layer cake. After the cake has cooled cut it into 3 3-1/2\
16. ,
17. high cake. Frost as usual.
18. This looks like a regular 2 layer cake until you cut into it.",
1275.0,Parsnip Pie,"['parsnip', 'butter']","1. Peel and cook parsnips (the amount required).
2. Strain and mash well with a little butter.
3. Place in a buttered pie dish and smooth down with a knife.
4. While hot spread a knob of butter over and sprinkle with dried breadcrumbs.
5. Put in a hot oven or under a grill until golden brown about 10 minutes,
6. Serve meat and other vegetables. (Freezes well).",
1293.0,Seven Layer Magic Bars,"['butter', 'margarine', 'graham cracker crumbs', 'sweetened condensed milk', 'chocolate chips', 'flaked coconut']","1. Preheat oven to 350 (325 for glass dish). In 13x9\
2. ,
3. ,
4. ,
5. ,
6. ,
7. ,
8. ,
9. ,
10. ,
11. ,
12. ,
13. ,","https://img.sndimg.com/food/image/upload/w_555,h_416,c_fit,fl_progressive,q_95/v1/img/recipes/12/93/hNSfw7TvRTVw4crZ6Fjy_IMG_9364.jpg"
1296.0,Peppered Fish in Herbed Butter,"['pepper', 'butter', 'lemon juice', 'parsley', 'thyme']","1. Sprinkle fish with pepper.
2. Combine butter, juice and herbs in a large shallow dish, cook on HIGH for 1 minutes.
3. Add the fish in a single layer, cover and cook on HIGH for 5 minutes or until fish is tender.",
1298.0,Beef Jerky,"['london broil beef', 'soy sauce', 'garlic']","1. Take a raw London broil, slice thin across the grain.
2. Place in a large glass bowl, and cover with soy sauce (I use the
3. kind)
4. ,
5. ,
6. ,
7. ,",
1303.0,Coconut Macaroon Cheesecake,"['coconut', 'pecans', 'butter', 'margarine', 'cream cheese', 'sugar', 'vanilla extract', 'eggs', 'vanilla extract', 'sugar', 'coconut']","1. In a small bowl combine 1 cup toasted coconut, ground pecans and butter.
2. Press onto bottom of 9\
3. ,
4. ,
5. ,
6. ,
7. ,
8. t be done). Meanwhile, in a small mixing bowl beat egg white and remaining vanilla with an electric mixer until soft peaks form (tips curl); gradually beat in the 1/3 cup sugar until stiff peaks form.
9. Fold in 2/3 cup toasted coconut. Carefully spread atop partially baked cheesecake. Return to oven and bake 20 min.
10. more. Cool on wire rack for 15 min.
11. Loosen side of cheesecake from pan.
12. Cool 30 min.
13. more; remove side of pan.
14. Cool completely.
15. Cover and chill at least 4 hours before serving.
16. To serve, garnish with strawberries and/or additional toasted coconut. - - - - - - - - - - - - - - - - - -",
1306.0,Chicken Fajitas,"['olive oil', 'lime juice', 'sugar', 'salt', 'cumin', 'red wine vinegar', 'onion', 'oregano', 'pepper', 'garlic cloves', 'red bell pepper', 'green bell pepper', 'yellow bell pepper', 'boneless skinless chicken breasts']","1. Combine all ingredients, except tortillas, in a large bowl, mix well and refrigerate overnight.
2. Drain mixture.
3. In a large skillet, over medium high heat, add 2 tablespoons olive oil and saute chicken mixture until chicken is no longer pink.
4. Serve in tortillas.",
1313.0,Apple and Ginger Dessert Pizza,"['dried yeast', 'sugar', 'water', 'flour', 'butter', 'egg', 'sultana', 'brandy', 'butter', 'ground ginger', 'water', 'maple syrup', 'green apple', 'red apple', 'butter']","1. To make the base:- Combine yeast, sugar and water in a small bowl.
2. Stand bowl covered with plastic wrap, in a small place for 10 minutes until the mixture is foamy.
3. Sift flour into a large bowl and make a well in centre. Add yeast mixture, butter and egg; mix with a knife to a soft dough.
4. Turn out onto a lightly floured surface; knead for 5 minutes until smooth and elastic.
5. Place in a oiled bowl, cover with plastic wrap; stand in a warm place for 1 hour or until doubled in size. To Make Topping:- Peel, core the apples and cut into slices.
6. Combine sultanas and brandy in a small bowl and set aside. Melt butter in pan, add ginger; stir to combine. Add water and maple syrup; cook over a low heat for 4 minutes until thickened slightly.
7. Cool.
8. Preheat oven to 210°C.
9. Brush a 30cm round pizza tray with melted butter.
10. Knead dough again for 1 minute, roll out to a 26cm round.
11. Place onto prepared tray tuck edges under to form a rim.
12. Drain sultanas, sprinkle over base. Arrange apple slice over the base, drizzle with syrup.
13. Brush rim of base with a little melted butter.
14. Bake for 25 minutes until crust is golden brown.
15. Serve warm with whipped cream.",
1315.0,Apple Brown Betty,"['unsalted butter', 'granny smith apples', 'granulated sugar', 'all-purpose flour']","1. Preheat oven to 400 degrees.
2. Cut apples into 1/4 inch slices and place in a bowl.
3. Combine with granulated sugar and flour.
4. Brush a 9 X 13 inch pan with some butter and sprinkle bottom with 1 cup of breadcrumbs.
5. Sprinkle 1/2 cup granulated sugar over breadcrumbs and top with half the apples.
6. Repeat layers with remaining ingredients.Drizzle top with remaining butter and sprinkle evenly with superfine sugar.
7. Bake on middle rack in oven until bubbling and browned, about 45 minutes.
8. Cool on a rack.
9. Cut into squares and serve warm or at room temperature. - - - - - - - - - - - - - - - - - -",
1317.0,Bisquick Apple Cinnamon Muffins,"['egg', 'bisquick baking mix', 'apple', 'sugar', '1% low-fat milk', 'canola oil', 'cinnamon']","1. Preheat oven to 400.
2. Spray with nonstick cooking spray bottom only of 12 medium size muffin cups.
3. Beat egg slightly, stir in remaining ingredients just till moistened.
4. Divide batter evenly among cups.
5. Bake until golden brown, 15 to 17 minutes.","https://img.sndimg.com/food/image/upload/w_555,h_416,c_fit,fl_progressive,q_95/v1/img/recipes/13/17/picnGtdNc.jpg"
1320.0,Apple Juice Marinade,"['soy sauce', 'honey', 'lemon juice', 'garlic powder', 'dry mustard', 'ginger']","1. Combine all ingredients.
2. Marinade meat all day or over night. Excellent for grilled pork chops.","https://img.sndimg.com/food/image/upload/w_555,h_416,c_fit,fl_progressive,q_95/v1/img/recipes/13/20/picGjRfDk.jpg"
1322.0,Vanilla Cake,"['shortening', 'sugar', 'eggs', 'flour', 'milk', 'baking powder', 'vanilla']","1. Cream shortening and sugar, add eggs and beat. Add flour, milk and baking powder.
2. Add vanilla and nuts.
3. Place in greased and floured pan.
4. Bake at 350 degrees until top of cake springs back when touched (about 30 minutes).",
1330.0,Better Than Sex Cake II,"['instant vanilla pudding', 'sour cream', 'water', 'eggs', 'chocolate chips', 'pecans', 'german chocolate bar']","1. Mix cake mix, pudding, sour cream, oil, water and eggs together.
2. Fold in chocolate chips and pecans.
3. Shave 1 German chocolate bar.
4. Stir into batter and mix well.
5. Bake at 350 degrees for 35 to 40 minutes in 9 x 13-inch pan, floured and greased.",
1355.0,Barley &amp; Mushroom Stuffed Green Bell Peppers,"['mushrooms', 'onion', 'pearl barley', 'parsley', 'thyme', 'pepper', 'monterey jack cheese', 'bell peppers']","1. Preheat oven to 350°F.
2. Heat the oil in a large skillet. Add mushrooms and onions and cook, stirring until the onions are browned.
3. Stir in the barley, parsley, thyme and pepper (ground). Stir in the cheese; set aside.
4. Rinse the bell peppers. Cut off the tops; remove and discard the seeds and pith.
5. If necessary, make a thin slice on the bottom of each pepper to balance. Spoon 1/4 of the mixture into each pepper.
6. Stand the peppers upright in a baking dish just large enough to accommodate them.
7. Pour the sauce into the baking dish.
8. Bake 30 minutes or until the peppers are tender.","https://img.sndimg.com/food/image/upload/w_555,h_416,c_fit,fl_progressive,q_95/v1/img/recipes/13/55/picLIBin5.jpg"
1356.0,Ground Beef Stuffed Green Bell Peppers With Cheese,"['green peppers', 'beef', 'onion', 'tomatoes', 'long grain rice', 'water', 'salt', 'worcestershire sauce', 'cheddar cheese']","1. Cut off the tops of green peppers; discard seeds and membranes.
2. Chop enough of the tops to make 1/4 cup, set aside.
3. Cook the whole green peppers, uncovered in boiling water for about 5 minutes; invert to drain well.
4. Sprinkle insides of the peppers lightly with salt.
5. In a skillet cook ground beef, onion and 1/4 cup chopped pepper till meat is browned and vegetables are tender.
6. Drain off excess fat. Add drained tomatoes, salt, Worcestershire, and a dash of pepper.
7. in a separate pot put water bring to boil add rice cook until rice is soft. if needed add more water.
8. add rice to beef mixture.
9. Stir in cheese. Stuff peppers with meat mixture. Place in a 10x6x2 baking dish.
10. Bake, covered in a 350 degree oven for 30 minutes. in the last 5 minutes add any remaining cheese to the top of the peppers.","https://img.sndimg.com/food/image/upload/w_555,h_416,c_fit,fl_progressive,q_95/v1/img/recipes/13/56/wK9gMwSDOh2IAcRcZ8Hw_DSC03106.jpg"
1367.0,Crisfield Crab Dabs,"['jumbo lump crab meat', 'dry sherry', 'chives', 'dry mustard', 'salt', 'bacon', 'mayonnaise']","1. Remove cartilage from crab meat. Combine all ingredients except bacon.
2. Mix thoroughly.
3. Chill for 30 minutes.
4. Portion crab mixture with a tablespoon.
5. Shape into small rolls.
6. Wrap bacon around crab rolls and secure with a toothpick.
7. Place crab rolls on a broiler pan.
8. Broil about 4 inches from source of heat for 8 to 10 minutes or until bacon is crisp.
9. Turn carefully.
10. Broil 4 to 5 minutes longer.
11. Makes 30 hors d",
1376.0,Peach Vinegar,['white wine vinegar'],"1. In a glass or stainless steel sauce pan heat white wine vinegar on the stove to where it is warm, but not boiling.
2. Stir in the peach cubes and cook 1 minutes.
3. Pour the warmed peach-vinegar mixture into a 1 quart glass jar and allow to cool to room temperature before capping with an acid-proof lid (about 15 minutes).
4. Store vinegar in a cool, dark place; Shake daily for 1 week.
5. After one week has passed strain peach vinegar through cheesecloth, rebottle and label.",
1379.0,Herbal Vinegar with Garlic & Basil,"['garlic', 'fresh basil', 'white wine vinegar']","1. In a glass or stainless steel sauce pan heat white wine vinegar on the stove to where it is warm, but not boiling.
2. Bruise basil and loosely fill clean glass jars with basil and halved garlic cloves.
3. Pour the warmed vinegar to fill each glass jar and cap with an acid-proof lid. Store in a cool, dark place 2 weeks, shaking occasionally.
4. After two weeks have passed strain through cheesecloth and rebottle.
5. Add a few fresh basil leaves to the bottle for identification purposes and visual appeal.","https://img.sndimg.com/food/image/upload/w_555,h_416,c_fit,fl_progressive,q_95/v1/img/recipes/13/79/pictfjK2A.jpg"
1380.0,Ginger Apple Vinegar,"['fresh ginger', 'apple cider vinegar', 'sugar']","1. In a glass or stainless steel sauce pan heat the apple cider vinegar with 1 tsp sugar on the stove to where it is warm, but not boiling.
2. Loosely fill a clean glass jar with ginger.
3. Pour the warmed apple cider vinegar over the ginger and cap tightly with an acid-proof lid; store in a cool, dark place 2 weeks, shaking occasionally.
4. After two weeks have passed strain through cheesecloth and rebottle.","https://img.sndimg.com/food/image/upload/w_555,h_416,c_fit,fl_progressive,q_95/v1/img/recipes/13/80/pic4ZvR7q.jpg"
1387.0,Perfectly Spiced Banana Bread,"['all-purpose flour', 'baking powder', 'baking soda', 'salt', 'ginger', 'allspice', 'nutmeg', 'lemon zest', 'butter', 'margarine', 'sugar', 'eggs', 'bananas']","1. Preheat oven to 350°F.
2. Grease 9 x 5 inch loaf pan.
3. Sift flour,baking powder, baking soda, salt, ginger, allspice and nutmeg together in bowl.
4. Add lemon zest and almonds.
5. Stir until combined.
6. Set aside. Beat butter in large mixing bowl until soft and creamy.
7. Beat in sugar until light and fluffy.
8. Add eggs and beat until thoroughly blended.
9. Beat in flour mixture alternately with bananas until mixture is well blended.
10. Pour into prepared pan.
11. Bake in center of oven 1 hour to 1 hour 5 minutes, or until toothpick inserted in center comes out clean.
12. Cool in pan on wire rack 10 minutes.
13. Invert from pan and cool completely on rack.
14. Variation: Banana-walnut or -pecan bread: Omit almonds.
15. Add 3/4 cup coarsely chopped walnuts or pecans with bananas.","https://img.sndimg.com/food/image/upload/w_555,h_416,c_fit,fl_progressive,q_95/v1/img/recipes/13/87/01480807071.jpeg"
1391.0,Michael Jordon's Macaroni & Cheese,"['elbow macaroni', 'butter', 'all-purpose flour', 'milk', 'onion', 'kosher salt', 'black pepper', 'worcestershire sauce', 'worcestershire sauce', 'dijon mustard', 'aged white cheddar cheese', 'gorgonzola', 'parmesan cheese']","1. Preheat oven to 400 degrees.
2. Cook macaroni according to package directions.
3. Drain, rinse with cold water and set aside. Blond roux: Melt 1 stick of butter in small saucepan.
4. Add 3/4 cup of flour.
5. Blend well.
6. Cook while stirring constantly, about 3-5 minutes, until flour and butter are well blended and start to dry slightly.
7. Reserve for cheese sauce. Cheese sauce: In a large sauce pan, bring milk to simmer over medium heat. Whisk in 1/2 cup of the roux.
8. Continue to whisk over heat until smooth and sauce begins to thicken, about 10 minutes.
9. Saute diced onion in oil over medium heat until soft. Add onion to roux.
10. Next add Worcestershire sauce, Dijon mustard, salt and pepper.
11. Whisk to incorporate all ingredients.
12. Begin to add cheddar cheese, gradually, in small amounts.
13. Whisk constantly to help dissolve. Add remaining cheddar, the Gorgonzola and 3/4 cup of Parmesan.
14. Whisk until smooth.
15. Mix cheese sauce with cooked macaroni.
16. Place in a large buttered oven-proof dish.
17. Top with bread crumbs and remaining 1 cup of Parmesan cheese. Bake for about 10 minutes or until hot. To brown, place under the broiler until top is evenly browned; watch carefully.
18. Note: The recipe says \
19. , however it seems more like twelve or more.",
1396.0,Cajun Turnovers,"['onion', 'green bell pepper', 'celery', 'i can', 's not butter fat free', 'mushroom', 'wild rice', 'water', 'worcestershire sauce', 'garlic powder', 'cayenne pepper', 'salt', 'egg']","1. For filling: Saute onion, bell pepper, celery, and mushrooms in butter until tender and mushrooms have released some liquid.
2. Add rice and water.
3. Stir.
4. Add Worcestershire sauce, hot sauce, garlic powder, cayenne, and salt. Mix well.
5. Bring to a boil, cover tightly, simmer for 10 minutes.
6. For dough: While rice is simmering, preheat oven to 3750.
7. Separate crescent rolls into rectangles.
8. Seal the seams in each rectangle by pressing the dough together.
9. Place rice mixture (turnovers are easier to shape if rice is chilled) in the center of each rectangle. Fold dough over and press with a fork to seal the edges.
10. Brush the tops of turnovers with beaten egg.
11. Place on lightly greased cookie sheet. Bake 12-13 minutes.",
1399.0,Mushroom Torte,"['phyllo pastry', 'mushrooms', 'garlic', 'basil', 'salt', 'shallot', 'fat free cream cheese', 'pepper']","1. Defrost phyllo.
2. Chop mushrooms in processor.
3. Saute mushrooms, shallots and garlic. Cook until juice evaporates.
4. Combine with the rest. Lay down a phyllo sheet in a pan.
5. Spray with cooking spray.
6. Repeat 5 more layers.
7. Spoon in mushroom mixture. Add the rest of the phyllo.
8. Bake 15 minutes at 400.",
1401.0,Tabbouleh,"['fresh parsley', 'of fresh mint', 'cucumbers', 'tomatoes', 'bulgur', 'onion', 'lemon juice', 'olive oil', 'salt', 'garlic']","1. Place parsley and mint in a food processor; process until finely minced.
2. Combine parsley mixture, cucumber, and remaining ingredients in a large bowl; toss well.
3. Cover and marinate in refrigerator at least 4 hours.",
1406.0,Char Siu Pork,"['salt', 'sugar', 'hoisin sauce', 'honey', 'soy sauce']","1. Pour food coloring over pork strips, one by one, rubbing color into pork.
2. Mix other ingredients and marinade pork in it for 1-2 days.
3. Broil for 1 1/2 hours on lower rack.",
1408.0,Haupia,"['cornstarch', 'sugar', 'salt', 'frozen coconut milk']","1. Combine cornstarch, sugar and salt.
2. Add 1/2 cup coconut milk and blend into a smooth paste.
3. Heat remaining milk and add cornstarch mixture.
4. Cook for 20 minutes, stirring frequently until thickened.
5. Pour into 8\
6. ,
7. ,",
1409.0,Kalbi,"['soy sauce', 'water', 'honey', 'sugar', 'sesame seeds', 'garlic', 'green onions']","1. Combine all sauce ingredients.
2. Dip each piece of meat in the sauce and layer in a flat dish or pan.
3. Pour more marinade on top.
4. Marinate 4 hours before grilling over coals or broiling.","https://img.sndimg.com/food/image/upload/w_555,h_416,c_fit,fl_progressive,q_95/v1/img/recipes/14/09/pic75vubS.jpg"
1411.0,Malassadas,"['milk', 'fresh yeast cake', 'sugar', 'water', 'salt', 'butter', 'eggs', 'flour', 'sugar']","1. Heat milk to lukewarm.
2. Moisten yeast in lukewarm water.
3. Add the yeast, salt, sugar and melted butter to the milk. Stir in part of the flour, beating well with a wooden spoon to prevent lumps.
4. Add beaten eggs and remaining flour to form a soft dough.
5. Cover the dough and set it in a warm place until it doubles in bulk.
6. Heat oil to 350-degrees.
7. Drop dough by the tablespoon into the hot oil and fry until evenly browned.
8. Drain on absorbent paper and roll in sugar.",
1414.0,Potato Pancakes,"['potatoes', 'eggs', 'salt']","1. Peel potatoes.
2. Grate potatoes into a bowl of cold water to prevent darkening.
3. Drain thoroughly but not dry.
4. Add beaten eggs and salt. Stir.
5. Add enough pancake mix to blend well and drop onto greased griddle.",
1415.0,Oatmeal Pancakes,"['oatmeal', 'buttermilk', 'eggs', 'flour', 'sugar', 'baking soda', 'salt']","1. Mix oats with buttermilk.
2. Add eggs and dry ingredients.
3. Fry on lightly greased griddle until edges are cooked and center bubbles.
4. Turn and brown.","https://img.sndimg.com/food/image/upload/w_555,h_416,c_fit,fl_progressive,q_95/v1/img/recipes/14/15/picXhs3j1.jpg"
1416.0,Butter Shortbreads,"['butter', 'icing sugar', 'flour', 'lemons, rind of']","1. Have butter at room temperature. Combine butter, sifted icing sugar, sifted flour and lemon juice, with and electric beater; beat on low speed to combine all the ingredients, increase speed to medium and beat for 10 minutes.
2. Spoon the mixture into a large piping bag fitted with a star shaped tube. Pipe small stars on lightly greased oven trays.
3. Cook in a moderate oven for 10 - 15 minutes or until golden.
4. Stand on tray for a few minutes.
5. Cool on a wire rack.",
1417.0,Melting Moments,"['butter', 'icing sugar', 'flour', 'cornflour', 'baking powder']","1. Cream butter and sugar and work in other ingredients.
2. Roll into small balls, place on greased trays, press down each biscuit with a fork (this mixture may be put through a biscuit forcer).
3. Bake about 20 minutes at 350°F.
4. Put together with your favourite icing.
5. Cheers, Doreen Doreen Randal, Wanganui.
6. New Zealand.",
1420.0,Amish Biscuits,"['all-purpose flour', 'baking soda', 'salt', 'baking powder', 'eggs', 'butter']","1. In a large bowl combine flour, baking soda, salt and baking powder.
2. In a separate bowl combine eggs, Amish Starter and oil.
3. Mix well.
4. Add starter to dry ingredients and mix until dough pulls away from sides of bowl.
5. Transfer to a lightly floured surface and roll until 1/2 inch thick.
6. Using a 3 inch circle cutter or floured glass cut out biscuits and place on a lightly grease cookie sheet. Brush top of biscuits with melted butter.
7. Cover and let rise 30 minutes.
8. Bake in a preheated 350 degree oven for 15 - 20 minutes.","https://img.sndimg.com/food/image/upload/w_555,h_416,c_fit,fl_progressive,q_95/v1/img/recipes/14/20/iymNsXVyTwCPO9i8NX6W_Amish"
1421.0,Amish Cornbread II,"['eggs', 'milk', 'sugar', 'all-purpose flour', 'cornmeal', 'baking soda', 'salt', 'baking powder']","1. Preheat oven to 425 degrees and grease a 9 inch baking pan.
2. In a large mixer bowl combine starter, eggs, milk, sugar, flour and cornmeal.
3. Beat at medium speed for 2 minutes.
4. Mix in oil, baking soda, salt and baking powder.
5. Transfer mixture to prepared baking pan and bake for 25 - 30 minutes.
6. Cool 10 minutes in pan, remove and cool completely on wire racks.
7. - - - - - - - - - - - - - - - - - - NOTES : *NOTE: You can use 2 cups of any of the following, or mix each until you have 2 cups; Grated Carrot Chopped Apple Raisins Walnuts",
1423.0,Mammy's Apple Crisp,"['apples', 'brown sugar', 'all-purpose flour', 'unsalted butter', 'walnuts']","1. Preheat oven to 375°F.
2. Arrange apple slices in an 8-inch square baking dish.
3. Combine flour, sugar and butter.
4. Mix with hands until small lumps form.
5. Add nuts and sprinkle over apples.
6. Bake for 40-45 minutes or until apples are tender and top is lightly browned.
7. Serve warm or room temperature. Teri","https://img.sndimg.com/food/image/upload/w_555,h_416,c_fit,fl_progressive,q_95/v1/img/recipes/14/23/picoPSmEe.jpg"
1428.0,Beef and Bean Burritos,"['onion', 'garlic cloves', 'beef', 'chili powder', 'cumin', 'tomato sauce', 'flour tortillas']","1. Saute onion in oil until tender.
2. Add beef and garlic and cook until beef is no longer pink.
3. Drain.
4. Add chili powder, cumin & other seasonings.
5. Stir in tomato sauce and simmer 5 minutes.
6. Add refried beans and cook and stir until well blended.
7. Set aside to cool completely.
8. Divide meat mixture into 12 portions.
9. Soften tortillas, according to package instructions, and place a portion of meat on each.
10. Roll up, burrito style.
11. Bake at 375 degrees for 15-20 minutes.
12. These may be frozen as follows.
13. Place seam side down on a cookie sheet and freeze until frozen.
14. Wrap each individually and return to freezer.","https://img.sndimg.com/food/image/upload/w_555,h_416,c_fit,fl_progressive,q_95/v1/img/recipes/14/28/picsUURdV.jpg"
1429.0,Almond Butter Cookies,"['flour', 'baking powder', 'butter', 'sugar', 'vanilla extract']","1. Preheat oven to 300°F.
2. Combine flour and baking powder; set aside.
3. In a large bowl, cream the butter and sugar until light and fluffy.
4. Beat in the egg yolks and the extracts.
5. Blend in the dry ingredients.
6. Break off walnut-sized pieces of dough and roll into balls.
7. Place 1 1/2\
8. ,
9. ,
10. ,",
1430.0,Old Fashioned Butter Cookies,"['unsalted butter', 'powdered sugar', 'egg', 'vanilla', 'flour', 'salt']","1. Combine butter, sugar, egg and vanilla in a large bowl with mixer on medium speed until smooth and fluffy, 4 minutes.
2. Stir together flour and salt in a small bowl.
3. Add to butter mixture and beat on low speed until combined.
4. To shape cookies: For cookie press, spoon dough into press.
5. Form desired shapes on ungreased cookie sheets.
6. For slice and bake cookies, refrigerate dough, wrapped, 45 minute.
7. Divide dough in half.
8. Shape each half on wax paper into 6\
9. ,
10. ,
11. thick; place on ungreased cookie sheets.
12. Bake at 400° for 7-9 minutes, depending on shape or until set and lightly browned around edges; tops should not brown.
13. Let stand on sheet 1 minute.
14. Transfer with metal spatula to wire rack to cool.",
1432.0,Marzia's Beef or Chicken Curry,"['turmeric', 'cumin', 'fennel powder', 'beef', 'chicken legs', 'tomatoes', 'yoghurt', 'tomato paste', 'ginger', 'garlic', 'salt', 'lemon juice', 'onion', 'pepper']","1. Heat oil in a medium pot. Add onion and brown.
2. Add chicken and cook until slightly browned.
3. Add remaining ingredients with 1/2 cup water if appears too dry.
4. Cover and simmer until chicken is tender.
5. Serve with rice, chapati or roti.
6. If beef is used, make sure to steam it in a pot with water for 1 hour or in a pressure cooker for 20 minutes.
7. Use stock instead of water.",
1436.0,Chili Sauce,"['tomatoes', 'onions', 'green peppers', 'sugar', 'cinnamon', 'allspice', 'clove', 'salt', 'white vinegar']","1. This will take a large kettle and you should use one that is fairly heavy so that the heat will be evenly conducted throughout with no hot spots.
2. Tomatoes have a terrible tendency to \
3. and burn and if that happens, your entire batch can be spoiled.
4. In the kettle combine all of the ingredients.
5. Bring to a boil over high heat and then immediately reduce the heat to low and simmer until the sauce is thick enough for your taste. This will take from 1 to 3 hours depending on how much juice the tomatoes contained.
6. Stir regularly and often while the sauce is cooking.
7. When the sauce is thick enough, pour the hot chili sauce into prepared bottles and process in a boiling water bath canner.
8. Chili sauce should be processed for 15 minutes.",
1437.0,Chocolate Caramel Oatmeal Bars,"['butter', 'evaporated milk']","1. Cut butter into cookie mix in bowl until crumbly.
2. Press into bottom of greased 9 x 13-inch pan, reserving 1 cup.
3. bake at 350 degrees for 12 minutes.
4. Sprinkle with chocolate chips.
5. Melt caramels in evaporated milk saucepan, stirring constantly.
6. Pour over chocolate chips.
7. Sprinkle reserved crumb mixture. bake for 15 minutes longer.
8. Cool completely, apprx. 1 hour.
9. These are generous sized servings.If you cut the squares smaller, you can get more servings.",
1438.0,Ultimate Chocolate Chip Bars,"['margarine', 'granulated sugar', 'brown sugar', 'eggs', 'vanilla extract', 'all-purpose flour', 'baking soda', 'salt', 'chocolate chips']","1. Mix margarine and sugars in a large bowl.
2. Add eggs and vanilla, mixing well.
3. Mix in flour, baking soda and salt.
4. Stir in chocolate chips and nuts.
5. Spread in a greased 9 x 13\
6. ,
7. ,","https://img.sndimg.com/food/image/upload/w_555,h_416,c_fit,fl_progressive,q_95/v1/img/recipes/14/38/pic3n3tRc.jpg"
1442.0,Pig in the Blankets,"['flour', 'margarine', 'baking powder', 'salt', 'milk', 'sausage']","1. Divide sausage, forming 30 to 36 \
2. .
3. (About half the length of a hot dog) Do not roll in hands, form carefully with finger tips or fork.
4. Sift together flour, baking powder and salt. Cut in margarine as for pie dough.
5. Mix in milk, form into smooth ball.
6. Roll dough to 1/4 inch thickness, cut into strips about 3 1/2 inches wide. Wrap \
7. loosely in dough, overlapping on the bottom.
8. Do not pinch ends shut. Prick top of each \
9. with a fork.
10. Place on ungreased cookie sheets, bake 15 minutes at 400 degrees, then 15 minutes at 350 degrees until brown.
11. May be frozen up to 4 months.",
1443.0,Hutspot,"['carrots', 'onions', 'potatoes', 'water']","1. First put potatoes in kettle.
2. Add ribs, carrots and onions; salt to taste.
3. Bring to slow boil, cover and cook for about 3 hours.
4. When done take out bones and mash.",
1445.0,Krakelingen (Butter Cookies in the Shape of 8),"['butter', 'flour', 'water', 'sugar']","1. Cut butter into flour.
2. Gradually stir in water forming a dough similar to pastry.
3. Cover and refrigerate overnight.
4. Preheat oven to 375°F
5. Cut dough in half.
6. Sprinkle countertop or board with sugar to prevent dough from sticking.
7. As you roll dough out into an oval, sprinkle sugar on top as needed to prevent from sticking to rolling pin.
8. With a table knife cut 1/2-3/4\
9. ,
10. ,","https://img.sndimg.com/food/image/upload/w_555,h_416,c_fit,fl_progressive,q_95/v1/img/recipes/14/45/TytjhcasTT6jU1a8hDwZ_Krakelingen.jpg"
1446.0,Red Onion and Black Olive Sauce,"['olive oil', 'red onions', 'sugar', 'black olives', 'butter', 'fresh parsley']","1. Heat the oil in a heavy based pan and stir in the onions to coat them with oil, then sprinkle with the sugar and cook for 5 minutes or until translucent. Add the vinegar and olives, season and simmer for a further 2 minutes.
2. Remove from he heat and stir in the butter.
3. Sprinkle with parsley, then check the seasoning and toss with hot pasta.
4. This sauce can also be served with cold pasta.","https://img.sndimg.com/food/image/upload/w_555,h_416,c_fit,fl_progressive,q_95/v1/img/recipes/14/46/picIaKqgS.jpg"
1447.0,Roasted Garlic Basil Sauce,"['garlic cloves', 'zucchini', 'basil leaves', 'parsley', 'water', 'lemon juice']","1. Preheat oven to 425°F.
2. Cut zucchini into 1/4-inch slices.
3. Wrap zucchini and garlic in foil on a baking sheet. Roast in middle of oven about 15 minutes.
4. Unwrap and cool.
5. Blanch basil and parsley 10 seconds and drain.
6. Drop in ice water.
7. Blend all.",
1448.0,Spicy Herb Sauce,"['olive oil', 'garlic', 'onion', 'fresh parsley', 'of fresh mint', 'cinnamon', 'lemon juice', 'fresh cilantro', 'pine nuts']","1. Heat the oil in a heavy based pan and fry the garlic and onion for 5 minutes or until golden.
2. Add the parsley, mint, cinnamon and lemon juice and mix together well.
3. Season, toss with hot pasta, and sprinkle with cilantro and pine nuts.
4. This sauce can also be served with cold pasta.",
1451.0,Sweet and Sour Pork Chops,"['butter', 'brown sugar', 'vinegar', 'allspice', 'cloves', 'salt', 'black pepper']","1. Brown the pork chops in the oil or butter and place in a single layer in a baking dish.
2. Combine the remaining ingredients in a bowl, mixing to combine, and pour over the pork chops.
3. Bake in a preheated 350 degree Fahrenheit oven for 45 minutes to 1 hour.",
1460.0,Strawberry Lemonade,"['water', 'fresh strawberries', 'sugar', 'lemon juice', 'lemon slice']","1. Place water, strawberries & sugar in a blender; cover & blend until smooth.
2. Stir in lemon juice.
3. Blend in soda; serve immediately, garnished with lemon if desired.","https://img.sndimg.com/food/image/upload/w_555,h_416,c_fit,fl_progressive,q_95/v1/img/recipes/14/60/piccKWBmq.jpg"
1465.0,Viv's Raisin Pie,"['raisins', 'water', 'brown sugar', 'cornstarch', 'cinnamon', 'salt', 'water', 'vinegar', 'butter']","1. Boil raisins, first amount water, and juice, for 5 minutes in a covered pot. Combine the following: brown sugar, cornstarch, cinnamon, orange rind, salt (dissolved in second amount of water). Add to cooked raisins.
2. Bring to boil, stirring.
3. Remove from heat. Add vinegar and butter.
4. Pour into unbaked pie shell.
5. Top with other pastry.
6. Bake in hot oven (425 F) for 25 min or until done. From: Vivian Hillier, Martensville SK.",
1475.0,Twice Baked Potatoes III,"['baking potatoes', 'butter', 'salt']","1. Bake potatoes until done.
2. Cut potatoes in half lengthwise; scoop out insides leaving a thin shell.
3. Mash potatoes with butter and salt. Gradually add soup and beat until light and fluffy.
4. Spoon into shells.
5. Bake in a 2 1/2 qt. shallow baking dish (9 x 13\",
1481.0,Fiesta Yellow Squash,"['margarine', 'fresh onion', 'green pepper', 'salt', 'pepper', 'thyme', 'lemon juice']","1. Melt butter in skillet; add onion and green pepper.
2. Cook until tender.
3. Add squash and seasonings.
4. Mix well.
5. Cook, covered, over moderately low heat for 10 to 15 minutes until crisp-tender.","https://img.sndimg.com/food/image/upload/w_555,h_416,c_fit,fl_progressive,q_95/v1/img/recipes/14/81/picb7JGYT.jpg"
1485.0,Yellow Squash Pie,"['eggs', 'granulated sugar']","1. Preheat oven to 350 degrees F.
2. Cook (steaming works well) enough yellow squash (crookneck, not butternut or such) to a nice soft consisitency, enough to equal 2 full cups cooked and drained, about 20 minutes.
3. In mixing bowl, combine squash, eggs and sugar; stir, but do not beat.
4. Add lemon extract.
5. Pour into a lightly buttered pie plate and bake approximately 40 minutes at 350 degrees or until pie is custard consistency. Let cool and chill in refrigerator.
6. Serve cold. Tastes like lemon custard.
7. Note: recipe originally had 1 cup sugar, which has been reduced to 3/4 cup (or even less, depending on your preferred taste).",
1505.0,Italian Salad Dressing Mix,"['dry parmesan cheese', 'garlic powder', 'onion powder', 'paprika', 'celery seed', 'sesame seeds']","1. Mix ingredients and store in an air-tight container.
2. Will keep for several months.
3. To use in an oil-and-vinegar dressing: Mix 1 Tbsp mix with 1/4 cup vinegar, 2 Tbsp water, and 2/3 cup oil (or a combination of oils to equal this amount) in a covered container.
4. Shake vigorously.
5. To use with mayonnaise or yogurt as a salad dressing: Mix 1 Tbsp mix with 1/4 cup mayonnaise and 1 Tbsp water in a covered container.
6. Shake vigorously.
7. To use with mayonnaise, yogurt or sour cream as a dip: Mix 1 Tbsp mix with 1/4 cup of spread.
8. (You can also add some Dijon mustard and other herbs to your preference.) Serve with raw vegetables.","https://img.sndimg.com/food/image/upload/w_555,h_416,c_fit,fl_progressive,q_95/v1/img/recipes/15/05/picenATkJ.jpg"
1506.0,Maple Salad Dressing,"['pure maple syrup', 'lemon juice', 'paprika', 'celery seed', 'salt', 'onion powder', 'mustard']","1. Combine all ingredients in a jar with tight-fitting lid; shake well.
2. Serve over salad greens.",
1507.0,Peppy Salad Dressing,"['sugar', 'dry mustard', 'pepper', 'water', 'vinegar', 'garlic']","1. Combine pectin, sugar, mustard and pepper.
2. Stir in water, vinegar and garlic. Cover and chill for 1 hour.
3. Chill to store two or three days.
4. Variations:
5. Herbed Salad Dressing: Prepare as above, except add 1/8 teaspoon dried basil, crushed and 1/8 teaspoon paprika to the dry pectin mixture. Continue as directed.
6. Parmesan Salad Dressing: Prepare as above, except add 1 tablespoon grated Parmesan cheese and 1/4 tsp. dried oregano, crushed to the dry pectin mixture. Continue as directed.
7. Creamy Onion Dressing: Prepare as above except increase the sugar to 1 tablespoon and stir in 1/4 cup sliced green onion and 1/4 cup plain Low-Fat yogurt with the water. Continue as directed.",
1508.0,Versatile Salad Dressing,"['sugar', 'all-purpose flour', 'salt', 'mustard', 'eggs', 'vinegar', 'water', 'mayonnaise']","1. In a saucepan, combine sugar, flour, salt and mustard; stir in eggs.
2. Gradually stir in vinegar and water until smooth.
3. Bring to a boil over medium heat, stirring constantly; cook and stir for 2 minutes.
4. Cover and refrigerate. Just before serving, combine desired amount of base with an equal amount of mayonnaise. Serve as a dressing for potato salad, coleslaw or salad greens.
5. Refrigerate leftovers.",
1516.0,Zucchini or Yellow Squash Patties and Dressing,"['zucchini', 'salt', 'sugar', 'egg', 'flour', 'onion', 'onion', 'green pepper', 'celery', 'butter', 'milk', 'salt', 'pepper']","1. Mix all non-dressing ingredients well and drop by teaspoon into hot oil.
2. Fry until golden brown.
3. YELLOW SQUASH DRESSING:
4. Saute onion, pepper and celery in butter until tender.
5. Add to cornbread and stir well.
6. Stir in remaining ingredients mixing well.
7. Pour into a greased 13 x 9 x 2-inch baking dish.
8. Bake at 400 degrees for 50 minutes or until lightly browned.",
1521.0,Yellow Squash Bake,"['sour cream', 'pepperidge farm stuffing', 'pimientos', 'onions', 'margarine']","1. Blend cream of chicken soup and sour cream together; set to the side.
2. Melt margarine; saute onions till translucent.
3. Stir in Pepperidge Farm stuffing and pimientos.
4. Alternate layers of soup mix, stuffing mix and squash, with the final layer being stuffing.
5. Bake 1 hour at 350°F.",
1522.0,"""Chicken","['boneless skinless chicken breast half', 'bacon', 'garlic cloves', 'red bell pepper', 'cumin', 'salt', 'green onion', 'monterey jack cheese', 'black beans', 'flour tortillas']","1. Julienne chicken.
2. Saute bacon until crisp, reserving 2 Tbsp drippings.
3. Saute chicken and garlic in drippings until chicken is opaque. Add 1/2 cup picante sauce, beans, red bell pepper, cumin and salt. Simmer 7-8 minutes, until thick.
4. Stir in green onions and crumbled bacon.
5. Top each tortilla with 1/4 cup chicken mixture and 1 Tbsp cheese. Roll up and place in baking dish.
6. Top with remaining 1 cup picante sauce. Bake at 350F for 15 minutes.
7. Top with remaining cheese and bake 3 minutes more. - - - - - - - - - - - - - - - - - -.","https://img.sndimg.com/food/image/upload/w_555,h_416,c_fit,fl_progressive,q_95/v1/img/recipes/15/22/picmcIroO.jpg"
1524.0,Chicken-Chile Enchiladas,"['chicken breast', 'onion', 'garlic', 'sour cream', 'cheddar cheese', 'corn tortillas']","1. Cook chicken; reserve broth.
2. Chop chicken.
3. Grate onion and garlic into sour cream.
4. Add a little stock to thin cream.
5. Soften tortillas in hot oil; drain on paper towels.
6. Wrap chicken and all but 1/2 cup cheese in tortillas.
7. Place enchiladas in large baking dish.
8. Mix green chilis into sour cream mixture and spread over enchiladas.
9. Refrigerate at least 8 hours.
10. Bake at 350F for 30-40 minutes.",
1525.0,Chicken Enchiladas De Jocoque,"['water', 'onion', 'celery', 'bay leaf', 'peppercorns', 'salt', 'sour cream', 'butter', 'corn tortillas', 'monterey jack cheese', 'black olives']","1. Combine chicken and water in pan; bring to boil over high heat; skim off foam.
2. Coarsely chop 1/2 the onion and all the celery; add onion, celery, bay leaf, peppercorns and salt to chicken; simmer, partially covered, 30 minutes.
3. Remove chicken and strain broth.
4. Reduce broth to 1/2 cup; season.
5. Stir in sour cream Set aside. Dice cooked chicken.
6. In skillet melt butter.
7. Add remaining onions; cook 5 minutes.
8. Stir in chilis.
9. Remove from heat. Add chicken and 1/2 cup sour cream mix.
10. Toss gently.
11. Soften tortillas.
12. Fill each with 1/4 meat mixture; place in heavily buttered baking dish.
13. Pour sour cream mixture over.
14. Top with a strip of cheese and some olives.
15. Bake at 375F for 20 minutes - - - - - - - - - - - - - - - - - -.",
1526.0,Enchiladas Pollo With Green Chilies Cream Sauce,"['chicken breast half', 'onion', 'bay leaf', 'peppercorns', 'parmesan cheese', 'monterey jack cheese', 'egg', 'corn tortillas']","1. Place breasts in Dutch oven.
2. Add water to cover, half of onion, bay leaf, peppercorns and salt to taste. Simmer- mer 45 min.; cool and drain.
3. Shred chicken; mix with 1/2 onion, Parmesan and 4 oz. jack.
4. Set aside. In blender, combine Ortegas, tomatillos cream and egg.
5. Blend till smooth.
6. Salt to taste; set aside. Preheat oven to 350.
7. Soften tortillas in oil.
8. Place 1/8 chicken mixture in each tortilla; roll and place in baking dish.
9. Pour chile-cream mix- mixture over enchiladas; sprinkle evenly with 4 oz. jack.
10. Bake 20 minutes at 350.
11. Top enchiladas with guacamole and serve. - - - - - - - - - - - - - - - - - -.",
1527.0,Enchiladas Pollo Verde,"['chicken breasts', 'onion', 'peppercorns', 'garlic', 'olive oil', 'corn tortillas', 'monterey jack cheese']","1. Place chicken in saucepan cover with water.
2. Add 1/4 of onion, salt to taste and peppercorns.
3. Simmer 45 minutes.
4. Cool chicken in broth.
5. Drain, reserving 1/4 cup broth.
6. Bone and shred chicken.
7. Wash husked tomatillos and place in medium sauce pan.
8. Add 1/2 inch water.
9. Bring to a boil, reduce heat, cover and simmer 10 mins. or until tender.
10. Drain and cool slightly.
11. Place cooked tomatillos, remaining onion and garlic in blender and puree.
12. Heat olive oil in medium saucepan.
13. Add tomatillo mixture, reserved broth and 1/2 tsp. salt.
14. Simmer covered 15 mins.
15. Soften tortillas in oil.
16. Place 1/6 chicken on each softened tortilla; add a spoonful of sauce. Fold tortilla over filling; top with cheese and more sauce.",
1528.0,Green Chicken Enchiladas,"['serrano chilies', 'garlic clove', 'chicken broth', 'corn tortillas', 'chicken', 'onion', 'sour cream', 'monterey jack cheese', 'queso fresco']","1. In a saucepan, barely cover tomatillos and chilis with water; simmer until tender.
2. Drain, reserving 1/4 cup cooking liquid.
3. Puree in blender together with reserved cooking liquid and garlic. Heat 1 Tbsp oil in saucepan; add sauce and stir 5 minutes.
4. Add broth and salt to taste; cook 5 minutes more. Soften tortillas in oil.
5. Dip tortillas into green sauce, top with evenly divided chicken, sour cream, and a little onion.
6. Roll up enchiladas and place in a 9 X 13 glass baking dish,
7. pour remaining sauce evenly over enchiladas and top with cheese.
8. Preheat oven to 325 to 350 degrees, bake till cheese is melted and enchiladas are heated through. Approximatley 40 minutes.",
1530.0,Pedernales River Chili Con Carne,"['beef', 'onion', 'garlic cloves', 'salt', 'dried oregano', 'cumin', 'water', 'tomatoes', 'hot red chili peppers', 'red chilies']","1. Melt the lard or bacon drippings in a large saute pan over medium heat. Add the meat to the pan.
2. Break up any lumps with a fork and cook, stirring occasionally until the meat is evenly browned.~ 2.
3. Add the onions and garlic and cook until the onions are translucent.~ 3.
4. Stir in the salt, oregano, cumin, water, and tomatoes.~ 4.
5. Gradually stir in the ground chili, testing until you achieve the degree of hotness and flavor the suits your palate. Bring to a boil, then lower heat and simmer, uncovered, for 1 hour.
6. Stir occasionally.~ - - - - - - - - - - - - - - - - - -.",
1533.0,True Texas Chili Con Carne,"['beef', 'onions', 'garlic cloves', 'tomatoes', 'beer', 'chili powder', 'jalapeno chiles', 'cumin', 'paprika', 'sugar', 'cayenne pepper', 'cheddar cheese', 'red onion', 'avocado']","1. Heat oil in 6-quart saucepan.
2. Add ground beef, onions and garlic and saute until meat is browned.
3. Stir in next 7 ingredients and bring to boil over medium-high heat. Reduce heat to medium-low and simmer, uncovered, about 45-55 minutes.
4. Taste and season with salt, pepper and cayenne pepper, if desired.
5. Ladle into bowls.
6. Garnish with cheese, onion and avocado, if desired.",
1534.0,Walter Mcilhenney's Chili Con Carne,"['lean beef chuck', 'onion', 'garlic cloves', 'chili powder', 'cumin', 'salt', 'tabasco sauce', 'water', 'green chilies', 'rice', 'onion', 'cheese', 'sour cream']","1. In a 5-quart Dutch oven or heavy saucepan, heat the oil over medium-high heat. In three batches, brown the beef well, removing each batch with a slotted spoon.
2. Set aside. Add the onion and garlic to the pot and cook for 5 minutes, or until tender, stirring frequently.
3. Stir in the chili powder, cumin, salt, and Tabasco sauce; cook for 1 minute. Add the water and chilies; bring to a boil.
4. Return the beef to the pot. Reduce the heat and simmer uncovered, 1 1/2 hours, or until the beef is tender.
5. Serve the chili over rice with onion, cheese and sour cream, if desired.",
1536.0,Chicken Fried Rice,"['egg', 'chicken', 'onion', 'water chestnut', 'bamboo shoot', 'celery', 'fresh bean sprout', 'mushroom', 'rice', 'soya sauce', 'salt', 'pepper']","1. Cut up and prepare all ingredients.
2. Reserve. Heat wok up with 1 tablespoon oil and fry egg into a thin sheet. Remove to plate and reserve. Add 2 tablespoons more oil to wok.
3. Heat until smoking.
4. Stir fry chicken and onion together until cooked.
5. (If leftover meat is used, just heat through.) Add bean sprouts, peas, celery.
6. Stir and cook 2 minutes with wok covered.
7. Uncover wok, add all the rest of the vegetables.
8. Stir fry and cook covered for 2 additional minutes.
9. Add cooked rice, season with salt, pepper, soya sauce. Reduce heat to medium.
10. Take your turner and break up clumps of rice as finely as possible. Make sure rice takes up soya sauce and does not remain white. Keep stir-frying until all rice is broken up and heated through.
11. Shut heat off.
12. Cut up sheet of egg into small pieces and stir into rice, or remove rice to serving platter and garnish with egg slivers",
1540.0,Vegetable Fried Rice,"['light soy sauce', 'rice wine', 'dry sherry', 'salt', 'garlic', 'eggs', 'carrot', 'red bell pepper', 'rice']","1. Combine the ingredients for the sauce in a small bowl.
2. Mix to blend well and set aside. Place a small skillet over medium heat. When it begins to smoke, add 2 tablespoons of peanut oil and the lightly beaten eggs.
3. Stir until the eggs are firm but moist. Transfer the eggs from the skillet to a small bowl and break them into small curds.
4. Set aside. Bring 1 quart of water to a boil in a small saucepan.
5. Add the carrot and boil 1 minute. Drain and rinse in cold water.
6. Drain again and reserve. Place a wok over medium-high heat. When it begins to smoke, add the remaining 1/4 cup of peanut oil and the garlic. Stir briefly.
7. Add the carrots, celery, red pepper, and peas.
8. Stir-fry 1 minute. Stir in the rice and stir-fry 1 minute. Pour in the sauce and cook until the rice is heated through, about 5 minutes, stirring frequently.
9. Serve hot.","https://img.sndimg.com/food/image/upload/w_555,h_416,c_fit,fl_progressive,q_95/v1/img/recipes/15/40/picPvKvho.jpg"
1541.0,Yang Chow Fried Rice,"['green onion', 'eggs', 'green peas', 'shrimp', 'rice', 'barbecued pork', 'ham', 'light soy sauce', 'dark soy sauce']","1. Swirl vegetable oil around bottom and sides of a heated wok.
2. Add onions and eggs, quick-fry, then add peas and shrimp and blend together.
3. Immediately add rice and press gently to sides and bottom to separate kernels.
4. Add pork or ham, salt, and soy sauces.
5. Mix together quickly and serve. Serves 4 people",
1542.0,Young Jewel Fried Rice (Yeung Chau Chow Faan),"['rice', 'shrimp', 'chicken', 'fresh bean sprouts', 'scallions', 'lettuce', 'eggs', 'pepper', 'soy sauce']","1. Mix together pepper, m.s.g. and soy sauce and set aside. Heat wok or frying pan hot and dry.
2. Add one half of the oil.
3. Turn heat to medium.
4. Add the eggs, and stir lightly so the whites and yolks are mixed slightly.
5. Remove from pan while still a little soft, and put aside. Turn up heat; add remainder of oil and add the meats, bean sprouts and scallions.
6. Stir fry for 2 minutes.
7. Add the hot rice. Pour soy sauce mixture and mix thoroughly.
8. Put back the scrambled eggs.
9. Turn off heat and add the lettuce. Stir and serve. Substitutions and Variations: The fresh bean sprouts may not be obtainable in your area.
10. You may leave them out of the recipe and increase the amount of shredded lettuce to 2 cups.
11. A small green pepper, halved and finely diced is also a good substitute for the bean sprouts, and will brighten the color.",
1543.0,Nectarine and Blueberry Tart,"['all-purpose flour', 'salt', 'sugar', 'butter', 'water', 'sugar', 'cornstarch', 'nectarines', 'blueberries']","1. To make tart, place flour, salt and sugar in processor and pulse several times.
2. Cut butter into tiny pieces and pulse until mixture looks like bread crumbs.
3. Add water and bring dough into ball.
4. Knead lightly and place in plastic and chill at least 20 minutes.
5. In large bowl whisk sugar with cornstarch and gentle toss in nectarines (and optional blueberries.
6. Sprinkle with lemon juice. Roll out dough on lightly floured board to about a 12-inch round.
7. Fold in half and then half again and place on ungreased baking sheet. Unfold.
8. Pour fruit and juice into pastry and mound in middle. Gently fold up edges around filling leaving 6-inch opening in middle. Pinch folds together and brush with water sprinkle on 1 Tbsp of sugar.
9. Bake in preheated 375°F oven 35-45 minutes until golden.
10. Note: You can easily substitute blackberries for blueberries in this recipe.","https://img.sndimg.com/food/image/upload/w_555,h_416,c_fit,fl_progressive,q_95/v1/img/recipes/15/43/pic7ohdR6.jpg"
1547.0,Campanile Rustic Fresh Peach Tart,"['cake flour', 'all-purpose flour', 'salt', 'sugar', 'butter', 'vanilla']","1. (Filling) 2 cups peeled, sliced peaches 3 Tbsp sugar 1 Tbsp corn starch 1/8 tsp ground cloves To make dough combine flours, sugar and salt in electric mixer with butter and mix with dough paddle at lowest speed until it resembles coarse cornmeal.
2. Combine ice water and vanilla and sprinkle over dough.
3. Mix on lowest speed with paddle until dough forms rough ball and pull totally away from sides.
4. This takes 3-4 minutes.
5. Place on well-floured board and gently knead until dough is smooth, 2-3 minutes.
6. Form into disk, wrap with plastic and refrigerate until very cold, at least 30 minutes.
7. Preheat oven to 375 degrees and half hour before dough is to be rolled out take out of refrigerator.
8. On well-floured board roll out in a circle to about 1/8 inch thick (or rectangle for 8 smaller tarts). Transfer to ungreased bake sheet. Combine peach filling ingredient until cornstarch is not visible and place in middle of dough.
9. Fold up dough and pinch joints.
10. Bake at 375 for 10 minutes then at 350 for another 35-40 minutes until crust is golden.
11. --Campanile and LA Times.",
1550.0,Beef with Green Peppers,"['beef', 'cornstarch', 'sherry wine', 'soy sauce', 'fresh ginger', 'ground ginger', 'shortening', 'bell peppers', 'salt', 'soy sauce', 'sugar']","1. Dredge beef with cornstarch, sherry, 1 Tbsp soy sauce and ginger.
2. Heat
3. oil and saute beef strips.
4. When beef changes color, remove to a plate and in remaining oil saute bell peppers for 1 minute; add salt. Combine beef, peppers, 1 Tbsp soy sauce & sugar.
5. Heat well.
6. Serve on rice. MRS R.W.",
1551.0,Ground Beef Stuffed Green Bell Peppers,"['green bell peppers', 'water', 'lean beef', 'onion', 'celery', 'tomato sauce', 'salt', 'worcestershire sauce', 'water']","1. Heat the oven to 350 degrees F.
2. Cut each bell pepper lengthwise in half.
3. Wash the insides and outsides of the peppers after removing the seeds and membranes.
4. Cook the peppers in the boiling salted water for 5 minutes then drain and set aside. Cook and stir the meat, onion and celery in a large skillet until the meat is brown.
5. Drain off the excess fat. Stir in half of the tomato sauce and the remaining ingredients, heat to boiling then reduce the heat and simmer, covered, for 5 minutes.
6. Place the peppers, cut sides up, in an ungreased baking pan 9 X 9 X 2 or 8 X 8 X 2-inches.
7. Spoon the meat filling into each of the pepper half evenly and then cover the pan with aluminum foil.
8. Bake for 25 minutes then uncover and top with the remaining tomato sauce and bake an additional 5 minutes.","https://img.sndimg.com/food/image/upload/w_555,h_416,c_fit,fl_progressive,q_95/v1/img/recipes/15/51/picaH7Uda.jpg"
1552.0,Marinated Green Peppers,"['green peppers', 'white wine vinegar', 'water', 'olive oil', 'bay leaf', 'salt', 'sugar', 'peppercorns', 'garlic cloves']","1. Wash peppers, cut in half, remove seeds and fibrous linings.
2. Dry the pepper halves and place them under high heat in the broiler.
3. Broil until the skins are brown.
4. Remove from fire and peel off burnt surface. Combine the vinegar, water, oil, bay leaf, salt, sugar, peppercorns and garlic in a jar.
5. Shake well to blend.
6. Put peppers in a jar.
7. Pour marinade over them.
8. Store in the refrigerator for at least 3 hours.
9. These are usually served as a pickle or relish.",
1553.0,Stuffed Green Bell Peppers II,"['green peppers', 'lean beef', 'quick-cooking white rice', 'salt', 'pepper', 'dried oregano leaves', 'garlic powder', 'milk', 'tomato juice', 'egg', 'tomato sauce with onion']","1. Cut green pepper in half lengthwise; remove core and seeds.
2. Place peppers, hollow-side-up, in a shallow, heat-resistant, non-metallic baking dish.
3. In a medium-sized bowl, crumble beef.
4. Add rice, salt, pepper, oregano, garlic powder, water, egg and 1/2 cup of tomato sauce. Mix until thoroughly combined.
5. Spoon mixture into pepper halves.
6. Spoon remaining tomato sauce over peppers.
7. Heat, covered loosely with wax paper, 14 minutes in Micro- wave Oven or until meat is cooked and peppers are as tender as desired.
8. Allow to stand 4 minutes, covered, before serving.",
1557.0,Baked Lemon Haddock,"['haddock fillets', 'butter', 'margarine', 'dried parsley flakes', 'lemon juice', 'garlic powder', 'cayenne pepper']","1. Cut fish into serving-size pieces.
2. Place in a greased 11x7x2\
3. ,
4. ,
5. ,
6. ,
7. ,",
1559.0,Lemon Garlic Roast Chicken,"['chicken', 'lemon', 'garlic', 'dried fine herb', 'lemon juice']","1. Season chicken with herbs, salt and pepper.
2. Place 1/2 of lemon slices and 2/3 of garlic in roasting pan.
3. Loosen chicken skin over breasts; push remaining lemon and garlic slices under the skin.
4. Place chicken over lemon and garlic in pan.
5. Sprinkle with lemon juice. Roast at 400 F for approximately 45 minutes per kg. or until juices run clear when chicken is pierced with a fork.","https://img.sndimg.com/food/image/upload/w_555,h_416,c_fit,fl_progressive,q_95/v1/img/recipes/15/59/picD4eVbs.jpg"
1560.0,Lemon Herb Butter,"['butter', 'fresh lemon juice', 'fresh parsley', 'fresh chives', 'tarragon', 'heavy cream']","1. Cream all ingredients together in order given.
2. Heap into a glass dish and chill.
3. - - - - - - - - - - - - - - - - - - Serving Ideas : Serve with grilled or broiled fish, or vegetables.",
1562.0,Lemon Marinade and Sauce for Poultry,"['brown sugar', 'cornstarch', 'lemon juice', 'water', 'soy sauce', 'green onion', 'garlic', 'margarine', 'lemon pepper']","1. Mix the cornstarch and brown sugar in a small saucepan.
2. Stir in the remaining ingredients except the onions.
3. Blend well and heat to boiling.
4. Add the onions and immediately turn heat down.
5. Stir constantly until sauce is thickened and bubbling.
6. Use this sauce to baste poultry during last few minutes of grilling.
7. You can also use this sauce as a marinade. Put sauce in a heavy plastic bag along with 2 to 3 pounds of chicken pieces and marinate for from 2 hours to overnight, turning bag to coat all sides of meat. Use the leftover sauce to brush on chicken while grilling.
8. This recipe doubles nicely.",
1563.0,Lemon Oil Drizzle,"['extra virgin olive oil', 'fresh lemon juice', 'kosher salt', 'cracked black pepper']","1. Add the lemon juice to the oil and mix.
2. Add the salt and pepper (herbs, capers, etc.) and drizzle over steamed vegetables.
3. Lemon Caper Sauce: 2 tsp.
4. fresh Italian parsley, finely chopped 2 tbsp.
5. capers 1/4 tsp.
6. crushed red pepper flakes Add capers, herbs, and pepper flakes.
7. Let flavors set up for 5 minutes before serving.
8. - - - - - - - - - - - - - - - - - - NOTES : This incredibly simple sauce transforms cooked vegetables.
9. The lemon brings out subtle flavors and the oil provides just enough sheen.
10. I add the salt, pepper, herbs or capers just before or as I put it on the vegetables.
11. Make a pint or so at a time and keep it in the refrigerator.
12. Microwave it for 10 seconds to liquefy the oil.",
1564.0,Linzer Bar,"['unsifted flour', 'sugar', 'brown sugar', 'baking powder', 'salt', 'cinnamon', 'butter', 'margarine', 'dark corn syrup', 'egg', 'flour']","1. In a large bowl stir together flour, sugar, brown sugar, baking powder, salt and cinnamon.
2. With a pastry blender or two knives use scissor style, cut in butter or margarine until coarse crumbs form.
3. With a fork stir in corn syrup and egg just until mixed.
4. Reserve 1/2 cup batter.
5. Press remaining batter into a 9x9x2-inch baking pan.
6. spread with jam.
7. Stir 2 tablespoons flour into the reserved batter.
8. If preparing a lattice add a couple tablespoons of water - one at a time - to make the dough easy to roll out. If you are dropping the dough by spoonfulls then just evenly scatter the top \
9. over the jam for a \
10. look and bake.
11. On a floured surface roll out to 1/4-inch thickness.
12. Cut into 1/4-inch wide strips.
13. Lattice strips over jam.
14. Bake in 375-degree oven 30 minutes, or until set. Cool.
15. Cut into bars. Serving size is really up to you - cut into as many bars as you want.","https://img.sndimg.com/food/image/upload/w_555,h_416,c_fit,fl_progressive,q_95/v1/img/recipes/15/64/pict7y6Af.jpg"
1565.0,No-Bake Fudge Nougats,"['sugar', 'butter', 'evaporated milk', 'flour', 'graham cracker crumbs', 'vanilla']","1. In a saucepan combine sugar, butter and milk.
2. Cook, stirring constantly, until mixture comes to a boil.
3. Boil, stirring occasionally, for 10 min.
4. Remove from heat. Blend in chocolate chips, flour, cracker crumbs, nuts and vanilla.
5. Beat until thick.
6. Spread in well greased 9\",
1566.0,Biscotti Di Anise,"['butter', 'sugar', 'eggs', 'anise seeds', 'vanilla', 'flour', 'baking powder']","1. In a large bowl place the butter and sugar, and cream them together.
2. One at a time add the eggs and beat them in.
3. Add the anise seeds and mix them in.
4. Add the vanilla and anisette and beat them in.
5. In a mixing bowl place the flour and baking powder, and mix them together.
6. Add the flour to butter mixture. Combine the ingredients together well.
7. Add the almonds and stir them in well.
8. Form the dough into a flat loaf.
9. Cover it and place it in the refrigerator overnight. Preheat the oven to 375xF.
10. Place the loaf on a cookie sheet and bake it for 20 minutes, or until it is firm.
11. Remove the loaf and let it cool.
12. Slice it diagonally into 3/4\
13. ,
14. ,
15. ,",
1574.0,Boerenkool (Kale with Potatoes and Meat),"['kale', 'potatoes', 'salt']","1. Strip the kale, wash, and boil for about 1 hour.
2. Drain, and mince very fine. Use a large pot; place potatoes in it and half cover with water.
3. Add kale, fat, and salt. Simmer.
4. cover and cook for 30 minutes, or until mixture is rather dry.
5. Serve with knackwurst on top of kale and potatoes.",
1576.0,Dutch Mayonnaise,"['white pepper', 'salt', 'mustard powder', 'canola oil', 'vinegar']","1. Beat the eggs in a mixing bowl.
2. Add the salt, pepper and mustard powder.
3. Using an electric mixer, beat the egg yolk mixture at a consistent speed.
4. Add a little oil and a little vinegar on an alternating basis.
5. If the oil separates from the mixture, add a touch of warm water.",
1577.0,"Erwtensoep (Green Pea, Pigs Feet &amp; Frankfurter Soup)","['green peas', 'water', 'bacon', 'leeks', 'onions', 'butter', 'parsley', 'celery', 'celery root', 'celeriac']","1. Cook peas in the water until tender.
2. When peas are tender press mixture through a sieve or whirl in blender.
3. To this, add pig
4. ,
5. ,
6. s feet, bone and cube meat, and add to soup.
7. Add bacon.
8. Clean and slice leaks and onions.
9. Melt butter and saute leeks and onions until tender but not brown.
10. Add to soup with parsley, celery, and celery root. Simmer, covered, for 1 hour.
11. Cut frankfurters into crosswise slices and add to soup.
12. Remove from heat the let stand overnight. Reheat the next day.
13. Add salt and pepper.
14. Stir well since standing will make it thicker, and add a little more water if necessary.
15. Remove bacon and cut into slices.
16. Serve bacon slices on pumpernickel with the soup which has been reheated until piping hot. Makes 6 generous servings, for this is served as the whole meal.
17. formatted by Pamela Creeden (Busty the Happy Cooker) - - - - - - - - - - - - - - - - - -.",
1578.0,Slavinken,"['salt', 'mace', 'pepper', 'nutmeg', 'bacon']","1. Mix the pork, salt, spices and bread crumbs well.
2. Form 4 cylinder-shaped rolls.
3. For each roll, place 2 slices of bacon parallel on the counter.
4. Roll the bacon slices around the meat roll, then fold a third slice of bacon lengthwise around the meat roll to cover the ends.
5. Fasten this slice with 2 toothpicks, 1 at each end.
6. Place the bacon rolls on a cookie sheet. Bake in a preheated oven at 350 degrees F.
7. for 1/2 hour.
8. Remove toothpicks and serve. - - - - - - - - - - - - - - - - - - NOTES : Slavinken are traditionally served with boiled potatoes and vegetables such as cauliflower, peas, spinach or endive and, of course, a Dutch-style salad.
9. MasterCook Formatted by Carol H.","https://img.sndimg.com/food/image/upload/w_555,h_416,c_fit,fl_progressive,q_95/v1/img/recipes/15/78/picilmBlT.jpg"
1580.0,Dutch Buttercake,"['flour', 'baking powder', 'sugar', 'unsalted butter', 'salt']","1. Grease a 1 1/2 X 8\
2. ,
3. ,
4. ,
5. ,
6. ,
7. ,
8. ,
9. ,
10. ,","https://img.sndimg.com/food/image/upload/w_555,h_416,c_fit,fl_progressive,q_95/v1/img/recipes/15/80/1580.jpg"
1581.0,Gehaktballen: Dutch meatballs,"['lean ground beef', 'egg', 'onion', 'salt', 'curry powder', 'mace', 'pepper', 'butter', 'water', 'ketjap manis']","1. Mix the meat with the egg, bread, onion, salt and spices and form 4-5 meatballs.
2. Chill for about 30 minutes.
3. Make into 4-6 meatballs.
4. Heat the butter and brown the meatballs for about 15 minutes, turning them a couple of times.
5. Reduce the heat to simmer and cook the meatballs for another 15 minutes, turning a few times.
6. Remove the meatballs, add the water or beef stock and bring to a high heat. Add a little ketjap manis or Maggi seasoning to the mixture and you will have a lovely gravy to serve with the meatballs.
7. NOTES : Some people coat the meatballs with breadcrumbs before frying.
8. We soak the bread in a bit of milk, and then press out the milk from the bread before adding to the ground beef.
9. We almost always use just the ground beef, and it is very good.
10. This is good served with homefries and lots of mayonnaise.","https://img.sndimg.com/food/image/upload/w_555,h_416,c_fit,fl_progressive,q_95/v1/img/recipes/15/81/mcsAgnZTguHkvT8GDmJg-CHIF.jpg"
1587.0,Cafe Diablo,"['water', 'dark brown sugar', 'baking chocolate', 'whole cloves', 'cinnamon stick', 'regular grind coffee', 'vanilla', 'brandy']","1. Heat water, brown sugar, chocolate, cloves, and cinnamon to boiling in 3-quart saucepan; reduce heat. Simmer, uncovered, for 15 minutes.
2. Stir in coffee. Remove from heat; cover and let stand 5 minutes.
3. Stir in vanilla.
4. Strain coffee through 4 thicknesses of cheesecloth.
5. Keep hot in saucepan after straining.
6. Heat brandy just until warm in small, long-handled saucepan.
7. Remove from heat; ignite. Pour flaming brandy over coffee. Allow flame to burn out; stir.
8. Pour coffee into cups or mugs.
9. Top each with whipped cream and 1 Tbsp liqueur.
10. Garnish with cinnamon stick, if desired.","https://img.sndimg.com/food/image/upload/w_555,h_416,c_fit,fl_progressive,q_95/v1/img/recipes/15/87/pic0bMKrl.jpg"
1590.0,Lemon Pepper Seasoning Mix,"['black pepper', 'dried thyme leaves']","1. Stir all the ingredients together and store in airtight jars.
2. Lemon pepper adds a piquant flavor when used on grilled meats.
3. Attach this to the Jar",
1591.0,Grilled Lemon Chicken,"['fresh lemon juice', 'extra virgin olive oil', 'lemon pepper seasoning mix', 'chicken cutlets']","1. Preheat the broiler or BBQ grill.
2. In a low, flat dish stir together the lemon juice, oil and Lemon Pepper Seasoning Mix.
3. Add the chicken breasts, and marinate in the refrigerator for 30 to 45 minutes.
4. Grill over hot coals or broil for 4 minutes on each side, or until done. Serve hot or at room temperature. - - - - - - - - - - - - - - - - - -","https://img.sndimg.com/food/image/upload/w_555,h_416,c_fit,fl_progressive,q_95/v1/img/recipes/15/91/picM4yih3.jpg"
1592.0,Lemon-Barbecued Chicken,"['chicken', 'olive oil', 'lemon juice', 'salt', 'paprika', 'onion powder', 'thyme', 'garlic powder']","1. Cut chicken into serving pieces and place in shallow dish or pan.
2. Combine all other ingredients and pour over chicken.
3. Cover dish with foil; refrigerate overnight. Remove to room temperature 1 hour before cooking.
4. Place chicken on hot grill 25 minutes; then turn and cook 25 minutes more. Brush often with marinade.",
1593.0,Lemon-Buttered Salmon,"['salmon fillet', 'butter', 'margarine', 'lemon juice', 'pepper', 'herb-seasoned salt', 'paprika']","1. Arrange fillets in shallow 1-1/2-quart oval micro-type casserole or glass pie plate. Dot with butter.
2. Sprinkle with remaining ingredients.
3. Cover with plastic wrap.
4. Use HIGH cycle and cook 10-12 minutes or until fish flakes easily and is opaque. Let stand 2 minutes before serving.
5. Cooking time: 10-12 minutes - - - - - - - - - - - - - - - - - -",
1594.0,Lemon-Dilly Chicken Saute,"['boneless skinless chicken breast halves', 'lemon pepper', 'dried dill weed', 'lemon juice', 'olive oil']","1. With meat mallet or similar flattening utensil, pound chicken breasts to 1/4 inch thickness.
2. In shallow dish, mix together bread crumbs, lemon pepper and dill.
3. In second dish, place lemon juice. Add chicken, one piece at a time, first to lemon juice, then to crumb mixture, turning to coat all sides.
4. In large nonstick skillet, heat oil over medium-high heat. Add chicken and cook, turning, about 10 minutes or until chicken is brown and fork-tender.",
1595.0,Lemon-Pineapple Baked Chicken,"['pineapple chunks in juice', 'garlic', 'cornstarch', 'worcestershire sauce', 'dijon mustard', 'dried rosemary', 'salt', 'lemon', 'chicken breast halves']","1. Drain pineapple; combine the juice with garlic, cornstarch, Worcestershire sauce, mustard and rosemary.
2. Set aside. Arrange chicken in shallow pan, skin side up.
3. Sprinkle with salt. Broil until browned.
4. Stir the sauce and pour over the chicken.
5. Bake at 350 degrees for about 25 minutes, depending on thickness of chicken.
6. Arrange pineapple and thin lemon slices around chicken, baste with the sauce in pan and continue baking 5 minutes longer.
7. - - - - - - - - - - - - - - - - - - Serving Ideas : Serve over rice.","https://img.sndimg.com/food/image/upload/w_555,h_416,c_fit,fl_progressive,q_95/v1/img/recipes/15/95/picLLVm4E.jpg"
1599.0,Pineapple Crumble Bars,"['all-purpose flour', 'butter', 'sugar', 'sugar', 'cornstarch', 'crushed pineapple', 'lemon juice']","1. Heat oven to 350 degrees.
2. In medium bowl combine all crust ingredients.
3. Beat at low speed until mixture is crumbly (2 to 3 minutes). Reserve 1 cup.
4. Press remaining crumb mixture on bottom of greased 13 x 9-inch baking pan.
5. Bake for 14 minutes.
6. Meanwhile, in 2 quart saucepan stir together sugar and cornstarch.
7. Add pineapple and lemon juice. Cook over medium heat, stirring constantly, until thickened (4 to 5 minutes). (Mixture will be very thick.) Spoon filling over baked crust; sprinkle with reserved crumbs.
8. Top with almonds.
9. Bake for 20 to 25 minutes.","https://img.sndimg.com/food/image/upload/w_555,h_416,c_fit,fl_progressive,q_95/v1/img/recipes/15/99/picdcbhDq.jpg"
1600.0,Blueberry Picnic Bars,"['oats', 'flour', 'light brown sugar', 'baking soda', 'salt', 'unsalted butter', 'margarine', 'blueberries', 'sugar', 'cornstarch', 'fresh lemon juice']","1. Oven to 350°.
2. Line an 8\
3. ,
4. ,
5. ,
6. ,
7. ,
8. ,
9. ,
10. ,
11. ,
12. ,
13. squares.","https://img.sndimg.com/food/image/upload/w_555,h_416,c_fit,fl_progressive,q_95/v1/img/recipes/16/00/picWD1vlY.jpg"
1602.0,Coconut Orange Squares,"['butter', 'margarine', 'sugar', 'egg', 'milk', 'coconut', 'flour', 'baking powder', 'salt']","1. Crem butter and sugar until light. Beat in egg, orange rind and milk.
2. ,
3. ,
4. ,
5. square pan lined with waxed paper (or use a nonstick pan). Bake in 350F oven about 25 minutes.
6. Cut into squares.
7. Can easily be doubled and baked in 13x9\","https://img.sndimg.com/food/image/upload/w_555,h_416,c_fit,fl_progressive,q_95/v1/img/recipes/16/02/picQpYvcu.jpg"
1605.0,Peanut Butter Bars,"['butter', 'regular margarine', 'brown sugar', 'sugar', 'egg', 'vanilla', 'peanut butter', 'unbleached flour', 'baking soda', 'salt', 'oats', 'chocolate chips', 'confectioners', ',', ',', ',', ',', ',']","1. Cream the butter, brown sugar, and sugar in a mixing bowl until light
2. and fluffy, using an electric mixer at medium speed.
3. Beat in the egg and vanilla.
4. Blend in the peanut butter.
5. Sift the flour, baking soda and salt together.
6. Stir the dry ingredients into the creamed mixture, blending well.
7. Stir in the oats.
8. Spread the mixture in a greased 13 X 9 X 2-inch baking pan.
9. Sprinkle with the chocolate chips.
10. Bake in a 350 degree F.
11. oven for 25 minutes or until done. Cool in the pan on a rack.
12. While still warm drizzle with the vanilla glaze. When cooled, cut into 48 (2 X 1 1/2-inch) bars.
13. VANILLA GLAZE: Combine all of the ingredients in a bowl and beat, with an electric mixer set to high speed, until smooth.","https://img.sndimg.com/food/image/upload/w_555,h_416,c_fit,fl_progressive,q_95/v1/img/recipes/16/05/picI6DHJo.jpg"
1612.0,Hershey's Chewy Peanut Bars,"['all-purpose flour', 'granulated sugar', 'light brown sugar', 'baking powder', 'salt', 'butter', 'margarine', 'eggs', 'sweetened condensed milk', 'coconut flakes']","1. Heat oven to 350°F and grease 13x9 baking pan.
2. In a large bowl stir together the flour, granulated sugar, cocoa, brown sugar, baking powder and salt.
3. Add butter; cut in with pastry blender or with hands until mixture is well blended, resembling coarse crumbs.
4. Add eggs; mix well.
5. Spoon mixture into prepared pan, pressing firmly onto bottom of pan.
6. Bake 8 to 10 minutes or until mixture is set. Remove from oven; sprinkle peanut butter chips on top.
7. Drizzle sweetened condensed milk evenly over chips; top with coconut. Return to oven; bake 20-25 minutes or until lightly browned on top.
8. Cool completely in pan on wire rack.
9. Cut into 24 bars.
10. Recipe may be reprinted courtesy of the Hershey Kitchens.","https://img.sndimg.com/food/image/upload/w_555,h_416,c_fit,fl_progressive,q_95/v1/img/recipes/16/12/picQ3lo8i.jpg"
1627.0,Easy Sweet Potato Pie,"['sweet potatoes', 'egg', 'salt', 'nutmeg', 'ginger', 'cinnamon']","1. Combine sweet potatoes, milk, egg, salt and spices.
2. Mix well.
3. Pour into pastry shell.
4. Bake in 375 degree oven for 50 to 55 minutes or until knife inserted near center comes out clean.
5. Cool.
6. Refrigerate at least 1 hour before cutting.",
1629.0,Hamburger Casserole,"['hamburger', 'bacon', 'rice', 'tomatoes', 'salt', 'peas', 'cheese']","1. Cook all meat until browned; drain fat.
2. Place remaining ingredients in alternate layers in a casserole and top with bread crumbs.
3. Drizzle with 2 teaspoons melted butter and bake 1 hour at 350°F.",
1630.0,Hamburger Casserole II,"['rice', 'onion', 'potatoes', 'hamburger', 'tomatoes']","1. Season hamburger with salt and pepper and spread in the bottom of an oven safe 2 quart casserole dish.
2. Spread uncooked rice over hamburger.
3. Add sliced onions, then sliced potatoes and season with salt and pepper.
4. Pour can of tomatoes over all.
5. Bake in 350F oven for 1 1/2 to 2 hours.",
1631.0,Blueberry Buckle Sheetcake,"['sugar', 'shortening', 'eggs', 'milk', 'flour', 'baking powder', 'salt', 'nutmeg', 'clove', 'blueberries', 'sugar', 'flour', 'cinnamon', 'butter']","1. In large mixing bowl, cream together sugar and shortening, then blend in eggs.
2. Stir in milk, then sift in baking powder, salt, nutmeg, and cloves. Stir batter til smooth.
3. Fold in blueberries. (I usually use frozen blueber ries, and add them into the batter frozen. If you thaw then add, you
4. ,
5. x 13\
6. ,
7. ,
8. ,",
1633.0,Mc Donald's Pancakes,"['egg', 'sugar', 'biscuit mix']","1. Put all ingredients into a blender.
2. Blend on high speed a few seconds until smooth.
3. Let stand 10 minutes before using 1/4 cup batter for each pancake on hot, oiled griddle, browning each side. Makes 8 to 10 pancakes.","https://img.sndimg.com/food/image/upload/w_555,h_416,c_fit,fl_progressive,q_95/v1/img/recipes/16/33/LzEQlatfRfCIw1RgK40c_mcdonalds%20pancakes%20SITE-3.jpg"
1635.0,Crab Corn Pudding,"['milk', 'yellow cornmeal', 'sugar', 'salt', 'cayenne pepper', 'eggs', 'unsalted butter', 'baking powder', 'fresh corn kernels']","1. In a large deep saucepan bring the milk to a boil over medium-high heat. Stir in the yellow corn meal, sugar, salt, and cayenne pepper.
2. Let the mixture return to a boil, then reduce heat to a simmer.
3. Stir often and continue to simmer for 5 to 6 minutes.
4. Remove from heat and let cool for 10 minutes.
5. In a large bowl, whisk together the eggs, melted butter, and baking powder.
6. Stir in the corn kernels.
7. Add the milk-corn meal mixture and stir to combine. Gently fold in crab to avoid breaking up lumps.
8. Pour the mixture into a well-buttered 2 1/2 quart souffle dish, casserole, or any other straight-sided baking dish.
9. Bake on the center rack of a preheated 350-degree oven for 45 minutes to 1 hour, or until the pudding is lightly puffed, lightly browned, and a knife or straw inserted in the center comes out clean.
10. Serve immediately.",
1636.0,Easy Asian Chicken Soup,"['lime', 'chicken broth', 'unsweetened coconut milk', 'ginger', 'fish sauce', 'chinese chili sauce', 'boneless skinless chicken breast', 'green onions', 'basil', 'mint']","1. Remove peel from lime in wide strips.
2. Add peel, plus juice from lime, chicken broth, coconut milk, ginger, fish sauce and chili sauce to a large saucepan.
3. Cover, bring to a simmer and cook for 15 minutes.
4. Strain soup into another pot, discarding any solids.
5. Bring soup back to a simmer, then add chicken and green onions.
6. Cook 3 to 5 minutes or until chicken is cooked through.
7. Garnish with coriander, basil or mint leaves if desired.",
1638.0,Crunchy Cookie Cupcakes,"['eggs', 'butter', 'icing sugar', 'milk']","1. Preheat oven to 350xF.
2. Stir in cookies.
3. Bake according to package directions.
4. Bake according to directions for cupcakes (start checking the cupcakes about 10 minutes before the time indicated on package). Meanwhile, prepare icing by melting chocolate and butter together.
5. When chocolate mixture is cooled, gradually beat in icing consistency.
6. Spread icing over tops of cooled cupcakes.",
1649.0,Gorditas,"['beef', 'onion', 'salt', 'pepper', 'chili powder', 'masa harina', 'baking powder', 'salt', 'water', 'bacon', 'lettuce', 'tomatoes', 'cheese']","1. Fry beef and onion together.
2. Season with salt, pepper, garlic salt and chile powder.
3. While meat is cooking, mix with hands all ingredients for shells.
4. Pinch off small portion of dough and roll into 2-inch ball.
5. With quick patting motion, flatten out to 1/2 inch thickness and about 3 inches in diameter.
6. Fry in hot grease until golden brown, turning once. Drain.
7. Make a slit through the middle; open slightly like a taco shell and stuff with meat mixture, lettuce, tomatoes and cheese.",
1659.0,Japanese Cabbage Salad with Chicken,"['sesame seeds', 'head of cabbage', 'green onions with tops', 'chicken breast', 'vinegar', 'sugar', 'salt', 'pepper']","1. Toast sesame seed and almonds in oven until light brown.
2. Combine with remaining ingredients.
3. Dressing:
4. Mix all ingredients together and pour over salad mixture; toss lightly.
5. Chill overnight. This recipe doubles easily, ham or turkey can be substituted for chicken.",
1660.0,Japanese Cabbage Salad,"['chicken breast', 'sesame seeds', 'head of cabbage', 'green onions', 'sugar', 'salt', 'accent seasoning', 'black pepper', 'rice vinegar']","1. Mix together dressing ingredients.
2. Saute sesame seed, almonds and noodles in 2 tablespoons oil until brown.
3. Drain.
4. Mix together the rest of ingredients.
5. Add dressing and let stand overnight.",
1662.0,Diabetic Carrot-Raisin Salad,"['carrots', 'unsweetened pineapple', 'raisins', 'plain low-fat yogurt']","1. Combine carrots, pineapple and raisins; mix well.
2. Chill for 2 to 3 hours.
3. Stir in yogurt and serve on lettuce leaf, if desired.
4. Serving may be exchanged for 1 fruit and 1 vegetable.","https://img.sndimg.com/food/image/upload/w_555,h_416,c_fit,fl_progressive,q_95/v1/img/recipes/16/62/picSxaxHK.jpg"
1684.0,Shepherd's Pie,"['onion', 'carrot', 'lean beef', 'mixed herbs', 'cornflour', 'potatoes', 'butter']","1. Heat the oil n a large frypan and add the onion and carrot. Cook for 3 minutes or until onion and carrot are softened.
2. Add the meat and cook for 3 minutes.
3. Stir in the herbs, seasoning, and most of the stock.
4. Blend the cornflour with a little cold water, stir in the remaining stock then add to the pan.
5. Bring to a boil, stirring until thickened.
6. Transfer the mixture to a warmed pie dish.
7. Mash the potatoes with half the butter and season well.
8. Cover the meat well with the mashed potatoes and mark furrows with a fork.
9. Dot small pieces of the remaining butter over the top and bake in an oven, preheated to 400 for about 15 minutes or until the top is brown",
1693.0,Meatballs in BBQ Sauce,"['quick-cooking oatmeal', 'evaporated milk', 'onion', 'salt', 'eggs', 'pepper', 'chili powder', 'garlic powder', 'catsup', 'brown sugar', 'liquid smoke', 'garlic powder', 'onion']","1. Lightly mix ground beef, oats, evaporated milk, 1 cup onion, eggs, chili powder, salt, pepper and garlic powder.
2. Shape into 1-1/2 inch balls and place in single layer in two 9x13 baking dishes.
3. Combine catsup, brown sugar, liquid smoke and garlic powder.
4. Stir in 1/2 cup of onion.
5. Pour over meatballs.
6. Bake at 350°F for 1 hour.
7. These are wonderful and freeze very well.",
1696.0,Pecan Blondies With Browned Butter Frosting,"['sugar', 'brown sugar', 'butter', 'vanilla', 'eggs', 'flour', 'baking powder', 'salt', 'pecans', 'butter', 'powdered sugar', 'vanilla', 'milk', 'pecan halves']","1. Bars: Heat oven to 350 degrees.
2. Grease a 13x9\
3. ,
4. ,
5. ,
6. ,
7. ,
8. ,
9. ,
10. ,
11. ,
12. ,
13. ,
14. ,",
1699.0,Pecan Supremes,"['flour', 'baking soda', 'salt', 'quick-cooking oats', 'dark brown sugar', 'sugar', 'butter', 'eggs', 'vanilla extract', 'pecans']","1. Preheat oven to 300 degrees.
2. In a med. bowl combine flour, baking soda, salt and oats.
3. Mix well and set aside. In a large bowl blend sugars with an electric mixer at med. speed.
4. Add butter and mix to form a grainy paste. Add eggs and vanilla.
5. Beat at med. speed until light and fluffy.
6. Add flour mixture, pecans and chocolate chips and blend at low speed just until combined.
7. Do not overmix.
8. Drop dough by rounded tablespoons onto ungreased cookie sheets, 1 1/2\
9. ,",
1705.0,Pumpkin Butter,"['pumpkin', 'sugar', 'honey', 'cinnamon', 'allspice', 'salt']","1. Split pumpkin in half.
2. Discard seed.
3. Bake in 400 degrees oven for about 1 hour.
4. Remove peel and discard.
5. Puree pulp through food mill or in a blender or processor.
6. Pour puree into pot and bring to a boil over medium heat. Stirring frequently, boil until thickened, about 10 to 20 minutes.
7. When puree will mound slightly on spoon, measure. Use no more than 4 cups of puree. Stir in remaining ingredients.
8. Simmer uncovered until thick enough to spread; should pass the plate test. (Place a spoonful on chilled plate and place in freezer for 1 minute, there should be no watery ring around the mound.
9. Draw your finger through the middle, it should retain its shape and not become liquid. Once you have reached this state, you are done. Refrigerate or use as desired.",
1708.0,Carrot Marmalade,"['carrots', 'orange', 'lemon', 'water', 'sugar']","1. Cook 2 cups ground carrots with juice of 1 orange and 1 lemon; grate both rinds.
2. Add 3/4 cup water and 4 cups sugar, simmer slowly 30 minutes.
3. Pour in jelly glasses and seal.",
1712.0,Acorn Magic Delights,"['butter', 'margarine', 'brown sugar', 'pecans', 'all-purpose flour', 'baking powder', 'vanilla extract']","1. Melt the butter or margarine over low heat. In a large bowl, beat together butter, brown sugar, 3/4 cup chopped pecans, and vanilla until well blended.
2. Add flour and baking powder and mix well.
3. Shape dough into 1-inch balls.
4. Slightly flatten by pressing balls onto ungreased cookie sheets; pinch tops to point to resemble acorns.
5. Bake for 10 to 12 minutes at 375 degrees F ( 190 degrees C). Remove from oven and cool on wire racks.
6. In top of a double boiler melt chocolate chips, stirring until smooth.
7. Remove from heat; keep chocolate warm over water in the double boiler.
8. Dip large ends of cooled cookies into melted chocolate, then roll in remaining 3/4 cup chopped pecans.
9. Cool to set chocolate.","https://img.sndimg.com/food/image/upload/w_555,h_416,c_fit,fl_progressive,q_95/v1/img/recipes/17/12/pic0QxN8A.jpg"
1713.0,Butter Pecan Cookies II,"['butter', 'margarine', 'brown sugar', 'egg', 'all-purpose flour', 'salt', 'pecan halves']","1. In a large bowl, cream butter, brown sugar; add egg and mix until well blended.
2. Slowly add flour and salt and mix well.
3. Cover and refrigerate for at least one hour.
4. Preheat oven to 375°F.
5. Roll 1-inch pieces of dough into balls and place 2-inches apart on cookie sheets.
6. Flatten balls with the bottom of a glass dipped in flour.
7. Press a pecan into top of dough.
8. Bake 10 to 12 minutes until lightly colored.",
1716.0,Coconut Bread,"['all-purpose flour', 'baking powder', 'baking soda', 'salt', 'sugar', 'eggs', 'vanilla', 'buttermilk', 'coconut', 'walnuts']","1. Combine flour, bak ing powder, soda, and salt. Set aside. In a large bowl, combine sugar, oil, eggs, and vanilla.
2. Add dry ingredients alternately with buttermilk.
3. Stir just until moistened.
4. Fold in coconuts and walnuts.
5. Pour into three PAM sprayed small loaf pans.
6. Bake in preheated 300 degree oven on lowest rack for about 30-35 minutes or until toothpick comes out clean.",
1717.0,Coconut Bread II,"['flour', 'baking powder', 'baking soda', 'salt', 'sugar', 'eggs', 'buttermilk', 'coconut', 'walnuts']","1. Combine flour, baking powder, baking soda and salt; set aside. In a large bowl combine sugar, oil, eggs and coconut extract. Add dry ingredients alternately with buttermilk; stir just until moistened.
2. Fold in coconut and nuts.
3. Pour into two greased and floured 8 1/2 x 4 1/2 x 2 1/2 inch loaf pans.
4. Bake at 325~F. for 1 hour or until breads test done.
5. Cool 10 minutes in pans before removing to a wire rack to cool completely.",
1719.0,Peppered Cheddar Muffine,"['all-purpose flour', 'sugar', 'baking powder', 'salt', 'pepper', 'sharp cheddar cheese', 'milk', 'egg']","1. Stir together first 6 ingredients in a large bowl; make a well in center of mixture. Stir together milk, egg, and vegetable oil until blended.
2. Add to dry ingredients, stirring just until moistened.
3. Spoon batter into greased muffin pans, filling 2/3 full.
4. Bake at 400 F.
5. for 18 - 20 min.
6. or until tops are golden brown.
7. Cool muffins in pans 2 min.; remove from pans, and serve. Yield: 1 doz.",
1721.0,Lemon Crumb Bars,"['butter', 'margarine', 'egg', 'sweetened condensed milk', 'lemon juice']","1. Preheat oven to 350°F.
2. In large bowl, heat cake mix, margarine and 1 egg with mixer until crumbly.
3. Stir in saltine crumbs.
4. Reserving 2 cups of crumb mixture, press remaining crumbs into bottom of greased 13x9 baking pan.
5. Bake 20 minutes.
6. With mixer or wire whisk, beat 3 egg yolks, sweetened condensed milk and lemon juice. Spread over prepared crust. Top with reserved crumb mixture. Bake 25 minutes or until set. Cool.
7. Cut into bars. Store covered in refrigerator.","https://img.sndimg.com/food/image/upload/w_555,h_416,c_fit,fl_progressive,q_95/v1/img/recipes/17/21/picbMraz2.jpg"
1722.0,Baked Cucumbers,"['cucumbers', 'butter', 'fresh pepper', 'salt']","1. Place 1 layer of cucumbers on a baking dish.
2. Dab the cucumbers with the butter.
3. Add some water to barely cover the cucumbers.
4. Mix all seasonings into a small dish.
5. Add 1/2 of the seasonings to the first layer.
6. Next, make a second layer--repeating w/ the butter and seasonings.
7. Bake uncovered in a 400° oven for 1 hour.
8. During the first 30 minutes, rotate the bottom layer to the top and put the second layer to the bottom and finish off for the second 30 minute increment.",
1725.0,Date Loaf Candies,"['sugar', 'dates', 'walnuts', 'milk', 'butter', 'vanilla']","1. In a medium sauce pan, mix sugar, dates, butter and milk.
2. Cook for 10 - 15 minutes.
3. Remove from heat and add walnuts, and vanilla.
4. Beat until it thickens.
5. Pour onto a cleaned dish towel (NOT TERRY CLOTH). Make sure the towel is wet but not soaking wet--little over damp. Roll it lengthwise and put into fridge until it has completely cooled.
6. Unroll the wrap and slice.","https://img.sndimg.com/food/image/upload/w_555,h_416,c_fit,fl_progressive,q_95/v1/img/recipes/17/25/1725.jpg"
1731.0,Steak and Kidney Pie,"['onions', 'flour', 'salt', 'black pepper', 'worcestershire sauce', 'bay leaf', 'milk']","1. Trim the beef to remove all the fat. Skin and remove the core from the kidneys and chop into small pieces.
2. Brown the beef and kidneys in hot oil.
3. Add the onions and cook 5 minutes.
4. Stir in the flour and add the stock gradually.
5. Season with salt and pepper.
6. Add sauce and bay leaf.
7. Transfer to a saucepan, cover and simmer 1 1/2 hours until b eef is tender.
8. Transfer to the pie dish.
9. Top steak and kidney with the pastry.
10. Cut a design deeply into the pastry to allow the steam to escape. Brush with egg yolk and milk glaze. Bake at 180 C for 35 minutes until the beef is hot and the pastry is golden brown.",
1746.0,Rosy Applesauce,"['apples', 'sugar', 'vanilla extract', 'cinnamon', 'cinnamon stick']","1. Cut unpeeled but cored apples into chunks, place in large sauce pan.
2. Add 1/2 inch of water.
3. Stir in sugar, vanilla and cinnamon.
4. Heat to boiling, reduce to low and simmer, covered, until apples soften (about 30 min.) Press through a fine sieve or the fine disc of a food mill.
5. Taste and adjust seasoning.
6. Refrigerate.","https://img.sndimg.com/food/image/upload/w_555,h_416,c_fit,fl_progressive,q_95/v1/img/recipes/17/46/picFWqOQC.jpg"
1750.0,Hainanese Chicken Rice,"['chicken', 'water', 'ginger', 'salt', 'garlic cloves', 'celery', 'salt', 'red chilies', 'garlic cloves', 'ginger', 'sugar', 'vinegar', 'fish sauce', 'salt']","1. Pound ginger and rub all over chicken.
2. Boil water, add chicken and boil for 15 minutes, cover pot tightly and turn heat off and let it cook slowly for 1 hour.
3. Turn on flame again, when it start to boil take out chicken and rinse it under cold water, then set aside Wash rice and drai n.
4. Heat oil and fry garlic and celery for 2 minutes.
5. Add rice and stir until rice is covered with oil.
6. Pour in broth and reduce heat to cook.
7. Mix all the sauce ingredients together to make sauce.",
1753.0,Almond Chicken,"['chicken breasts', 'cornstarch', 'salt', 'light soy sauce', 'cornstarch', 'chinese wine', 'sherry wine', 'water']","1. Marinate chicken for 20 minutes, drain and set aside.
2. Mix chopped almonds with corn starch.
3. Beat egg white and dip in chicken.
4. Preheat oil to 350F in a deep fryer or large saucepan.
5. Roll chicken pieces in cornstarch mixture and deep fry until golden brown.","https://img.sndimg.com/food/image/upload/w_555,h_416,c_fit,fl_progressive,q_95/v1/img/recipes/17/53/picnHTdB3.jpg"
1760.0,Chao Ga (Arroz Caldo),"['chicken', 'garlic', 'onion', 'ginger', 'rice', 'water', 'fish sauce', 'green onions']","1. Heat oil and fried garlic, remove set aside. Add onion and ginger and fry for 1 minute. Add chicken and fry until chicken is golden brown.
2. Return 1/2 of fried garlic to pot and all ingredients except green onions and simmer for 45 minutes.
3. Serve garnished with fried garlic and green onions.
4. Vietnamese Style: 2 lbs. chicken, breasts and legs only 1 onion, cut in half 1 tsp. grated ginger 1 tsp. salt 2 1/2 cups rice, roasted 1/2 cup rau ram or coriander, chopped 4 green onions, chopped 6 pieces of dau chao quay, sliced 6 cups of water (more if necessary) Pepper, fish sauce to taste Fresh sprouts G rounded fresh red chilies Toast the rice and set aside. Boil the chicken with water, salt and ginger. When well done remove chicken and pour roasted rice into the pot and simmer for 50 to 60 minutes. Remove bone from chicken and shred the meat. To serve, put green onions, chopped rau ram or coriander and sprouts in bottom of the bowl and pour hot soup over so that the onions and herb are half cooked. Eat with sliced dau chao quay and add fish sauce, pepper or red chilies to taste.",
1770.0,Chicken with Mushrooms,"['chicken breasts', 'olive oil', 'onion', 'garlic', 'button mushrooms', 'sherry wine', 'lemon juice']","1. Divide the chicken breasts into two natural fillets. Place each between two sheets of plastic wrap and flatten to a thickness of 1/4 inch with a rolling pin.
2. Cut into 1 inch diagonal strips.
3. Heat the 2 tablespoons of the oil in a large frying pan and cook the onion and crushed garlic slowly until tender.
4. Add the mushrooms and cook them for another 5 minutes; remove and keep warm.
5. Increase the heat and add the reamining oil and fry the chicken very quickly, in small batches, for 3 to 4 minutes, until lightly colored.
6. Season each batch with a little salt and freshly ground black pepper.
7. Remove and keep warm on a plate while frying the rest of the chicken.
8. Add the sherry and lemon juice to the pan and quickly return the chicken, onions, garlic and mushrooms, stirring to coat.
9. Stir in the cream and bring to a boil.
10. Adjust the seasonings to taste.
11. Serve and enjoy.",
1771.0,Chicken Fritada,"['chicken', 'garlic', 'onion', 'tomatoes', 'salt', 'pepper', 'water', 'new potato', 'green pepper']","1. Heat oil and fry garlic and onion.
2. Add chicken and fry until brown.
3. Add tomatoes, salt, pepper and water.
4. Simmer for 20 minutes.
5. Add potatoes and simmer for 10 minutes, then add red and green peppers and finish cooking.",
1773.0,Chicken in Tomato Gravy,"['chicken', 'tomato sauce', 'red italian tomatoes', 'green chilies', 'salt', 'sugar', 'lime juice', 'onion', 'red chilies', 'pepper']","1. Blend spices until fine. Heat oil and fry chicken until brown.
2. Remove chicken and fry spices for 2 minutes.
3. Add tomato sauce, tomatoes, chilies, salt, sugar and lime juice and stir for 3 minutes.
4. Add chicken, coconut juice and simmer for 20 minutes or until liquid is reduced to a thick gravy.",
1778.0,Chicken Chasseur,"['olive oil', 'chicken thighs', 'leek', 'onion', 'dry white wine', 'whole tomatoes', 'garlic cloves', 'mushrooms', 'fresh thyme', 'fresh rosemary', 'flour', 'salt', 'black pepper']","1. Heat oil , add chicken and brown for 5 minutes.
2. Take chicken out of pan then add leek and onion and saute for 1 minute. Add the flour and cook for 30 seconds.
3. Then add wine and tomatoes.
4. Bring the mixture to a boil then stir in garlic, mushrooms, thyme, rosemary, salt and pepper. Return chicken to the pan, reduce heat to low and cook for 30 minutes.
5. When chicken is tender, sprinkle the tarragon on top and mix it in .","https://img.sndimg.com/food/image/upload/w_555,h_416,c_fit,fl_progressive,q_95/v1/img/recipes/17/78/picHjXGaO.jpg"
1780.0,Buttermilk Cornbread,"['yellow cornmeal', 'all-purpose flour', 'baking powder', 'baking soda', 'salt', 'buttermilk', 'egg']","1. Preheat oven to 450°F.
2. Heat oil in an 8\
3. ,
4. ,
5. ,
6. ,","https://img.sndimg.com/food/image/upload/w_555,h_416,c_fit,fl_progressive,q_95/v1/img/recipes/17/80/R5CnOpECQsCYgDRpWJlf_corn%20biscuits.JPG"
1797.0,Braised Duck with Onion,"['duck', 'salt', 'black soy sauce', 'brandy', 'garlic', 'onions', 'water', 'cornstarch']","1. Rub duck with salt, soy sauce, brandy and garlic and marinate for 30 minutes.
2. Heat oil and fry sliced onions until soft but not brown, remove. Add duck and brown all over.
3. Put back onion, add water, cover and simmer for 1 hour, add marinade and simmer for 20 minutes more or until duck is tender.
4. Dissolve cornstarch with a little water and add to gravy.
5. Boil until gravy thickens and serve duck whole with gravy in sauce boat.",
1799.0,Caramel Topped Pecan Cheesecake,"['graham cracker crumbs', 'butter', 'sugar', 'cream cheese', 'brown sugar', 'eggs', 'vanilla extract', 'flour', 'pecans', 'brown sugar', 'heavy cream', 'butter']","1. Preheat oven to 375F.
2. For the crust, place the cracker crumbs,
3. butter and sugar in a small bowl, and toss with a fork.
4. Press mixture over the bottom of a 9\
5. ,
6. ,
7. ,
8. ,
9. ,
10. ,
11. ,
12. ,
13. ,
14. ,
15. ,
16. ,
17. ,
18. ,
19. ,
20. ,
21. ,
22. ,",
1807.0,Kung Pao Chicken,"['skinless chicken breasts', 'sherry wine', 'cornstarch', 'water', 'soy sauce', 'cornstarch', 'sugar', 'gingerroot', 'garlic', 'green onion', 'peanuts', 'rice']","1. Rinse chicken and pat dry.
2. Cut into 3/4 inch pieces.
3. In a medium bowl, stir together chicken, sherry and 1 teaspoon cornstarch.
4. Let stand for 15 minutes.
5. For sauce, in a small bowl, stir together water, soy sauce, 4 teaspoons cornstarch, sugar, vinegar and hot pepper sauce. Set aside. Pour cooking oil into a wok or large skillet and heat over medium-high heat. Stir-fry garlic and ginger root for 15 seconds.
6. Add chicken mixture; stir fry for 3 to 4 minutes or until meat is no longer pink inside. Push chicken from center of wok.
7. Stir sauce and add to center of wok.
8. Cook and stir until thick and bubbly.
9. Add green onions and peanuts and stir to coat with sauce. Cook and stir 1 to 2 minutes more or until heated through.
10. Serve over hot rice.",
1809.0,Zucchini Quiche,"['zucchini', 'onion', 'sharp cheddar cheese', 'swiss cheese', 'eggs', 'half-and-half', 'flour', 'salt', 'black pepper']","1. Saute onion in butter until golden.
2. Mix cheese with zucchini and onion.
3. Add the remaining ingredients, Mix well.
4. Pour into a 9-inch greased pie plate. (No crust needed!)
5. Bake at 350 degrees for about 30-35 minutes or until center is set.
6. Serve with a salad for a light meal.","https://img.sndimg.com/food/image/upload/w_555,h_416,c_fit,fl_progressive,q_95/v1/img/recipes/18/09/picmL6iSA.jpg"
1823.0,Bacon Biscuits,"['bacon', 'butter', 'cheddar cheese', 'flour', 'salt', 'cheese']","1. Remove rind from bacon, fry until golden on both sides, chop finely.
2. Beat butter until creamy, add egg yolk, mix well.
3. Add grated cheese, mix well.
4. Add sifted flour and salt, mix to a firm dough; wrap in plastic wrap and refrigerate 30 minutes.
5. Roll dough out on a lightly floured surface to 1/8 inch thick.
6. Cut into rounds with a 1 1/2 inch fluted cutter.
7. Put rounds on greased oven trays, sprinkle with bacon and extra cheese. Bake in moderate oven 10 - 12 minutes or until golden.
8. Allow to cool on a wire rack.","https://img.sndimg.com/food/image/upload/w_555,h_416,c_fit,fl_progressive,q_95/v1/img/recipes/18/23/picxgIXGB.jpg"
1824.0,Egg Kichelach,"['eggs', 'vanilla', 'sugar', 'flour']","1. Beat eggs well.
2. Add oil slowly, a little at a time, while still beating.
3. Add vanilla and sugar.
4. Add half the flour and beat about 3-4 minutes.
5. Add remaining flour and combine well.
6. Drop by the teaspoon on greased cookie sheet. Bake 7 minutes at 400 degrees, t hen reduce to 375 degrees for 5 minutes.
7. Turn off oven and leave kichel in oven for 18 minutes.",
1825.0,Sugar Kichelach,"['eggs', 'salt', 'flour']","1. Beat eggs, stir in salt and oil.
2. Add flour gradually, mixing constantly, until dough is smooth.
3. Turn onto a floured board.
4. Roll 1/8\
5. ,
6. squares.
7. Dip one side of square in oil, then sugar.
8. Bake sugar-side up on ungreased baking sheet at 400 F for 6 - 8 minutes.
9. Some cookies may brown more quickly than others, so remove as ready.",
1826.0,Egg Kichelach,"['eggs', 'sugar', 'flour', 'salt']","1. Beat eggs until light and fluffy.
2. Then beat in remaining ingredients, until very smooth .
3. Drop from a teaspoon onto a greased baking sheet about 3-inches apart. Sprinkle with sugar, if desired.
4. Bake at 325 F for 15 to 20 minutes.",
1827.0,Poppy Seed Kichelach,"['eggs', 'sugar', 'flour', 'salt', 'poppy seeds']","1. Beat the eggs until light, then beat in the oil, sugar, flour and salt. Beat until very smooth.
2. Stir in the poppy seeds, if you like. Drop by the teaspoon onto a greased baking sheet, leaving about 3 inches between each.
3. (They spread and puff in baking). Bake in a 325 degree oven 15 minutes or until browned on the edges.
4. Mohn Kichlach 2 1/4 oz poppy seeds 1/2 cup oil 2 onions, diced 2 tsp. salt (I think I add more) 1/2 tsp. pepper 6 cups flour 1 tsp. baking powder 2 glasses water
5. Oven at 350 degrees Mix all ingredients.
6. Roll out flat (thinner will be crisp, thicker will be doughier, slightly chewier)..
7. Score into squares.
8. Put on a greased cookie sheet. Bake 15 minutes or until slightly brown.
9. Break into pieces.",
1832.0,Chinese Kung Pao Chicken,"['boneless skinless chicken breast', 'cornstarch', 'white pepper', 'soy sauce', 'green pepper', 'onion', 'celery', 'sliced water chestnuts', 'soy sauce', 'dry sherry', 'sugar', 'hoisin sauce', 'oyster sauce', 'roasted unsalted peanuts']","1. Cut chicken into bite size pieces.
2. Combine egg white, corn starch, pepper and soy sauce in a glass bowl.
3. Add chicken pieces mixing to coat well.
4. Cover and refrigerate 30 minutes.
5. Vegetables: Set aside prepared vegetables.
6. Sauce: Mix all sauce ingredients in a glass bowl and set aside. ) In a wok or large frying pan, stir fry the red peppers in the 1 Tbsp peanut oil over med.-high heat until the peppers are almost golden brown.
7. Add chicken mixture and stir-fry until the chicken is almost cooked through-add the vegetables and stir-fry a couple of minutes.
8. Add the sauce mixture and heat for a minute or so.
9. Serve over rice and sprinkle peanuts over each serving.","https://img.sndimg.com/food/image/upload/w_555,h_416,c_fit,fl_progressive,q_95/v1/img/recipes/18/32/piclUJZ9i.jpg"
1835.0,Caprese,"['tomatoes', 'mozzarella cheese', 'basil', 'salt', 'pepper', 'olive oil', 'vinegar', 'red wine']","1. Slice tomatoes in thick slices, salt and pepper.
2. Slice cheese also in similarly thick slices.
3. Arrange tomatoes and cheese on a platter, alternating and overlapping slightly.
4. Sprinkle over all with oil, then vinegar and chopped basil.
5. Let mature at room temperature for a few minutes to an hour before eating as an appetizer.","https://img.sndimg.com/food/image/upload/w_555,h_416,c_fit,fl_progressive,q_95/v1/img/recipes/18/35/picoka6Oz.jpg"
1841.0,Mushroom Alfredo,"['milk', 'parmesan cheese', 'garlic', 'parsley', 'linguine', 'fettuccine']","1. In saucepan, combine soup, milk, red pepper, cheese, garlic and parsley.
2. Bring to boil at medium heat, stirring often.
3. reduce heat and simmer for 5 mins.
4. Pour sauce over noodles and sprinkle with pepper and additional cheese if desired.
5. Notes: This is a quick-to-fix meal (takes longer to cook the fettuccine than the sauce), that will become a favourite. I usually increase the garlic to 2 plus cloves (the larger the better - but I am a garlic freak !).",
1842.0,Pork Frittata with Spicy Apples,"['potato', 'onion', 'dried sage', 'chives', 'egg', 'apples', 'butter', 'water', 'ground ginger', 'mixed spice', 'fruit chutney']","1. Boil the potato until just soft. Mash until chunks are just broken up; don
2. ,
3. ,
4. ,
5. ,
6. ,
7. ,
8. ,",
1857.0,Greek Chicken and Rice,"['chicken parts', 'butter', 'oregano', 'lemon juice', 'onion', 'tomatoes', 'long-grain white rice']","1. In a large saucepan melt butter over medium heat and add chicken.
2. Brown on all sides then remove from pan and set aside.
3. Add onion and tomato and saute until onion turns translucent.
4. Stir in oregano and lemon juice.
5. Add rice and stir well to combine and coat all grains of rice.
6. Add chicken stock, stir and return chicken to pot.
7. Bring to a boil, reduce heat and simmer, uncovered, until all surface liquid has been absorbed.
8. Cover, turn heat to very low and cook 1 hour, stirring every 15 minutes to keep rice from burning or sticking.",
1861.0,Chicken Teriyaki with Cashew Pineapple Rice,"['brown sugar', 'vinegar', 'garlic powder', 'worcestershire sauce', 'boneless chicken breast', 'cooked rice', 'crushed pineapple', 'cashew pieces']","1. Mix the first 7 ingredients and bring to a boil.
2. Cool; divide in half.
3. Use half to marinade 1-1 1/2 pounds boneless chicken breast or chicken breast tenders over night. Refrigerate other half to be used later.
4. Prepare white rice for 4 people, as instructed on bag.
5. Remove chicken from marinade and discard marinade. Grill or broil chicken while rice is cooking.
6. Stir can of crushed pineapple (drained) and about 3/4 cup of cashew pieces into cooked rice.
7. Reheat other half of marinade. Serve grilled chicken over rice mixture with sauce. Also serve any type oriental vegetables you desire (I recommend snowpeas, water chestnuts, cauliflower, broccoli and carrots.)
8. My husband isn
9. ve started serving it separate from the rice. That way I can add it but he doesn","https://img.sndimg.com/food/image/upload/w_555,h_416,c_fit,fl_progressive,q_95/v1/img/recipes/18/61/AaGrN8mQRO1puhv1z5xG_pineapple-rice-teriyaki-chicken-8843.jpg"
1870.0,Bo-Peeps,"['sugar', 'butter', 'cornflour', 'flour', 'egg', 'baking powder']","1. Cream butter and sugar, add egg then sifted dry ingredients.
2. Roll into small balls and place on a cold greased tray.
3. Press a dent (hole) in the centre of each with your thumb and place a little raspberry jam in them.
4. Bake in moderate oven 10 - 12 minutes.
5. Cheers, Doreen Doreen Randal, Wanganui.
6. New Zealand.",
1873.0,English Muffin Bread,"['flour', 'sugar', 'baking soda', 'milk', 'water', 'salt', 'cornmeal']","1. Combine flour, yeast, sugar, salt and soda in a large bowl.
2. Heat together milk and water until very warm (120 - 130 degrees). Add dry ingredients and beat well.
3. Stir in remaining flour to make a stiff batter.
4. spoon into 2 loaf pans that have been greased and sprinkled with cornmeal.
5. Sprinkle cornmeal on top.
6. Cover and let stand in warm place for 45 minutes.
7. Bake at 400 for 25 minutes.","https://img.sndimg.com/food/image/upload/w_555,h_416,c_fit,fl_progressive,q_95/v1/img/recipes/18/73/wkK7D5FRQmNaYrFPcGmX-English-Muffin-Bread-2.JPG"
1878.0,Indian Onion Relish,"['onion', 'salt', 'lemon juice', 'paprika', 'cayenne pepper']","1. Cut onion crosswise into paper-thin rings and put rings into a bowl.
2. Add all other ingredients, toss and mix.
3. Set aside for 30 minutes or more before eating in order to let the flavors blend.",
1881.0,WW2 War Cake,"['brown sugar', 'water', 'raisins', 'margarine', 'cinnamon', 'clove', 'flour', 'salt', 'baking powder', 'baking soda', 'walnuts']","1. Place the brown sugar, water, raisins.
2. oil, cinnamon, and cloves in a heavy-bottomed saucepan and bring to a boil.
3. Cook gently for 5 minutes, then remove from the heat and let cool until the mixture is comfortably warm to your finger.
4. While the mixture is cooling, preheat t he oven to 350F.
5. Grease and flour an 8x4-inch baking pan.
6. Sift together the flour, salt, baking powder, and baking soda.
7. Add them to the cooled sugar mixture, beating until no drifts of flour are visible and the batter is smooth.
8. Stir in the walnuts.
9. Spread evenly in the baking pan and bake for 25-30 minutes, or until a broomstraw inserted in the center of the cake comes out clean.
10. Let cool in the pan for 10 minutes, then turn onto a rack to cool completely.
11. Notes: For a good glaze, even if it is a 90
12. ,
13. s sugar, a drop of vanilla, and a pinch salt. Glaze the cake while hot.","https://img.sndimg.com/food/image/upload/w_555,h_416,c_fit,fl_progressive,q_95/v1/img/recipes/18/81/2bCS2f4YTRaI5g9gTKUw_78181_1401526856_0.jpg"
1882.0,Lazy Man's Cabbage Rolls,"['hamburger', 'head of cabbage', 'minute rice', 'mushroom', 'mozzarella cheese']","1. Brown hamburger in a skillet.
2. Shred the cabbage.
3. In a large greased casserole place a layer of shredded cabbage, then cover with browned hamburger, mushrooms and rice. Cover with remaining cabbage. Pour over spaghetti sauce. Garnish with cheese.
4. Bake at 250 degrees F until cabbage is tender and sauce is fairly well absorbed, about 2 to 2-1/2 hours.",
1883.0,Apple-Cheese Casserole,"['butter', 'granulated sugar', 'velveeta cheese', 'sharp cheddar cheese', 'all-purpose flour', 'apples']","1. Cream butter and sugar in a mixing bowl, add cheese and combine well.
2. Add flour and mix well-batter will be stiff.
3. Place apples in a buttered baking dish - about 1 1/2 quart size. Spread the cheese/flour mixture over the apples covering the apples well.
4. Bake 325: for about 30-45 minutes.
5. Serves 4-6 Jan",
1887.0,Seven Layer Salad,"['head lettuce', 'frozen english peas', 'green onions', 'hard-boiled eggs', 'bacon', 'mayonnaise', 'swiss cheese']","1. Layer first 5 ingredients in a shallow dish.
2. Spread mayonnaise over the top as if you were icing a cake. Sprinkle Swiss cheese over the mayonnaise and chill.
3. This taste best when chilled overnight.
4. Just before serving, toss salad making sure mayonnaise and cheese is distributed throughout the salad.",
1888.0,Blond Brownies in a Jar,"['coconut', 'pecans', 'brown sugar', 'all-purpose flour', 'baking powder', 'salt']","1. Mix together flour, salt and baking powder.
2. Set aside. Layer ingredients in order given in a 1 quart sized wide mouth canning jar.
3. Add flour mixture last. Press each layer firmly in place. Attach this message to jar: Butterscotch Brownies Empty jar of brownie mix into large mixing bowl.
4. Use your hands to thoroughly blend mix.
5. Add 3/4 cup butter or margarine, softened at room temperature. Do not use DIET margarine. Mix in 2 eggs, slightly beaten and 2 tsps vanilla.
6. Mix until completely blended.
7. Spread batter into greased 13 X 9 inch metal pan.
8. Bake at 375 degrees F (190 degrees C) for 25 min.
9. Cool 15 minutes in pan.
10. Cut brownies into 1 1/2 inch squares.
11. Cool completely in pan.
12. Makes 2 doz.
13. brown ies.",
1889.0,Chocolate Brownies in a Jar,"['white sugar', 'pecans', 'all-purpose flour', 'baking powder', 'salt', 'butter', 'margarine', 'eggs']","1. Mix together flour, baking powder, and salt. Set aside. Layer ingredients in place before adding flour mixture. Be sure to wipe out the inside of jar with a dry paper towel after adding the cocoa powder.
2. Instructions to attach to jar: Empty jar of mix into large mixing bowl.
3. Use your hands to thoroughly blend mix.
4. Add butter or margarine melted.
5. Do not use DIET margarine. Add eggs, slightly beaten.
6. Mix until completely blended.
7. Spread batter into sprayed 9 X 13 inch baking pan.
8. Bake at 350 degrees F (175 degrees C) for 30 minutes.
9. Cool completely in pan.
10. Cut into 2 inch squares.",
1891.0,Cinnamon Roll Fillings,"['sugar', 'cinnamon', 'raisins', 'walnuts', 'sugar', 'craisins', 'brown sugar']",1. Mix.,
1902.0,Fried Cornbread II,"['egg', 'buttermilk']","1. Mix the ingredients and fry in a frying pan as you would pancakes.
2. Turn only once, when brown on one side. Then flip to the other side. Will make about 8 cakes.","https://img.sndimg.com/food/image/upload/w_555,h_416,c_fit,fl_progressive,q_95/v1/img/recipes/19/02/pichNkNiK.jpg"
1904.0,Brownies in a Jar,"['white sugar', 'pecans', 'all-purpose flour', 'baking powder', 'salt', 'butter', 'eggs']","1. Pour sugar into a clean and dry one quart jar.
2. Press down firmly.
3. Add cocoa powder and press down firmly.
4. Pour in chopped pecans, making sure they are evenly layered.
5. Combine flour, baking powder and salt, pour into jar and seal.
6. Attach following directions to jar: Empty mix into large bowl.
7. Stir to blend thoroughly.
8. Add 3/4 cup butter or margarine and 4 beaten eggs.
9. Mix until completely blended.
10. Spread batter onto lightly greased 9x13 pan.
11. Bake at 350 F for 30 minutes or until done. Cool in pan and cut into 2 inch squares.","https://img.sndimg.com/food/image/upload/w_555,h_416,c_fit,fl_progressive,q_95/v1/img/recipes/19/04/9YoFluHRfSHH5xcXE4cg_DSC_0993.jpg"
1913.0,Civil War Pound Cake,"['butter', 'sugar', 'eggs', 'flour', 'salt', 'lemon, rind of', 'nutmeg', 'brandy']","1. Mix the butter and sugar together well and beat in the eggs.
2. Sift the flour and salt together; mix in to the butter mixture until thoroughly blended.
3. Add the lemon peel, nutmeg, and brandy, mix well and pour into two small buttered loaf pans or one large one.
4. Bake in a moderate oven (350F) for about 1 hour or until cake tests done.","https://img.sndimg.com/food/image/upload/w_555,h_416,c_fit,fl_progressive,q_95/v1/img/recipes/19/13/pic68eCgY.jpg"
1923.0,Autumn Moon Cafe's Apple Crisp,"['flour', 'oats', 'sugar', 'allspice', 'cinnamon', 'nutmeg', 'butter']","1. Apple Mixture: 5 Granny Smith apples, peeled, cored & sliced 2 tablespoons sugar 2 teaspoons cinnamon 2 teaspoons lemon juice Preheat oven to 350 degrees.
2. Grease an 8-inch square baking pan.
3. For the topping: Mix together the flour, oats, sugar and spices in a large bowl.
4. Using the large holes of a grater, grate the butter into the bowl.
5. Blend until the mixture just begins to come together, being careful not to over mix.
6. Toss the apples in a large bowl with the sugar, cinnamon, and lemon juice. Spoon into the baking pan and sprinkle the topping mixture over the fruit. Bake for 45 to 60 minutes, or until the apples are tender and the topping is browned and crisp.
7. Serve warm with a scoop of rich vanilla ice cream.",
1940.0,Fantastic Focaccia Bread,"['garlic cloves', 'mozzarella cheese', 'romano cheese', 'oregano', 'plum tomatoes']","1. Preheat oven to 375.
2. Dip dough and a rolling pin in flour and evenly roll dough into a 12 inch circle. Use a 13\
3. ,
4. ,
5. ,
6. ,
7. ,
8. ,
9. ,
10. ,
11. ,
12. ,","https://img.sndimg.com/food/image/upload/w_555,h_416,c_fit,fl_progressive,q_95/v1/img/recipes/19/40/picbuiqMv.jpg"
1944.0,Shrimp Newburg,"['shrimp', 'butter', 'flour', 'paprika', 'salt', 'white pepper', 'milk', 'sherry wine']","1. Clean shrimp.
2. Melt butter; add flour, paprika, salt and pepper, blend together.
3. Add milk and cream gradually.
4. Add sherry.
5. In a separate pan, saute shrimp in butter.
6. Add to the sauce.",
1945.0,Cheese Apples,"['flour', 'sugar', 'butter', 'velveeta cheese', 'apple']","1. Mix in order given: flour, sugar, butter and cheese. Place apples in bottom of baking dish.
2. Pour cheese mixture over apples.
3. Bake 30 to 40 minutes at 350 degrees.",
1947.0,Chicken Mole,"['boneless skinless chicken breasts', 'olive oil', 'green onions', 'garlic', 'cocoa powder', 'chili powder', 'cumin', 'tomato puree', 'raisins', 'water', 'fresh coriander']","1. Preheat oven to 400F.
2. Place the chicken breasts in a baking dish and set aside. In a large non-stick saucepan, heat the oil.
3. Add the green onions and garlic and saute over medium heat for 1 minute. Add the tomato puree, raisins, water and coriander and cook over low heat for about 10 minutes uncovered.
4. Pour the sauce over the chicken and bake for 30-45 minutes until chicken is cooked through.","https://img.sndimg.com/food/image/upload/w_555,h_416,c_fit,fl_progressive,q_95/v1/img/recipes/19/47/picedzw81.jpg"
1955.0,Feaver's Pumpkin Fudge,"['milk', 'sugar', 'light corn syrup', 'pumpkin', 'salt', 'cinnamon', 'allspice', 'margarine', 'vanilla']","1. In saucepan combine milk, sugar, syrup, pumpkin and salt. Cook over medium heat and when mixture begins to bubble, reduce heat to simmer and cook to soft ball stage. Remove from heat and beat in cinnamon, allspice, margarine and vanilla.
2. Allow to cool.
3. Then beat until thick and the mixture loses its gloss.
4. Spoon into buttered dish.
5. When firm, cut into squares.",
1959.0,Sylvia's Famous Spareribs,"['salt', 'black pepper', 'red pepper flakes', 'white wine vinegar', 'crushed red pepper flakes', 'onion', 'celery', 'tomato puree', 'water', 'sugar', 'lemon']","1. To make the ribs easier to handle, cut each slab between the middle bones into 2 equal pieces.
2. Rub the salt, black pepper, and red pepper into both sides of the ribs.
3. Place the ribs in a deep baking dish, cover them, and refrigerate overnight. Preheat the oven to 450F.
4. Pour the vinegar over the ribs and bake 1 1/2 hours.
5. Rotate the ribs two or three times during baking and spoon some of the pan juices over them.
6. Remove the ribs from the baking dish and place in a single layer on baking sheets.
7. (Line the baking sheets with aluminum foil for easy cleanup.) Bake at 450 F for 1 hour.
8. The ribs should be tender and well browned.
9. This much can be done up to a day in advance. Cool the ribs, cover tightly, and refrigerate. Bring to room temperature for about 1 hour before continuing.
10. To finish the ribs, preheat the oven to 400 F.
11. Cut the slabs between the bones into individual ribs.
12. Place the ribs in a baking dish large enough to hold them comfortably.
13. Spoon enough of the barbecue sauce over them to coat lightly.
14. Cover the pan with aluminum foil and bake until heated through, about 20 minutes. Serve with additional barbecue sauce on the side.
15. BARBECUE SAUCE Ruth developed this recipe because she found most barbecue sauces too vinegary or bitter, and it
16. ,
17. ,
18. t bring to a boil or the sauce will turn dark and become thin.
19. Cool the sauce to room temperature, strain it, and store it in a tightly covered jar in the refrigerator.",
1967.0,Quick 'n' Tasty Alfredo Sauce,"['sour cream', 'parmesan cheese', 'butter', 'cracked pepper', 'crushed red pepper flakes']","1. Melt butter in saucepan and add sour cream slowly, stirring constantly.
2. Shake in Parmesan cheese while stirring until sauce thickens.
3. Add cracked pepper to taste. Add optional crushed red pepper for a fiery twist. Pour over pasta & serve immediately.
4. This is enough sauce for two normal servings of pasta.
5. Recipe can be doubled, tripled, etc. depending on servings.",
1968.0,Seafoam Cake,"['all-purpose flour', 'granulated sugar', 'baking powder', 'real vanilla']","1. Grease cake pan.
2. Line with waxed paper.
3. Mix, sift flour, sugar, and baking powder 3 times.
4. Add gradually to the egg whites, stirring after each addition.
5. Mix in the vanilla.
6. Pour into the pan.
7. Bake in oven at 350° for 35 - 45 minutes.",
1970.0,Homemade Cottage Cheese,"['water', 'butter', 'salt']","1. Heat the sour milk until it reaches 100*.
2. When it reaches this temp., pour into a strainer lined with cheese cloth.
3. Pour over 1 quart of hot water.
4. Let curd hang in cheesecloth until all the whey has been drained off.
5. In a mixing bowl, add enough cream and melted butter to moisten the food.
6. Add salt.",
1975.0,Grandma Hornsby's Homemade Noodles,"['salt', 'all-purpose flour', 'egg']","1. Mix and sift flour and salt. Gradually add the egg until a stiff dough is formed.
2. Knead for a few minutes on floured board.
3. Roll out until it is 1/8 inches thick.
4. Cut into any length strips and let dry completely.",
1977.0,Gingerbread Man Cookies,"['flour', 'ginger', 'baking powder', 'clove', 'cinnamon', 'nutmeg', 'margarine', 'molasses', 'sugar', 'brown sugar', 'water']","1. In a small bowl combine flour, ginger, baking powder, cloves, cinnamon and nutmeg.
2. Set aside. In small saucepan heat over low heat (melt) margarine, sugars and molasses.
3. Pour in large bowl; cool for 10 minutes.
4. Alternately stir in flour mixture and 1/4 cup water until well blended.
5. Cover; chill an hour.
6. Preheat oven to 350 degrees.
7. Roll out dough 1/8-inch thick, using 6-inch long cookie cutter.
8. Bake on sheet, sprayed with nonstick vegetable spray.
9. Decorate with raisins.
10. Bake 5 to 7 minutes.",
1978.0,Bruschetta,"['tomatoes', 'olive oil', 'oregano', 'salt']","1. Prepare the topping: Cut the tomatoes in little cubes.
2. Add the salt, the oregano and the oil.
3. Rub the bread with garlic.
4. Then grill it (or on the barbecue).
5. Quickly spread the seasoned tomatoes and eat immediately.
6. (Nice with grilled meat and red wine.)",
1981.0,Cheese and Onion Pie,"['onion', 'sharp cheddar cheese']","1. Layer onion slices, grated cheddar cheese and salt and pepper into prepared pie shell.
2. Continue layering until pie is heaped up. Cover with pastry.
3. Bake.
4. Let cool slightly before slicing. Can be eaten warm or cold.",
1982.0,Good Season's Italian Dressing,"['onion powder', 'sugar', 'oregano', 'pepper', 'basil', 'parsley', 'salt', 'cider vinegar', 'water']","1. For dressing, mix 1/4 cup of cider vinegar, 2/3 cup of oil, 2 tablespoons of water and 2 tablespoons of dry mix.","https://img.sndimg.com/food/image/upload/w_555,h_416,c_fit,fl_progressive,q_95/v1/img/recipes/19/82/picGp1qO7.jpg"
1999.0,Peanut Patties,"['sugar', 'milk', 'white corn syrup', 'raw peanuts']","1. Mix all of the ingredients in a heavy boiler (I use my 4 quart pressure cooker). Bring to a boil.
2. Turn burner to simmer and cook for 1 hour.
3. Remove from heat and add 1 teaspoon vanilla.
4. Beat until creamy as it cools.
5. Beating is a must for it to turn out right. Spoon out into buttered muffin pan.",
2002.0,Bobbing Apple Punch,"['apple cider', 'sugar', 'ginger ale', 'red apples', 'orange']","1. In punch bowl mix orange juice -- apple cider, pineapple juice and sugar.
2. Chill a couple of hours.
3. Before serving add ginger ale, apples, orange slices and ice cubes.",
2013.0,Lemon Squares,"['butter', 'powdered sugar', 'flour', 'salt', 'eggs', 'lemon juice', 'sugar', 'fresh lemon rind', 'flour']","1. Preheat oven and lightly grease a 13 x 9 inch pan.
2. Mix together butter, powdered sugar, 2 cups flour and salt.
3. Pour into prepared pan.
4. Bake for 20 minutes.
5. Mix together eggs, lemon juice, sugar, lemon rind and 6 Tbsp flour and pour over the first part.
6. Bake for 25 additional minutes.",
2015.0,Cabbage Roll Taste Alike,"['beef', 'turkey', 'onion', 'celery', 'green pepper', 'rolled oats', 'parsley flakes', 'salt', 'garlic powder', 'brown sugar', 'head of cabbage', 'tomato sauce', 'cider vinegar', 'pepper']","1. Cook beef, onions , celery, and green pepper until done and brown.
2. Drain well.
3. Sprinkle meat mixture with oats, parsley, salt, and garlic powder.
4. Core cabbage and cut into small wedges.
5. Place on meat. Combine tomato sauce, vinegar, pepper and brown sugar.
6. Mix well.
7. Pour over cabbage and meat. Cover and let simmer 20-30 minutes until the cabbage is done. Serve immediately.
8. Note: I like to add 1/2 cup Minute Rice, prepared, at the end and heat through.",
2019.0,Buttermilk Dressing,"['extra virgin olive oil', 'lemon juice', 'buttermilk', 'parsley']","1. In a small bowl, whisk together the olive oil and lemon juice.
2. Whisk in the buttermilk and parsley.
3. The dressing will keep, covered, in the refrigerator for 3 days.",
2020.0,Feta Dressing,"['feta cheese', 'red wine vinegar', 'fresh oregano', 'kosher salt', 'black pepper', 'extra virgin olive oil']","1. Process the feta, vinegar and oregano in a blender or food processor until smooth.
2. Then with the machine running, slowly pour the oil through the feed tube and process until smooth.
3. Taste and adjust the seasoning with the salt and pepper.
4. Use immediately or cover and refrigerate.","https://img.sndimg.com/food/image/upload/w_555,h_416,c_fit,fl_progressive,q_95/v1/img/recipes/20/20/picjNM9fd.jpg"
2027.0,Dirk's Hot Sauce,"['roma tomatoes', 'habaneros', 'onion', 'garlic', 'cilantro', 'stewed tomatoes']","1. Blend the tomatoes, peppers, garlic, cilantro, and half the onion.
2. I like to chop the other half by hand to make it chunkier.
3. Add salt and sugar to taste.",
2029.0,Pumpkin Fudge,"['granulated sugar', 'cornstarch', 'evaporated milk', 'pumpkin', 'pumpkin pie spice', 'vanilla extract']","1. In a 2 quart saucepan cook together sugar, pumpkin, spice, cornstarch and milk, stirring frequently, until mixture reaches 234 degrees on a candy thermometer or a small amount forms a soft ball in a little cold water.
2. Add vanilla and cool in a pan of ice water to 110 degrees.
3. Beat until fudge loses its gloss.
4. Pour into a lightly buttered 8 x 8 x 2-inch pan and cool.
5. Score and cut when almost cold.
6. Store in a wax paper lined metal can.
7. Will keep for several weeks.
8. If nuts are desired, mix in 1 cup of broken walnuts when the vanilla is added.",
2032.0,Baked Barbecue Sauce Chicken,"['chicken pieces', 'margarine', 'brown sugar', 'lemon juice', 'onion', 'vinegar', 'tomato sauce', 'ketchup', 'worcestershire sauce', 'prepared mustard', 'water']","1. Preheat oven to 350°F.
2. Melt margarine, fry onion until softened (about 5 minutes), add remaining ingredients (except chicken)to onion and boil for 3 minutes.
3. Place skinned chicken pieces in a casserole dish, and pour sauce over.
4. Bake uncovered for 1 hour.","https://img.sndimg.com/food/image/upload/w_555,h_416,c_fit,fl_progressive,q_95/v1/img/recipes/20/32/pic2LE4Om.jpg"
2045.0,Creamy Turkey Pie,"['turkey', 'sausage', 'onion', 'pepper', 'salt', 'cream cheese', 'mushrooms', 'egg', 'cottage cheese', 'flour', 'tomatoes']","1. In a large skillet, cook ground turkey or turkey sausage, onion, pepper and salt, until meat is browned, stirring to break up meat. Drain.
2. Stir in cream cheese till combined. Add mushrooms and set aside.
3. For the crust: Lightly grease a 9 inch pie plate with non-stick spray. Unwrap crescent rolls and separate. Arrange them in pie plate, pressing onto the bottom and up the sides of the plate, extending the biscuits at 1/2 inch intervals, if desired.
4. Spoon turkey mixture into shell, spreading evenly.
5. In blender or food processor, combine egg, cottage cheese, and flour. Cover and blend or process until smooth. Spoon over turkey mixture.
6. Bake, uncovered, for 25-30 minutes at 350 degrees Fahrenheit or until edges are browned and filling is set. Let stand 5-10 minutes.
7. Cut into wedges and garnish with chopped tomatoes.",
2047.0,Caribbean Chicken,"['fresh lime juice', 'soy sauce', 'fresh ginger', 'garlic cloves', 'dried thyme', 'black pepper', 'allspice', 'salt', 'chicken fillets']","1. Puree in blender lime juice, soy sauce, oil, hot pepper sauce, ginger, garlic, thyme, pepper, allspice and salt. Combine marinade with chicken in plastic food-storage bag.
2. Seal.
3. Marinate in refrigerator overnight. Place oven rack in top position.
4. Heat oven to 500°F:
5. Drain chicken; discard marinade. Pat dry.
6. Arrange in roasting pan.
7. Roast on top rack in 500°F: oven 25 minutes for breasts, 30 minutes for thighs and drumsticks, or until instant-read thermometer registers 170°F: without touching bone.","https://img.sndimg.com/food/image/upload/w_555,h_416,c_fit,fl_progressive,q_95/v1/img/recipes/20/47/piclOYWWB.jpg"
2056.0,Baked Acorn Squash With Spicy Maple Syrup,"['acorn squash', 'unsalted butter', 'pure maple syrup', 'cinnamon', 'nutmeg']","1. Heat oven to 350 degrees.
2. Split the squash into thirds and remove the seeds.
3. Cut a slice off the bottom of each piece so that it sits evenly, skin-side down, in a 9 x 13-inch glass baking dish.
4. In the hollow of each piece, place 1 teaspoon unsalted butter, 1 tablespoon maple syrup, cinnamon and nutmeg to taste. Bake in the heated oven until fork tender, about 45 minutes.","https://img.sndimg.com/food/image/upload/w_555,h_416,c_fit,fl_progressive,q_95/v1/img/recipes/20/56/YC6ccuORQHSH4Gwjslqt_Acorn1%20(1%20of%201"
2057.0,Sweet Potato Pie II,"['sugar', 'eggs', 'sweet potatoes', 'vanilla flavoring', 'butter', 'evaporated milk']","1. Cream eggs and sugar.
2. Add sweet potato, vanilla flavoring and melted butter, mix then add milk. Mix well.
3. Pour into unbaked pie shells.
4. Bake for 1 hour at 350 degrees F.
5. Serves 8 for each pie.",
2066.0,Ramen Foo Yung,"['eggs', 'butter', 'margarine']","1. Open ramen package and remove seasoning packet, it will be retained for later.
2. Boil noodles until soft, and drain.
3. In a separate fry pan melt butter or margarine on medium-high heat. once melted and bubbling, add seasoning packet and stir.
4. Then add the drained noodles and fry them for several minutes, stirring and turning them as you go.
5. The noodles will start to separate from the clump as they get done. they will be slightly turning golden brown.
6. In a separate bowl, scramble the two eggs.
7. When noodles are slightly browned, add the eggs and stir thoroughly.
8. Reduce heat to medium-low immediately.
9. Flip and let the top cook.
10. Enjoy!","https://img.sndimg.com/food/image/upload/w_555,h_416,c_fit,fl_progressive,q_95/v1/img/recipes/20/66/pic3LPXEu.jpg"
2068.0,Red Capsicum Toasts,"['red capsicums', 'olive oil', 'brown sugar', 'dry white wine', 'basil', 'lime']","1. Cut capsicums in quarters, remove membrane and seeds.
2. Grill capsicum, skin side up, until skin blackens and blisters; peel skins from them.
3. Finely chop capsicum.
4. Heat oil in pan, stir in peppers and sugar, cook over low heat, covered, for about 45 minutes or until capsicums are soft, stirring occasionally.
5. Stir in wine and vinegar, bring to the boil, simmer, uncovered for about 15 minutes or until thick, remove from heat; strain, cool then stir in the basil.
6. Remove the crusts and cut the bread into 2 1/2cm squares, place on an ungreased oven tray and bake in a moderate oven about 10 minutes or until lightly browned, cool.
7. Spoon capsicum mixture onto toast squares, top with lime wedges.
8. The capsicum and toasts can be made a day ahead of time.","https://img.sndimg.com/food/image/upload/w_555,h_416,c_fit,fl_progressive,q_95/v1/img/recipes/20/68/picLBhaoX.jpg"
2072.0,Rhubarb Crunch,"['flour', 'rolled oats', 'brown sugar', 'margarine', 'cinnamon', 'rhubarb', 'sugar', 'cornstarch', 'water', 'vanilla']","1. Mix flour, rolled oats, brown sugar, margarine and cinnamon until crumbly: Press half of this mixture into a 9\
2. ,
3. ,
4. ,
5. ,
6. ,
7. ,","https://img.sndimg.com/food/image/upload/w_555,h_416,c_fit,fl_progressive,q_95/v1/img/recipes/20/72/picnGcKJ4.jpg"
2075.0,Orange Bread,"['oranges', 'cold water', 'sugar', 'egg', 'milk', 'salt', 'baking powder', 'flour', 'sugar']","1. Preheat oven to 350F and lightly grease a loaf pan.
2. Cut two oranges into small pieces, peelings and all.
3. Cover with cold water and boil until tender, about 10 minutes.
4. Add a scant cup of sugar, stir and let cool.
5. Put in a bowl aqnd add remaining ingredients.
6. Bake for one hour or until tests done.",
2077.0,Orange Butterscotch Walnut Clusters,"['butterscotch pudding', 'sugar', 'evaporated milk', 'butter', 'walnut pieces']","1. Blend sugar with pudding.
2. Mix in a 2 quart saucepan; stir in evaporated milk and orange rind.
3. Add butter.
4. Cook and stir over medium heat until mixture comes to a boil.
5. Lower heat and boil gently for 3 1/2 minutes, stirring constantly.
6. Remove from heat and stir in walnuts.
7. Beat until candy thickens.
8. Drop from a teaspoon onto foil or into paper candy cups.
9. Let cool until set.",
2078.0,Fried Rice Casserole,"['rice', 'soy sauce', 'water']","1. Preheat oven to 350°F.
2. Mix all ingredients together in a casserole.
3. Cover and bake 1 hour.","https://img.sndimg.com/food/image/upload/w_555,h_416,c_fit,fl_progressive,q_95/v1/img/recipes/20/78/pic44r62j.jpg"
2079.0,Pierogi Dough,"['all-purpose flour', 'eggs', 'salt', 'baking powder', 'water']","1. Mix with enough water to make like a bread dough.
2. Cover with plastic wrap or lid and let sit overnight.
3. In a medium bowl, whisk the eggs.
4. Add the salt, water, and oil; whisk until smooth.
5. Slowly add about 3 cups flour, and stir with a wooden spoon to combine.
6. Turn dough out onto a well-floured surface, and work in about 1 cup flour as you knead.
7. Use a plastic scraper to lift the dough as it will stick to the counter before the flour is worked inches
8. Continue kneading for about 8 to 10 minutes, working in another 1/2 cup flour.
9. The dough should be elastic and no longer sticky.
10. Be careful not to add too much flour as this will toughen the dough.
11. Place dough in a lightly floured bowl, and cover with plastic wrap; set aside while you prepare the filling of your choice.
12. When you
13. ,
14. ,
15. ,
16. ,
17. ,
18. ,
19. ,
20. ,
21. ,
22. ,
23. ,
24. ,
25. ,",
2080.0,Butter Tart Slice,"['flour', 'margarine', 'brown sugar']","1. Mix and press into an 8\
2. ,
3. ,
4. ,
5. ,",
2082.0,Butter Tarts,"['brown sugar', 'butter', 'corn syrup', 'salt', 'vinegar', 'eggs', 'vanilla']","1. Preheat oven to 425°F.
2. Prepare muffin pans by rolling out pie dough and cutting 4-inch circles; fit dough circles into muffin cups; set aside in fridge until ready to fill.
3. In a large bowl, using a wooden spoon, mix together the soft butter, brown sugar, salt and corn syrup; stir well until sugar is dissolved and butter is creamed.
4. Add vinegar, eggs and vanilla and mix well.
5. Divide butter mixture into all tarts, not filling more than 2/3 full.
6. Bake at 425F for 5 minutes; reduce heat to 375F and continue baking for 15 to 20 minutes (filling will be lightly browned but still bubbling).
7. Let cooked butter tarts cool in pans for 10 minutes after removing from oven; then remove and place on racks until completely cool.",
2085.0,Butter Tarts II,"['dates', 'raisins', 'currants', 'walnuts', 'brown sugar', 'white sugar', 'cinnamon', 'allspice', 'vanilla', 'nutmeg', 'salt', 'butter', 'eggs']","1. Melt butter and pour over sugar.
2. Beat well.
3. Beat egg yolks and mix with all ingredients.
4. Beat egg whites and fold in last. Line miniature muffin pans (or use regular ones) with rich pie crust. Put filling in and bake at 350 degrees for 35 min- utes.
5. (I always halve this recipe and it makes a lot of Butter Tarts.)
6. BUTTER TARTS Pastry For Tarts: 5 cup flour 1 tsp. salt 1 Tbsp sugar 1 tsp. baking powder 2 cup shortening 1 egg 1 Tbsp vinegar 1 tsp. vanilla
7. Mix dry ingredients; add shortening and mix well.
8. Beat the egg in a measuring cup; add enough lukewarm water to make 3/4 cup liquid.
9. Add vanilla and vinegar to this liquid, then mi x into flour, shortening mixture. Treat as pie crust. Cut into circles and place in muffin tins.
10. Fill with: 2 eggs 2 Tbsp vinegar 1 tsp. vanilla 2 cup brown sugar (pack) 1 1/2 cup raisins 1/2 cup melted margarine
11. Beat eggs in bowl.
12. Add brown sugar, vinegar and vanilla.
13. Stir in melted butter and raisins.
14. Pour in shells about 1/2 full.
15. Bake in 350 degrees oven for 15 to 18 minutes.
16. Makes about 24 to 30 tarts.",
2086.0,Velveeta Cheese Fudge,"['velveeta cheese', 'margarine', 'powdered sugar', 'vanilla']","1. Melt cheese and butter in saucepan over low heat, stirring almost constantly.
2. Sift sugar and cocoa together, stir into cheese butter mixture.
3. Stir in vanilla and nuts.
4. Spread in buttered pans, cool, cut into squares and store in tightly covered tin or container.",
2087.0,Pizzelle Waffle Cones,"['eggs', 'granulated sugar', 'butter', 'vanilla', 'flour', 'baking powder']","1. Beat the eggs and gradually beat in the sugar until the mixture is creamy.
2. Stir in the melted butter and vanilla.
3. Combine the flour and baking powder, and then add it to the mixture. Blend it in well.
4. Drop about 4 tsp of the batter into a heated pizelle iron, and cook both sides over medium-high heat for about 1 minute each, or until golden brown.
5. Remove the waffle from the pizelle iron and immediately shape it into a cone while it is still pliable.",
2088.0,Dot's Creamy Fudge,"['margarine', 'velveeta cheese', 'vanilla', 'powdered sugar']","1. Melt margarine, Velveeta cheese and vanilla in double boiler.
2. Remove from heat. Add powdered sugar, cocoa and nuts.
3. Mix together well.
4. This sets up fast. Press in buttered casserole dish.
5. Makes about 5 pounds good fudge.",
2092.0,Mrs. Field's Lemon Macadamia Cookies,"['flour', 'baking soda', 'salt', 'light brown sugar', 'sugar', 'butter', 'cream cheese', 'egg']","1. Preheat oven to 300* f.
2. In a medium bowl combine flour, soda and salt. Mix well and set aside. In a large bowl blend sugars well with an electric mixer set at med speed.
3. Add the butter and cream cheese, and mix to form a smooth paste. Add the egg and lemon extract, and beat at medium speed until light and soft. Scrape down sides of bowl occasionally.
4. Add the flour mixture and nuts.
5. Blend at low speed just until combined.
6. Do not overmix.
7. Drop by rounded tablespoons onto ungreased cookie sheets, 2 inches apart. Bake 23-25 min.
8. Immediately transfer to a cool flat surface.","https://img.sndimg.com/food/image/upload/w_555,h_416,c_fit,fl_progressive,q_95/v1/img/recipes/20/92/ZJqp4pczR6mHHK8Efk8V_Lemon%20cream%20cheese%20cookies.jpg"
2100.0,Hush Puppies,"['flour', 'cornmeal', 'baking powder', 'salt', 'garlic powder', 'egg', 'buttermilk', 'onion']","1. Stir together to mix thoroughly flour, cornmeal, baking powder, salt and garlic powder.
2. Add egg, buttermilk and onion; mix well.
3. Drop batter by rounded teaspoonfuls into deep hot fat (375 degrees).
4. Cook, turning frequently, about 3 - 5 minutes, until golden brown.",
2101.0,Southern Spoon Bread,"['yellow cornmeal', 'white cornmeal', 'sugar', 'baking powder', 'salt', 'milk', 'butter', 'margarine', 'eggs']","1. Heat oven to 350 F and grease or oil a shallow 2 quart pan (I use my \
2. pyrex lasagna pan). Mix cornmeal, sugar, baking powder and salt in a medium saucepan.
3. Stir in the milk and cook over a medium heat until milk is absorbed, which only takes a few minutes.
4. Stir gently but constantly to prevent the mixture from catching on the bottom of the saucepan.
5. Remove from heat. Stir in the butter, and slightly beaten egg yolks.
6. Beat the egg whites until stiff peaks form.
7. Fold into cornmeal mixture, and turn it all out into the prepared 2 quart pan.
8. Bake for 35 minutes, or until puffed and golden.
9. I hope this is what you are looking for! regards, Spooky",
2104.0,Virginia Spoon Bread,"['cornmeal', 'grits', 'water', 'butter', 'heavy cream', 'salt', 'eggs']","1. Preheat oven to 375° and grease a 8x8x2-inch baking pan.
2. Stir cornmeal and grits into water very slowly over low heat until the mixture is thick and smooth.
3. Stir frequently, it will take about 30 minutes.
4. Beat in the butter, cream and salt, then the egg yolks.
5. Whip egg whites until soft peaks form and fold into cornmeal.
6. Pour into prepared pan and bake for 30 minutes, or until puffed and lightly browned.
7. •Serving Ideas : Serve immediately with lots of butter.",
2105.0,Texas Spoon Bread,"['milk', 'yellow cornmeal', 'butter', 'margarine', 'sugar', 'salt', 'baking powder', 'eggs']","1. In saucepan, scald the milk; stir in cornmeal.
2. Reduce heat; simmer 5 minutes, stirring constantly.
3. Remove from heat; stir in butter, sugar, salt and baking powder.
4. In small bowl, beat egg yolks.
5. Gradually stir a small amount of the hot mixture into yolks; return all to pan and mix well.
6. In mixing bowl, beat egg whites until soft peaks form.
7. Fold egg whites into hot mixture until well blended.
8. Pour into greased 8-inch square baking dish.
9. Bake at 350° for 40-45 minutes or until well puffed.
10. Use a spoon to serve.","https://img.sndimg.com/food/image/upload/w_555,h_416,c_fit,fl_progressive,q_95/v1/img/recipes/21/05/piccc4g5T.jpg"
2109.0,Jade Tree Salad Dressing,"['tarragon vinegar', 'salt', 'garlic powder', 'sugar', 'dry mustard', 'pepper', 'parmesan cheese', 'sesame seeds']","1. Mix first seven ingredients together and refrigerate.
2. Immediately before serving, add 1/2 cup Parmesan cheese and 1/4 cup sesame seed.
3. Serve on lettuce with chopped water chestnuts.
4. Note: I usually add the cheese and sesame seed directly to the salad, so as not to spoil the dressing for later use.",
2110.0,Harvard Beets,"['beets', 'cornstarch', 'water', 'sugar', 'vinegar', 'butter']","1. Combine sugar, cornstarch, butter, water and vinegar.
2. Cook until smooth and thick.
3. Add beets.
4. Heat thoroughly and serve while hot.",
2111.0,Harvard Beets (Sweet Sour Red Beets),"['sugar', 'cornstarch', 'water', 'butter', 'salt', 'vinegar', 'beets']","1. Mix together the dry ingredients.
2. Add vinegar and water and stir until smooth.
3. Cook 5 minutes.
4. Add beets and let stand desired minutes. (Can marinate in fridge overnight or just while you prepare other dishes).
5. Before serving, heat to boiling point and add butter.
6. Serve warm.","https://img.sndimg.com/food/image/upload/w_555,h_416,c_fit,fl_progressive,q_95/v1/img/recipes/21/11/picWhAXnW.jpg"
2112.0,Colorado Beef Stroganoff,"['filet of beef', 'flank of beef', 'butter', 'onion', 'garlic', 'fresh mushrooms', 'flour', 'catsup', 'salt', 'pepper', 'beef broth', 'white wine', 'fresh dill', 'dried dill', 'sour cream']","1. Trim fat from beef and cut into 1/2-inch slices.
2. Over high heat sear the beef quickly in 1 tablespoon butter.
3. In 3 tablespoons butter (same pan) saute onion, garlic and mushrooms about 5 minutes.
4. Remove from heat. Stir in flour, meat extract paste, catsup, salt and pepper.
5. Stir until smooth.
6. Gradually add bouillon, stirring constantly bring to a boil.
7. Reduce heat and simmer for 5 minutes.
8. Over very low heat, add wine, dill and sour cream.
9. Add beef, simmer only until beef is hot. Serve over wild rice. Serves 6.",
2113.0,Minnesota State Fair Corn Dogs,"['yellow cornmeal', 'salt', 'honey', 'boiling water', 'egg', 'milk', 'butter', 'all-purpose flour', 'double-acting baking powder']","1. Other: 10 bamboo skewers, soaked in water Heat oil to 350 degrees.
2. In a bowl, combine cornmeal, salt, honey and boiling water.
3. Mix.
4. In a separate bowl, beat together egg, milk and butter.
5. Add egg mixture to cornmeal mixture. Sift together flour and baking powder, then incorporate it into the mix until smooth.
6. Insert stick into hot dogs, dip in batter, and place in a preheated fryer until golden brown - approximately eight to 10 minutes.
7. Drain, and serve.",
2118.0,Lemon Poppy Seed Cake,"['eggs', 'poppy seed']","1. Mix above ingredients together until smooth.
2. Bake in a loaf pan or Bundt pan 45 minutes at 350°F.
3. Cool 5 minutes.
4. Remove from pan and glaze with mixture of 5 tablespoons lemon juice and 1/2 cup sugar.
5. jen.",
2120.0,Molasses Taffy,"['molasses', 'sugar', 'butter', 'vinegar', 'baking soda']","1. Combine first 4 ingredients.
2. Boil until it reaches the brittle or crack stage. When just about ready to remove from the stove, add the pinch of soda.
3. Cool on platter until able to touch it. Butter your hands and pull until it is light in color.
4. Cut into sticks (if still able to do anything!) Lots of fun for a party.
5. A family oriented website http://home.sprynet.com/~jmjohnsn Seasonal Page Topic - Fall Foliage",
2121.0,Basic Tea Biscuits,"['flour', 'baking powder', 'salt', 'shortening', 'milk']","1. Preheat oven to 450 degrees F.
2. Combine dry ingredients.
3. Cut in shortening with two knives or a pastry blender until mixture resembles coarse cornmeal.
4. Make a well in the centre and add liquid all at once. Stir vigorously until dough comes freely from the sides of the bowl.
5. Turn dough onto a lightly floured board and roll or pat to 1/2-inch thick.
6. Cut out 2-inch biscuits with a floured water glass or biscuit cutter.
7. Place on an ungreased baking sheet. Bake for 12 to 15 minutes, until tops are golden brown.
8. Serve immediately with butter, jam or honey.
9. Variations: Cheese Tea Biscuits Use only 3/4 tsp salt and 1/4 cup shortening.
10. Add 3/4 cup shredded cheese (yellow or marble) to dry ingredients.
11. Buttermilk Tea Biscuits Use only 2 tsp baking powder Add 1/2 tsp baking soda Replace milk with 1 cup buttermilk or sour milk.
12. Raisin or Nut Tea Biscuits Add to dry ingredients 1/4 cup sugar; and 3/4 cup seedless raisins or chopped nuts Use only 7/8 cup milk Whole Wheat Tea Biscuits Replace 1 cup of white flour with 1 cup whole wheat flour.","https://img.sndimg.com/food/image/upload/w_555,h_416,c_fit,fl_progressive,q_95/v1/img/recipes/21/21/pic75Momy.jpg"
2122.0,English Cream Scones,"['flour', 'sugar', 'baking powder', 'salt', 'shortening', 'eggs', 'milk']","1. Preheat oven to 450 degrees F.
2. Combine dry ingredients.
3. Cut in shortening with two knives or a pastry blender until mixture has the consistency of coarse cornmeal.
4. Set aside. Reserve a little of the egg whites (to brush over tops of scones) and beat eggs until light. Stir in milk.
5. Make a well in the dry ingredients and add liquid all at once, stirring with a fork vigorously until dough comes freely from the sides of the bowl.
6. Turn dough out onto a lightly floured surface and pat dough out to 3/4-inch thickness.
7. Cut into 8 triangles or squares or form into \
8. .
9. Brush tops with egg whites and sprinkle generously with sugar.
10. place on an ungreased baking sheet. Bake for 12 to 15 minutes or until tops are golden.
11. Variations: Raisin Scones Add to dry ingredients 1/2 cup seedless raisins, currants, Craisins or other fruits (fresh blueberries or raspberries, apple chunks etc). Cheese Scones Reduce sugar to 1 tsp Add 1 cup of shredded sharp cheese to dry ingredients.
12. Do Not sprinkle with sugar before baking.",
2123.0,Prize Butter Tarts,"['brown sugar', 'seedless raisins', 'pecans', 'butter', 'margarine', 'egg', 'milk', 'vanilla']","1. Preheat oven to 375°F.
2. Prepare pastry dough; cut in circles and line 3-inch tart pans with pastry circles.
3. Combine balance of ingredients.
4. Spoon mixture into unbaked pastry lined pans, filling each no more than 2/3 full (if the filling bubbles over it makes one heck of a mess!). Bake for 20 minutes or until filling has cooked and pastry is golden.
5. Notes: This can be made without the raisins or nuts, but they are very plain.
6. I generally make these with a combination of nuts and raisins.
7. Craisins can be substituted for the raisins.
8. For Jam Tarts: Line tart pan cups with pastry.
9. Fill cups 1/2 full with your choice of jam.
10. Bake at 400°F for 20 minutes or until pastry is golden.","https://img.sndimg.com/food/image/upload/w_555,h_416,c_fit,fl_progressive,q_95/v1/img/recipes/21/23/picLXvGhH.jpg"
2126.0,Nurnberger,"['honey', 'egg', 'lemon juice', 'brown sugar', 'lemon, rind of', 'flour', 'baking soda', 'nutmeg', 'clove', 'cinnamon', 'allspice', 'clove', 'citron', 'powdered sugar', 'rum', 'water']","1. Heat honey to boiling in sauce pan.
2. Cool.
3. Stir in sugar, egg, lemon juice and rind.
4. Stir together flour, soda, and spices.
5. Mix into honey mixture. Stir in citron and nuts.
6. Chi ll in plastic wrap overnite. Heat oven to 350 deg.
7. Shape into 1 inch balls and flatten.
8. Place on greased baking sheet. Press almond halves into cookes and cherry slice into center.
9. Bake just until set 10-12 minutes.
10. Glaze while warm.
11. Glaze: stir ingredients until smooth.
12. Store in air tight container and let mellow.","https://img.sndimg.com/food/image/upload/w_555,h_416,c_fit,fl_progressive,q_95/v1/img/recipes/21/26/picLoXiol.jpg"
2129.0,Caribbean Key Lime Pie,"['coconut', 'sweetened condensed milk', 'key lime juice', 'key lime zest', 'dark rum', 'sour cream', 'sugar']","1. To prepare crust, place coconut in thin layer on 2 (10 x 13-inch) cookie sheets.
2. Toast coconut in 350 degrees oven for 10 minutes or until light golden brown.
3. Stir frequently, and watch carefully.
4. Remove from oven and let cool.
5. Meanwhile, reduce the oven to 250 degrees.
6. In small mixing bowl, beat egg whites to stiff peaks, then slowly beat in superfine sugar until completely dissolved.
7. Fold in cooled coconut. Press this mixture into greased 9-inch pie plate and bake at 250 degrees for 7 minutes and set. Remove from oven and let cool.
8. To make filling:
9. Blend together sweetened condensed milk, lime juice, lime rind and rum in large mixing bowl.
10. Beat in the egg yolks.
11. Gently mix in sour cream to combine well.
12. Pour into cooled crust. Swirl meringue over top of filling.
13. Bake in 350 degrees oven 20 minutes or until meringue is nicely browned.
14. Cool, then chill at least 30 minutes before serving.
15. To make Meringue:
16. Beat egg whites in large mixing bowl until soft peaks are formed.
17. Gradually beat in sugar until whites are stiff, but not dry, being sure the sugar is dissolved.","https://img.sndimg.com/food/image/upload/w_555,h_416,c_fit,fl_progressive,q_95/v1/img/recipes/21/29/picpEm0J9.jpg"
2130.0,Coconut Haystacks,"['evaporated milk', 'brown sugar', 'corn syrup', 'butter', 'coconut']","1. In heavy 2 quart saucepan cook and stir over low heat the milk, sugar and corn syrup until the sugar dissolves.
2. Bring to a boil over medium heat, stirring often, until candy reaches soft ball stage. Remove from heat, stir in the butter, stir then add coconut and mix well.
3. Shape into cones about 1 1/2 inches high.
4. Place on waxed paper to cool.","https://img.sndimg.com/food/image/upload/w_555,h_416,c_fit,fl_progressive,q_95/v1/img/recipes/21/30/CCeC5oBQb2FPVbnXTBUg_20191117_195036.jpg"
2131.0,Coconut Haystacks II,"['coconut', 'powdered sugar', 'egg', 'salt']","1. Preheat oven to 400 degrees.
2. Combine all ingredients.
3. Roll into balls.
4. Bake on buttered cookie sheet for 15 minutes.","https://img.sndimg.com/food/image/upload/w_555,h_416,c_fit,fl_progressive,q_95/v1/img/recipes/21/31/picvijYvB.jpg"
2137.0,Fresh Rhubarb Pie,"['sugar', 'cornstarch', 'ground nutmeg', 'butter', 'margarine', 'rhubarb']","1. Roll half of pastry to 1/8-inch thickness on a lightly floured surface. Place in a 9-inch pie plate; trim off excess pastry along edges.
2. Cover with plastic wrap, and chill until ready to fill.
3. Combine sugar, cornstarch and nutmeg in a heavy saucepan, stirring to blend cornstarch well.
4. Stir in orange rind, juice and butter.
5. Cook over medium heat, stirring constantly, until thickened and bubbly.
6. Stir in rhubarb.
7. Spoon rhubarb mixture into prepared pastry shell.
8. Roll remaining pastry to 1/4-inch thickness; cut into 1/2-inch strips.
9. Arrange strips, lattice fashioned, across top of pie. Trim strips even with edges; fold edges under and flute. Bake at 425°F or 10 minutes.
10. Reduce heat to 350°F and bake an additional 30 minutes or until crust is brown.
11. ENJOY!","https://img.sndimg.com/food/image/upload/w_555,h_416,c_fit,fl_progressive,q_95/v1/img/recipes/21/37/picvtFAUC.jpg"
2141.0,Buttertart Squares,"['butter', 'flour', 'brown sugar', 'eggs', 'brown sugar', 'oatmeal', 'salt', 'vanilla', 'walnuts', 'raisins']","1. Crust: Cut butter into flour until crumbly.
2. Press into 9x9\
3. ,
4. ,
5. ,
6. ,","https://img.sndimg.com/food/image/upload/w_555,h_416,c_fit,fl_progressive,q_95/v1/img/recipes/21/41/picFoXTBA.jpg"
2142.0,Buttery Drop Cookies,"['sugar', 'milk', 'egg', 'vanilla', 'all-purpose flour', 'salt', 'baking powder']","1. Heat oven to 375°F.
2. Grease baking sheet.
3. Combine Butter Flavor Crisco, sugar and milk in medium bowl.
4. Beat at medium speed of electric mixer until well blended.
5. Beat in egg and vanilla; beat until blended.
6. Combine flour, salt and baking powder.
7. Mix into creamed mixture at low speed until just blended.
8. Drop by level tablespoonfuls of dough 2-inches apart onto baking sheet.
9. Bake at 375°F for 7-9 minutes or until set.
10. Cool 2 minutes on baking sheet. Remove to cooling rack.
11. There are several variations that can be used with these cookies such as frosting them as wreaths or ornaments for the holiday season.
12. Using a chocolate frosting between two cookies for a sandwich.
13. Or dipping 1/2 of the cookie into chocolate frosting then into nuts.
14. NOTE: For larger cookies, drop by tablespoonfuls of dough into a mound for each cookie. Place 3-inches apart on baking sheet. Bake at 375°F for 11-13 minutes, or until set. Cool 2 minutes on baking sheet. Remove to cooling rack.",
2144.0,Chi Chi's Sweet Corn Cake,"['butter', 'margarine', 'masa harina', 'water', 'frozen corn', 'sugar', 'yellow cornmeal', 'baking powder', 'salt', 'chili pepper', 'parsley']","1. With an electric mixer, beat butter until fluffy.
2. Gradually beat in masa harina.
3. On low speed, beat in water.
4. Place corn in bowl of food processor and pulse until chopped coarsely.
5. Stir in masa mixture. In a small bowl, stir together sugar, cornmeal,cream, baking powder, and salt. Stir into corn mixture. Spread in a greased 8\
6. ,
7. ,
8. ,
9. ,
10. ,",
2155.0,African Ginger Cake,"['flour', 'sugar', 'ginger', 'butter', 'water']","1. Sift the dry ingredients together into a bowl.
2. Rub in the fat thoroughly.
3. Add the liquid and mix to a firm dough.
4. Roll out on a floured board about 3/8 inch thick.
5. Cut into rounds.
6. Bake on a greased cookie sheet for about 15 minutes at 350 degrees.","https://img.sndimg.com/food/image/upload/w_555,h_416,c_fit,fl_progressive,q_95/v1/img/recipes/21/55/picaArskf.jpg"
2158.0,Zucchini Puff Pies,"['vegetable marrows', 'onion', 'butter', 'garlic clove', 'cheddar cheese', 'basil', 'eggs', 'pepper', 'frozen puff pastry']","1. Steam marrow until tender.
2. Puree marrow in blender / food processor.
3. Saute onions in minced garlic in butter until tender.
4. Shred cheddar cheese. Add onions, garlic, cheese, bread crumbs, eggs and herbs to zucchini.
5. Thaw frozen puff pastry 20 minutes.
6. Roll out each sheet on slightly floured board.
7. Divide each sheet into 4 squares.
8. Fill each of the 8 squares with marrow mixture leaving 1-inch border on all sides.
9. Brush border with egg white; prick top with fork.
10. Place pies on cookie sheet and bake in 400F oven for 30 minutes or till golden brown.
11. Serve warm.
12. See cheese puff pies for frozen puff pastry directions.",
2164.0,Crisco Cookies,"['vegetable shortening', 'brown sugar', 'white sugar', 'egg', 'baking soda', 'cream of tartar', 'flour', 'vanilla']","1. Cream Crisco and sugar together; add egg.
2. Sift soda, cream of tartar and flour together.
3. Add vanilla.
4. Form into balls the size of walnuts.
5. Roll in sugar; place on cookie sheet. Press down with thumb.
6. Bake at 350° for 12-15 minutes.",
2165.0,Crisco Cookies II,"['flour', 'vegetable shortening', 'eggs', 'baking powder', 'sugar', 'vanilla', 'powdered sugar', 'milk']","1. Mix 4 1/2 cups of flour with 6 eggs.
2. Add 1/2 can of Crisco plus remainder of ingredients.
3. Don
4. ,
5. ,
6. ,
7. ,
8. ,",
2169.0,Buttermilk Banana Chiffon Cake,"['eggs', 'sugar', 'flour', 'baking powder', 'baking soda', 'salt', 'vanilla', 'banana', 'buttermilk', 'walnuts']","1. Grease two (2) 8-inch round pans well and dust with flour.
2. Beat egg whites until fluffy.
3. Gradually beat in 1/3 cup of sugar.
4. Beat until very stiff and glossy.
5. In another bowl stir remaining sugar, flour, baking powder, soda and salt.
6. Add oil, bananas, half of buttermilk and vanilla.
7. Mix well for 1 minute at medium speed on mixer.
8. Add remaining buttermilk and egg yolks.
9. Beat another minute. Fold in beaten egg whites and nuts.
10. Pour in prepared pans.
11. Bake at 350°F for 30-35 minutes.
12. Frost with cream cheese frosting.","https://img.sndimg.com/food/image/upload/w_555,h_416,c_fit,fl_progressive,q_95/v1/img/recipes/21/69/picLjpATQ.jpg"
2175.0,Kraft Caramel Popcorn Balls,['water'],"1. Melt caramels with water over low heat, stirring until smooth.
2. Pour over popped corn; toss until well coated.
3. With hands slightly moistened with cold water, form into balls.",
2185.0,Blackberry Pie,"['blackberries', 'butter', 'sugar', 'sugar', 'self-rising flour', 'milk']","1. Use 2 bowls.
2. In one bowl mix berries and 2/3 cup of sugar.
3. Melt butter in microwave. Mix butter with berries and sugar mixture. In second bowl mix flour and sugar; then slowly add milk.
4. Mix well.
5. Pour berry mixture into 2 quart casserole dish, top with batter mixture. Bake 45 minutes in 400 degrees oven or until golden brown.
6. Serves 4 to 6 people. May be topped with favorite whipped topping.","https://img.sndimg.com/food/image/upload/w_555,h_416,c_fit,fl_progressive,q_95/v1/img/recipes/21/85/picDWw2Gu.jpg"
2188.0,Beef Stroganoff with Dill,"['butter', 'mushroom', 'onion', 'cornstarch', 'water', 'sour cream', 'dill weed', 'butter', 'paprika']","1. Cut meat into 1/4\
2. ,
3. ,
4. ,
5. ,
6. ,
7. ,
8. ,
9. ,
10. ,
11. ,",
2189.0,Creamy Dark Chocolate Fudge,"['miniature marshmallows', 'salt', 'vanilla extract']","1. In a heavy saucepan, over low heat, melt chips and miniature marshmallows with sweetened condensed milk and salt. Remove from heat; stir in nuts and vanilla.
2. Spread evenly into wax paper-lined 8 or 9-inch square pan.
3. Chill for 2 hours or until firm.
4. Turn fudge onto cutting board; peel off paper and cut into squares.
5. Store loosely covered at room temperature.",
2196.0,Cookie Icing,"['powdered sugar', 'evaporated milk']","1. I can not give exact amounts because it can vary depending upon climate and color depth.
2. Place powdered sugar in bowl. Add a few drops of food color and a few drops of evaporated milk, stir until blended smooth. If it gets too thin add more powdered sugar. It should be thick.","https://img.sndimg.com/food/image/upload/w_555,h_416,c_fit,fl_progressive,q_95/v1/img/recipes/21/96/picqsgL1h.jpg"
2202.0,Peanut Butter Squares,"['margarine', 'brown sugar', 'white sugar', 'egg', 'peanut butter', 'vanilla', 'baking soda', 'salt', 'flour', 'quick oats']","1. Cream margarine with the sugars.
2. Blend in egg.
3. Add peanut butter and vanilla.
4. Mix flour, oats, soda and salt and spread in a greased 13 x 9-inch pan.
5. Bake in a 350 degrees oven for 20 to 25 minutes.
6. While still hot, sprinkle with 6 ounces of chocolate chips.
7. Spread over top.
8. Make icing of 1/4 cup peanut butter, 1/2 cup powdered sugar and 2 tablespoons of milk or cream.
9. Swirl on top of melted chocolate. Cool and cut into squares.
10. PEANUT BUTTER SQUARES 1 (18 oz.) crunchy peanut butter 1 cup margarine 2 1/2 cup graham cracker crumbs 1 box powdered sugar 1 tsp.
11. vanilla flavor To pping: 1 (16 oz.) bag chocolate chips 1/2 cup margarine Over low heat melt crunchy peanut butter or margarine. Add graham cracker crumbs, one box powdered sugar and one teaspoon vanilla.
12. Mix well.
13. Then press into square pan.
14. Topping: Melt over very low heat chocolate chips and 1/2 cup margarine and stir thoroughly.
15. Spread over peanut mixture. Let cool, then cut into squares.",
2204.0,East-West Flank Steak Wraps,"['beef flank steak', 'green onion', 'salt', 'pepper', 'flour tortillas', 'rice vinegar', 'honey']","1. In large bowl, combine dressi ng ingredients; whisk until blended.
2. Place beef steak in plastic bag; add 3/4 of dressing, turning to coat. Close bag securely and marinate in refrigerator 10 minutes.
3. Meanwhile add coleslaw mix, green onions, salt and pepper to remaining 1/4 of dressing in bowl; toss.
4. Set aside. Wrap tortillas in aluminum foil.
5. Remove steak from dressing; discard dressing.
6. Place steak on grid over medium, ash-covered coals.
7. Grill, uncovered, 17 to 21 minutes fro medium rare to medium doneness, turning once. A few minutes before steak is done, place tortilla packet on grid near edge of grill to heat. Remove steak from grill; let rest 2 to 3 minutes.
8. Season steak with salt and pepper, as desired; carve diagonally into thin slices.
9. To assemble, layer an equal amount of beef, coleslaw mixture and the peanuts down center of each tortilla.
10. Fold bottom edge of tortilla up over filling.
11. Fold right and left sides to center, overlapping edges.
12. Garnish with green onion and peanuts, if desired.
13. Tip: To broil, place steak on rack in broiler pan so surface of meat is 2 to 3 inches from heat. Broil 13 to 18 minutes, turning once. Thinly sliced green cabbage may be substituted for packaged coleslaw mix.",
2209.0,Almond Creme Brulee,"['heavy cream', 'granulated sugar', 'salt', 'light brown sugar']","1. Heat cream in a heavy saucepan.
2. Add granulated sugar and stir until dissolved.
3. Beat egg yolks until light and creamy.
4. Add t he hot cream to the egg yolks gradually, whipping constantly with a wire whisk (not an electric beater). Stir in remaining ingredients except the brown sugar.
5. Pour into a 6-cup souffle dish, and sprinkle brown sugar on top.
6. Bake at 325 degrees for 45 minutes, or until custard tests done. - - - - - - - - - - - - - - - - - - NOTES : This is not for anyone on a low cal, low fat, or low cholesterol diet.",
2211.0,Poppy Seed Cake,"['poppy seed', 'buttermilk', 'flour', 'baking powder', 'baking soda', 'salt', 'butter', 'sugar', 'sugar', 'eggs', 'vanilla extract', 'cinnamon']","1. Mix poppy seeds and buttermilk together, and let stand in refrigerator for several hours or overnight. Sift together flour, baking powder, baking soda and salt. Cream butter and 1 1/2 cups sugar; beat in eggs, one at a time; beat in vanilla and grated orange rind.
2. Stir in flour mixture alternately with buttermilk mixture in about 4 additions of each, stirring until just smooth.
3. Spoon half of batter into a greased and floured 10-inch Bundt pan.
4. Mix remaining sugar and cinnamon together and sprinkle mixture over batter.
5. Pour rest of batter into the pan.
6. Bake in 350°F oven for about 1 hour, or until a wooden pick comes out clean.
7. Cool in pan for 15 minutes, then turn out to finish cooling.
8. Cover tightly and let season for a day or two for best flavor.",
2216.0,Delicious Pizza Sauce,"['tomato paste', 'garlic', 'olive oil', 'salt', 'water']","1. Mix the first six ingredients together.
2. Spread evenly on prepared dough or Boboli, top with toppings and bake according to dough","https://img.sndimg.com/food/image/upload/w_555,h_416,c_fit,fl_progressive,q_95/v1/img/recipes/22/16/picLNolhA.jpg"
2218.0,Low-Fat Apple Cake,"['margarine', 'brown sugar', 'buttermilk', 'all-purpose flour', 'whole wheat flour', 'baking soda', 'baking powder', 'cinnamon', 'salt', 'apples', 'brown sugar', 'cinnamon']","1. In large bowl, combine margarine and sugar using electric mixer.
2. Beat in buttermilk .
3. Add flours, baking soda, baking powder, cinnamon, salt and apples and mix to combine. Spread evenly in lightly-greased Bundt pan or 8- or 9-inch-square baking pan.
4. Bake at 350 degrees for 40 to 45 minutes or until toothpick inserted in centre comes out clean.",
2221.0,Colourful Corn,"['green pepper', 'tomatoes', 'carrot', 'green olives', 'frozen corn', 'water', 'pepper']","1. In frying pan, cook green pepper over medium heat about 5 minutes.
2. Add tomato, carrots, frozen corn and water.
3. Cover and cook 15 minutes.
4. Add a dash of pepper before serving.",
2232.0,Mountain Maple Poppy Dressing,"['mayonnaise', 'maple syrup', 'red wine', 'red wine vinegar', 'sugar', 'poppy seeds']","1. In a large container with a tight-fitting lid, combine all the ingredients, and mix thoroughly.",
2235.0,Pork and Chicken Adobo,"['boneless pork', 'chicken thighs', 'white vinegar', 'soy sauce', 'garlic', 'salt', 'black pepper', 'water']","1. Cut pork across into 3/4 inch slices.
2. then cut into 2 X 1 inch pieces.
3. combine with chicken pieces in large bowl.
4. Mix vinegar,soy sauce, garlic, salt and pepper in a small bowl; pour over pork and chicken.
5. Marinate at room temperature , stirring occasionally, 1 hour.
6. Transfer pork-chicken mixture in medium nonaluminum saucepan, stir in water.
7. Heat over medium heat to boiling.
8. Reduce heat to = low, simmer covered until pork and chicken are tender, about 30 minutes.emove pork and chicken with slotted spoon, draining well.
9. Transfer to plate. Cook vinegar mixture over high heat until reduced to coating consistency , about 15 mi nutes.
10. While sauce is reducing, heat oil in medium skillet over medium hear add pork.
11. Cook , turning frequently , until brown on all sides, about 3 minutes.
12. Remove to plate. Add chicken to skillet, turning once until brown, about 2 minutes.
13. Arrange chicken and pork on serving plate and keep warm.
14. Strain sauce through fine sieve, skim and discard fat. Pour sauce over chicken and pork.",
2238.0,Coca Cola Cake,"['sugar', 'flour', 'salt', 'buttermilk', 'baking soda', 'vanilla', 'eggs', 'margarine', 'butter', 'shortening', 'miniature marshmallows', 'margarine', 'butter', 'vanilla extract', 'powdered sugar']","1. Mix first 8 ingredients, then heat next 3 and add gradually into first mixtures.
2. Grease 13X9X2 inch cake pan and cover bottom with 2 cups miniature marshmallows.
3. Pour batter over that. Bake at 350 degrees (preheated oven) for 35-45 minutes.
4. Pour icing over warm cake.
5. ICING FOR COCA COLA CAKE:
6. Heat margarine, cocoa, Coke and vanilla.
7. Pour over the powdered sugar and mix.
8. Add nuts.
9. Add frosting to the cake.
10. Cool before serving.","https://img.sndimg.com/food/image/upload/w_555,h_416,c_fit,fl_progressive,q_95/v1/img/recipes/22/38/AVqPQcS3RZCgrrFN5NW2-108.JPG"
2251.0,Jenny's Chicken Stuffed Stromboli,"['water', 'water', 'olive oil', 'salt', 'honey', 'flour']","1. In a cup dissolve 1 pack of yeast in 4 tablespoons of warm (but not hot) water.
2. Allow to proof (sit) for 10 minutes.
3. In another cup, mix together 12 tablespoons of cold water, 1 tablespoon of olive oil, 1 teaspoon of salt and 1 tablespoon of honey.
4. Add the wet ingredients (cold stuff first) to 3 cups of flour and mix (I sometimes use a food processor, but you can use your hands.) Allow the dough to rise. Personally, I make the dough the night before I need it, put it in the refrigerator overnight, and let it rise the next day (all day.) But as long as you let it rise at least 2 hours, it should be OK.
5. Saute onion with a little olive oil until vaguely transparent. Add chicken and cook until just not salmonella city - pink inside is ok because it will also cook inside the stromboli.
6. Add green peppers at last minutes and just warm through to take the edge off (I like mine crunchy, so cook as long as you think they need to). Roll out pizza dough on a floured board until its about the shape and size of a pizza pan.
7. Lay the dough on a nonstick pizza pan or a cookie sheet. Layer the chicken, tomato, onion, peppers on one half of the dough.
8. Sprinkle cheese overtop and flop the rest of the dough and seal- use a fork to crimp the edges if necessary.
9. As for cooking, I set the oven at 500 degrees.
10. Stuff the stromboli and place it on a cookie sheet greased with olive oil.
11. I usually coat the stromboli with an egg wash, oregano, and pretzel (or kosher) salt. The egg wash will make it brown nicely.
12. The other stuff is just for taste. There is no set time to cook it. Just keep checking it after about 1 2 minutes.
13. When the bottom is brown, it",
2254.0,Chicken Corn Chowder,"['chicken', 'butter', 'potatoes', 'kernel corn', 'salt', 'pepper', 'parsley', 'hard-boiled eggs']","1. Ribbles: 1 cup flour salt and pepper 1 egg Stew one chicken; cook until tender.
2. Make a lot of broth.
3. Pick chicken off bones.
4. Cut up chicken; put chicken, butter, potatoes, corn, salt, pepper and parsley.
5. Add Ribbles.
6. Ribbles: Mix; crumble; add to mixture. Cook 1 hour.
7. After cooking, chop up boiled eggs.",
2255.0,Cheesy Chicken-Corn Chowder,"['chicken', 'corn', 'pimientos', 'celery', 'milk', 'monterey jack cheese']","1. Combine all ingredients and cook, uncovered, for 10 minutes.
2. Add more milk for a thinner soup.",
2264.0,Japanese Salad Dressing,"['rice vinegar', 'catsup', 'celery', 'fresh ginger', 'pepper', 'onions', 'soy sauce', 'water', 'lemon, rind of', 'salt']",1. Combine all in blender and blend completely.,"https://img.sndimg.com/food/image/upload/w_555,h_416,c_fit,fl_progressive,q_95/v1/img/recipes/22/64/pic6a6RFO.jpg"
2265.0,Windy's Sukiyaki Japanese Salad Dressing,"['salt', 'rice vinegar', 'coarse black pepper', 'accent seasoning', 'msg', 'sugar']","1. Shake all ingredients together in a jar.
2. Shake well each time before using.
3. Keeps a long time in the refrigerator.",
2266.0,Philadelphia Scrapple,"['salt', 'sage', 'marjoram', 'black pepper', 'cornmeal', 'whole wheat flour']","1. Place pork in large saucepan with 4 quarts water; bring to a boil, then reduce heat and cook until pork is tender, about 15 minutes.
2. Drain, reserving 3-quarts cooking liquid.
3. Grind meat fine; bring reserved liquid to a boil.
4. Add sage, marjoram and black pepper.
5. Gradually stir cornmeal and then flour into the boiling broth.
6. Add meat, then reduce heat to low; cook for 30 minutes, stirring frequently.
7. Pour into 2 loaf pans; chill until firm.
8. To serve, slice and fry until brown.",
2267.0,Reese's Peanut Butter Cups,"['graham cracker crumbs', 'butter', 'powdered sugar', 'peanut butter', 'vanilla', 'chocolate chips']","1. Combine everything but the chocolate chips, and press in a greased 8x8\
2. ,","https://img.sndimg.com/food/image/upload/w_555,h_416,c_fit,fl_progressive,q_95/v1/img/recipes/22/67/IKiKynptQUuiVD7Xu5n0_resses-peanut-butter-bars-3732.jpg"
2273.0,Orange Blossom Muffins,"['egg', 'sugar', 'marmalade', 'sugar', 'all-purpose flour', 'cinnamon', 'shortening', 'biscuit mix', 'pecans', 'nutmeg', 'butter', 'margarine']","1. Combine egg, salad oil, 1/4 cup sugar, and orange juice together; add biscuit mix and beat vigorously for 30 seconds.
2. Stir in marmalade and pecans.
3. Grease muffin pan or line with paper bake cups.
4. Fill 2/3 full.
5. Combine 1/4 cup sugar, flour, cinnamon and nutmeg; cut in butter until crumbly.
6. Sprinkle over batter.
7. Bake at 400 degrees for 20 to 25 minutes.
8. Makes 1 dozen.",
2278.0,Rhubarb Squares,"['flour', 'powdered sugar', 'butter', 'sugar', 'flour', 'eggs', 'vanilla', 'fresh rhubarb', 'frozen rhubarb']","1. Combine flour and powdered sugar; cut in butter until mixture resembles coarse crumbs.
2. Press into the bottom of a greased 11-inch x 7-inch x 2-inch baking pan.
3. Bake at 350 degrees F for 12 minutes.
4. For filling, combine the first four ingredients in a bowl.
5. Stir in rhubarb; pour over a warm crust. Bake at 350 F for 35-40 minutes or until wooden pick inserted in center comes out clean.
6. Cool on wire rack.
7. Serve warm if desired.
8. Store in refrigerator.","https://img.sndimg.com/food/image/upload/w_555,h_416,c_fit,fl_progressive,q_95/v1/img/recipes/22/78/picKHe8mM.jpg"
2279.0,Sweet Pepper Sauce for Pasta,"['onion', 'plum tomatoes', 'olive oil', 'plum tomatoes', 'marjoram']","1. Cook the onion, red pepper, and diced tomatoes in the oil in a 2-quart pot until soft, about 5 minutes.
2. Stir in the pureed tomatoes, capers, salt and pepper; bring to a boil.
3. Cook 15 minutes.
4. Fold in the marjoram.
5. Serve hot over pasta.",
2284.0,Alice's Doughnuts,"['eggs', 'sugar', 'milk', 'shortening', 'vanilla extract', 'flour', 'baking powder', 'salt', 'butter']","1. In a large bowl, beat the eggs until foamy.
2. gradually add sugar, beating constantly.
3. Stir in the milk, shortening and vanilla.
4. Sift together the flour, baking powder and salt. Add to the liquid mixture,mixing well.
5. Cover and chill the dough for 30 min.-1 hour for easier handling.
6. Preheat oven to 450 d egrees.
7. Spray a baking sheet with vegetable cooking spray.
8. Roll out and pat the dough on a lightly floured board to a 1/2\
9. ,
10. ,
11. apart. Bake for 10-15 min.
12. or until golden brown.
13. Brush each doughnut and hole with melted butter and roll in cinnamon-sugar mixture to coat all sides.
14. Cinnamon-Sugar: 1 cup sugar 1 teaspoon cinnamon, In a small bowl, combine; blending well.",
2306.0,Chicken Fried Rice II,"['chicken', 'soy sauce', 'long grain rice', 'chicken broth', 'onion', 'green pepper', 'celery', 'eggs', 'lettuce', 'chinese cabbage']","1. Combine chicken, soy sauce and 1/2 teaspoon salt. Let stand 15 minutes.
2. Cook rice in hot oil in skillet over medium heat until golden brown; stir frequently.
3. Reduce heat, add chicken with soy sauce and broth.
4. Simmer, covered, 20 to 25 minutes, or until rice is tender.
5. Remove cover last few minutes.
6. Stir in onion, green pepper and celery.
7. Cook uncovered over medium heat until liquid is absorbed.
8. Push rice mixture to sides of skillet. Add eggs; cook until almost set. Blend into rice mixture. Stir in lettuce; serve at once with soy sauce.","https://img.sndimg.com/food/image/upload/w_555,h_416,c_fit,fl_progressive,q_95/v1/img/recipes/23/06/picp1VbXR.jpg"
2309.0,Sesame Chicken with Honey Dip,"['mayonnaise', 'dry mustard', 'sesame seeds', 'chicken', 'turkey']","1. Mix mayonnaise, dry mustard and minced onion; set aside. Mix crumbs and sesame seeds.
2. Coat chicken with mayonnaise mixture, then crumb mixture. Place on baking sheet. Bake at 425 degrees for 12 minutes or until lightly browned.
3. Serve hot with dip.
4. Honey Dip: 1 cup mayonnaise 2 Tbsp. honey Mix ingredients.",
2325.0,Apple Strawberry Cobbler,"['granulated sugar', 'all-purpose flour', 'lemons, rind of', 'cinnamon', 'apples', 'lemon juice', 'flour', 'sugar', 'baking powder', 'baking soda', 'salt', 'butter', 'buttermilk', 'strawberry']","1. Combine sugar, flour, lemon rind and cinnamon.
2. Stir in apples, strawberries and lemon juice. Spread mixture in 8-inch square baking dish and bake in 400 degree oven for 10 minutes.
3. TOPPING: In bowl, mix together flour, sugar, baking powder, baking soda and salt. Cut in butter until crumbly.
4. With fork, stir in buttermilk until soft dough forms.
5. Drop by spoonfuls onto fruit. Bake 35 to 40 minutes or until top is golden and biscuits are cooked through.",
2328.0,Brunch Eggs,"['bacon', 'dry mustard', 'onion', 'milk', 'cheddar cheese', 'eggs', 'english muffins']","1. Fry bacon; drain off fat, except for 1 tablespoon.
2. Saute onion.
3. Stir in soup, milk and mustard.
4. Heat until warm.
5. Stir in cheese until it melts.
6. Pour sauce into greased 9x13-inch pan.
7. Break eggs on top of sauce. Crumble and sprinkle on bacon.
8. Bake 20 minutes at 350 or until eggs are set. Spoon 1 egg and sauce on a toasted muffin half.","https://img.sndimg.com/food/image/upload/w_555,h_416,c_fit,fl_progressive,q_95/v1/img/recipes/23/28/picTKFwIL.jpg"
2329.0,Mr. Walker's Feta Burger,"['beef burgers', 'tabasco sauce', 'greek feta cheese', 'olive oil', 'garlic clove', 'onions', 'shallots', 'dried oregano', 'fresh thyme', 'salt', 'pepper']","1. Select your favorite pure beef burgers (make them yourself, or buy the best frozen ones you can find) and hamburger buns (white bread).
2. While the beef burgers are still frozen, marinate one (or both) sides with Tabasco sauce. The sauce will stay put as it freezes directly on the surface.
3. The burgers should then be grilled.
4. meanwhile, heat oil in a medium skillet.
5. add onions or shallots and garlic, oregano, thyme, salt, pepper, and cook 10-15 minutes until onion is slightly carmelized.push aside.
6. When almost done, put 2 thick slices of (preferrably) real Greek feta-cheese (you can select any brand of feta here, depending on taste and availability). Let the cheese fry with the onions for the last couple of minutes. Before putting the feta on the burger, cover it with a few thin slices of onions and garlic.",
2333.0,Sour Cream Cupcakes,"['creamed shortening', 'sugar', 'eggs', 'baking soda', 'sour cream', 'all-purpose flour', 'salt', 'cream of tartar', 'mace']","1. Cream the shortening, sugar, and eggs together until light an fluffy.
2. Dissolve the soda into the sour cream.
3. Sift the flour, salt, cream of tartar, and mace together.
4. Mix with the first mixture and beat together.
5. Bake in a greased cupcake pan or you can use foil wraps at 400° for 15 - 20 minutes.",
2335.0,Collections (4) Tapioca,"['evaporated milk', 'minute tapioca', 'sugar', 'salt', 'water', 'very strong coffee', 'real vanilla']","1. Mix the egg yolk with a little bit of the milk in a saucepan.
2. Add the rest of the milk, tapioca, sugar, salt, water, and coffee. Bring it to a boil over direct heat until tapioca is clear.
3. Stir constantly to avoid sticking.
4. Remove from heat. Add the stiffly beaten egg whites and fold into the hot mixture. Add vanilla into mixture and fold again.
5. Cool.
6. Pineapple Tapioca 2 1/2 cups of crushed pineapple (keep juice) 1/4 cup of minute tapioca 1/3 cup of sugar 1/8 tsp salt. Mix all ingredients into a double boiler.
7. Cook for 20 minutes or until the tapioca is clear.
8. Chill and serve. Indian Tapioca Pudding 1/3 cup of minute tapioca 1/4 cup of all purpose corn meal 1 quart of milk, scalded 1 cup of dark molasses 1/2 tsp salt 2 Tbsp butter 1 1/2 cups of cold milk Combine tapioca, corn meal, and put it into the scalded milk.
9. Cook until tapioca is clear--stirring constantly so it will not stick or burn.
10. Add the molasses, salt, and butter.
11. Pour into a well greased baking dish.
12. Add the milk and DO NOT STIR.
13. bake in oven at 350* for 1 hour.
14. Serve with whipped cream.
15. Also great with dried fruit, fresh fruits, or an assortment of nuts.
16. Princess Pudding 1 cup of minute tapioca 3 1/2 cups of boiling water 1/2 cup of sugar 1/2 pint of tart jelly 1/2 tsp salt Cook the tapioca in the water with sugar and salt until it is clear and has \
17. .
18. Add the jelly and stir until dissolved.
19. Chill and serve cold.
20. Can be served with whipped cream or a soft custard.",
2336.0,Tapioca Cream,"['milk', 'minute tapioca', 'sugar', 'egg', 'salt', 'real vanilla']","1. Beat the egg white until stiff.
2. Add the tapioca to the milk in a double boiler.
3. Cook until tapioca is transparent, stirring frequently.
4. Add half the sugar to the milk and half to the egg yolk, lightly beaten.
5. Add salt to the egg mixture.
6. Pour hot mixture slowly over the egg mixture.
7. Return to the double boiler and cook until thickened, stirring constantly.
8. Fold in the stiffly beaten egg white.
9. Serve very cold.",
2337.0,Tapioca Custard Pudding,"['milk', 'eggs', 'minute tapioca', 'sugar', 'salt', 'butter']","1. Add the tapioca to the milk and cook in double boiler for 30 minutes.
2. Remove. To the sugar add the salt and eggs.
3. Pour this mixture slowly over the hot mixture. Mix into a buttered pudding dish.
4. Add the butter to this mixture. Put the pan in really hot water and bake in oven at 325° over for 30 minutes.
5. Great with crushed or whole fruits and berries.",
2345.0,Marinated Vegetable Salad,"['sugar', 'cider vinegar', 'salt', 'dry mustard', 'celery seed', 'cauliflower head', 'broccoli', 'carrots', 'celery', 'radish', 'green onions', 'green pepper', 'black olives', 'cherry tomatoes']","1. Boil water, vinegar, salt and dry mustard for 1 minute.
2. Cool; stir in remaining dressing ingredients.
3. Chill.
4. Toss salad ingredients with cold dressing; cover and chill several hours.",
2361.0,Baked Orzo and Greek Cheese,"['orzo pasta', 'olive oil', 'feta cheese', 'dried dill', 'kasseri cheese']","1. Cook orzo in a large pot according to package directions until al dente. Drain and set aside. Preheat oven to 350 degrees and lightly oil a 1 1/2 quart oven proof casserole. Transfer orzo to a large mixing bowl and add, cream, oil.
2. Feta and dill.
3. Mix well.
4. Seas on with salt and pepper.
5. Transfer orzo mixture to prepared casserole, sprinkle top with Kasseri, and bake until heated through, about 40 minutes.",
2364.0,Chicken Breasts Stuffed with Feta and Spinach,"['chicken breast halves', 'feta cheese', 'frozen spinach', 'lemon juice', 'olive oil']","1. Preheat oven to 350 degrees, wash and dry chicken.
2. Cut a horizontal pocket in each breast taking care not to pierce the top, bottom or sides.
3. In a small bowl combine spinach an d Feta and mix well.
4. Fill pockets in chicken breasts with Feta mixture and secure with toothpicks.
5. Place in a glass or ceramic baking dish.
6. Mix together lemon juice, olive oil, salt and pepper and pour over chicken.
7. Marinate 30 minutes, turning once.
8. Season chicken with salt and pepper and broil until golden, about 15 minutes.","https://img.sndimg.com/food/image/upload/w_555,h_416,c_fit,fl_progressive,q_95/v1/img/recipes/23/64/picimjIXH.jpg"
2366.0,Mom's Excellent Creamy Cauliflower Soup,"['olive oil', 'onion', 'celery', 'garlic cloves', 'carrot', 'potatoes', 'cauliflower florets', 'water', 'dill', 'caraway seed', 'dry mustard', 'black pepper', 'cheddar cheese', 'velveeta cheese']","1. salt to taste In a large stock pot, saute onion, garlic, celery, and carrots till tender.
2. Add stock or water to pan with potato cubes, cauliflower and banana pepper.
3. Bring to a boil and simmer for 20 minutes, or till vegetables are tender.
4. At this point, add seasonings, except salt. Taste for heat, and if ok, remove banana pepper now.
5. If you like it hotter, leave till desired heat is achieved, remembering that reheating the soup will make it hotter each time. Next, add the milk and heat to a slow simmer.
6. Now, add the cheese. I use 1-2 cups of Velveeta, and or sharp cheddar cheese shredded, and stir in until melted.
7. Now salt to taste and serve.
8. NOTES : If a banana pepper is unavailable, use crushed red pepper flakes.
9. I also add shredded sharp cheddar cheese with the Velveeta.
10. I also like the caraway flavor and add more than my Mom does.",
2373.0,Twice Baked Potato Casserole,"['mashed potatoes', 'sour cream', 'cheddar cheese', 'bacon', 'green onion']","1. Spread potatoes in greased shallow casserole dish.
2. Top with sour cream, cheese, bacon and onions.
3. Casserole may be covered and refrigerated up to 24 hours, if desired.
4. Bake uncovered in 350°F oven for 30 minutes or until hot.",
2375.0,Mississippi Mud Pie &amp; Cake,"['margarine', 'vanilla', 'sugar', 'salt', 'eggs', 'flour']","1. Melt margarine and cocoa.
2. Add sugar, vanilla and salt. Beat eggs inches.
3. Add flour and nuts.
4. Bake in 9 x 13-inch pan at 300 degrees for 30 minutes.
5. While hot spread on 1 jar marshmallow cream and then icing.
6. Icing: 1/2 cup melted margarine 1/2 cup cocoa 1 box powdered sugar 1/3 cup milk 1 teaspoons.
7. vanilla Swirl with scraper to look like mud.
8. MISSISSIPPI MUD CAKE 4 eggs 1 cup butter 2 cup sugar 1 teaspoons vanilla 1 1/2 cup flour 1/4 cup cocoa dash of salt 1 cup chopped walnuts 1 jar marshmallow cream.
9. In a large mixing bowl, with mixer at medium speed, beat eggs, butter, sugar and vanilla until light and fluffy, scraping sides of bowl.
10. Add flour, cocoa and salt. Beat just until well blended.
11. Fold in walnuts; spread batter evenly into 9 x 13-inch pa n.
12. Bake for 20 to 25 minutes.
13. After baking, immediately place drops of marshmallow cream onto cake and let cool on rack.
14. Spread until smooth; let cool on wire rack before frosting.
15. Frosting For Mississippi Mud Cake: 1/3 cup butter 1/2 cup cocoa 1/3 cup milk 1 teaspoons vanilla 2 1/2 cup confectioners sugar.
16. Combine all ingredients; mix until light and fluffy.
17. Frost cake and chill.",
2384.0,Chicken Scarpariello,"['boneless chicken breasts', 'fresh garlic', 'butter', 'olive oil', 'mushroom', 'italian sausage', 'capers', 'fresh basil', 'red pepper flakes', 'white wine']","1. Season chicken with salt and pepper and let sit a few minutes Heat butter and olive oil in a large frying pan on med/low heat. Add garlic and saute just until garlic softens, do not brown.
2. Add chicken and saute until lightly browned.
3. Add mushrooms and saute about 3 minutes Add all other ingredients except wine and saute about 3 or 4 minutes.
4. Add wine and simmer for about 5 minutes or until chicken is cooked through and sauce thickens slightly",
2386.0,Miracle Pie ( Impossible Pie),"['eggs', 'butter', 'sugar', 'coconut', 'all-purpose flour', 'baking powder', 'milk', 'vanilla', 'salt']","1. Preheat oven to 350°F.
2. Literally throw all ingredients into the blender.
3. Use the \
4. cycle.
5. As it is all mixing, lightly butter and flour coat a pie pan.
6. Pour mixture into the pan and bake for 40 -45 minutes.",
2387.0,Lemon-Sour Cream Pie,"['cornstarch', 'sugar', 'butter', 'sour cream', 'lemon, rind of', 'lemon juice', 'milk', 'heavy cream']","1. In a heavy saucepan, combine sugar, cornstarch, lemon rind, lemon juice and egg yolks and milk.
2. Cook on medium heat until thick, stirring constantly.
3. Add butter and let mixture cool to room temperature. Stir in sour cream and pour filling into pie shell.
4. Cover with whipped cream.
5. Store in refrigerator.
6. \
7. - - - - - - - - - - - - - - - - - -","https://img.sndimg.com/food/image/upload/w_555,h_416,c_fit,fl_progressive,q_95/v1/img/recipes/23/87/picfyFH8f.jpg"
2388.0,Old Fashioned Potato Dumplings,"['potatoes', 'salt', 'pepper', 'shortening', 'nutmeg', 'eggs', 'all-purpose flour']","1. Mix all ingredients together to form a soft dough.
2. Drop by tablespoon full into a slightly salted boiling water.
3. Cover and boil until light and fluffy (approximately 12 minutes).
4. Do not lift lid or they will fall and turn out doughy.",
2393.0,Good Ol' Pumpkin Pie,"['sugar', 'cinnamon', 'ginger', 'nutmeg', 'salt', 'flour', 'pumpkin', 'evaporated milk', 'eggs', 'margarine']","1. Combine sugar, spices and flour.
2. Add all other ingredients and beat until smooth.
3. Pour into unbaked pie shell.
4. Bake at 400 for 15 minutes.
5. Reduce oven temperature to 350 and bake another 45 minutes or until knife blade comes out clean when inserted in center of pie.","https://img.sndimg.com/food/image/upload/w_555,h_416,c_fit,fl_progressive,q_95/v1/img/recipes/23/93/picam4B29.jpg"
2405.0,Cucumber Lemonade,['cucumber'],"1. Make a pitcher of your favorite lemonade.
2. Grate the cucumber over the pitcher, and mix in the cucumber juice and pulp.
3. Serve over ice.",
2417.0,Old Fashioned Crumb Cake,"['shortening', 'brown sugar', 'all-purpose flour', 'baking powder', 'cinnamon', 'salt', 'egg', 'milk']","1. Preheat oven to 375F and grease an 8\
2. ,
3. ,
4. ,
5. ,
6. ,
7. ,
8. ,
9. ,","https://img.sndimg.com/food/image/upload/w_555,h_416,c_fit,fl_progressive,q_95/v1/img/recipes/24/17/picxt5qrC.jpg"
2420.0,Feta Cheese Spread,"['cream cheese', 'feta cheese', 'sour cream', 'green onions']","1. Beat cream cheese, Feta cheese and sour cream until fluffy.
2. Add chopped green onion and garlic salt. Refrigerate, covered, several hours.
3. Garnish with additional green onion.",
2422.0,Pear Bread,"['butter', 'sugar', 'eggs', 'flour', 'salt', 'baking soda', 'baking powder', 'nutmeg', 'yogurt', 'buttermilk', 'pear', 'vanilla']","1. Cream butter, gradually beat in sugar.
2. Beat in eggs, one at a time. Combine dry ingredients.
3. Add to egg mixture alternately with yogurt. Stir in pears and vanilla.
4. Pour into buttered loaf pan.
5. Bake at 350 degrees for 1 hour.
6. Freezes well.
7. Excellent for mini loaves.","https://img.sndimg.com/food/image/upload/w_555,h_416,c_fit,fl_progressive,q_95/v1/img/recipes/24/22/picsJJHI8.jpg"
2425.0,Mallow Sweet Potato Balls,"['sweet potatoes', 'butter', 'marshmallows', 'egg', 'water']","1. Season mashed sweet potatoes and add melted butter.
2. Mold sweet potatoes around the marshmallows forming 8 balls with a marshmallow in the center of each.
3. Beat egg and add cold water.
4. Dip sweet potato balls in egg and then in the crushed cornflakes.
5. Place in a greased pan and bake until crisp at 350 degrees for 20 minutes.",
2438.0,Breakfast Souffle,"['sausage', 'ham', 'eggs', 'milk', 'dry mustard', 'salt', 'cheese', 'hash browns', 'flour', 'green pepper']","1. Put hash browns (slightly thawed), flour and green pepper in greased 9-x13-inch pan.
2. Brown meat and add rest of ingredients.
3. Pour in pan.
4. refrigerate overnight. Bake at 350 for 1 hour.",
2441.0,Blueberry Muffins,"['whole wheat flour', 'granulated sugar', 'baking powder', 'baking soda', 'eggs', 'buttermilk', 'molasses', 'fresh blueberries', 'frozen blueberries']","1. In large bowl, combine bran, flour, sugar, baking powder and baking soda.
2. In another bowl, mix together eggs, buttermilk, oil and molasses.
3. Pour egg mixture into bran mixture and stir to moisten.
4. Do not overmix.
5. Fold in blueberries.
6. Spoon batter into nonstick or paper-lined large muffin tins, filling almost to top.
7. Bake at 375 degrees for 25 minutes or until firm to the touch.","https://img.sndimg.com/food/image/upload/w_555,h_416,c_fit,fl_progressive,q_95/v1/img/recipes/24/41/picO0Dfcz.jpg"
2450.0,Mallow Topped Sweet Potatoes,"['sweet potatoes', 'butter', 'margarine', 'brown sugar', 'salt', 'cinnamon', 'nutmeg', 'marshmallows']","1. Heat oven to 350 degrees.
2. Pour sweet potatoes in a 10x6\
3. ,
4. ,
5. ,
6. ,
7. ,
8. ,",
2456.0,Heavenly Chilled Orange Cheesecake,"['butter', 'unflavored gelatin', 'cream cheese', 'sugar', 'orange zest']","1. Soften gelatin in juice. Combine crumbs and butter.
2. Press into bottom of 9 spring form pan.
3. Bake at 350 F for 10 minutes.
4. Cool.
5. Stir over low heat until dissolved.
6. Combine cream cheese and sugar, mixing well on medium.
7. Gradually add gelatin.
8. Chill until slightly thickened, fold in whipped cream and peel.
9. Pour over crust. Chill until firm.
10. Garnish with orange slices and fresh mint, if desired.",
2459.0,Chicken Livers in Black Bean Sauce,"['chicken livers', 'soy sauce', 'sherry wine', 'salt', 'sugar', 'white pepper', 'red capsicum', 'bok choy', 'cornflour']","1. Trim livers, discarding any core part. Cut into 2cm pieces.
2. Place livers in a bowl with the soy sauce, sherry, salt, sugar, pepper and stock powder.
3. Marinate 5 minutes.
4. Heat the oil in a large frying pan and quickly cook the chicken livers over a high heat until almost cooked.
5. This is best done in two batches.
6. Transfer to a plate. Add the capsicum to the pan and cook 1 minute. Tear the large bok choy leave in halve lengthwise. Add all the leaves to the pan and sprinkle the livers on top.
7. Cover and cook 1 minutes.
8. Mix together the sauce ingredients and pour into the pan.
9. Toss until the sauce is hot and the bok choy has wilted and the livers just cooked.
10. Season with salt and pepper if wished and serve on noodles.",
2460.0,Home Fries,['potatoes'],"1. Boil potatoes with jackets on until the fork goes in fairly easily.
2. Peel potatoes after they cool.
3. Put small amount of oil in skillet. Slice and fry until brown.","https://img.sndimg.com/food/image/upload/w_555,h_416,c_fit,fl_progressive,q_95/v1/img/recipes/24/60/pic6nqT8g.jpg"
2461.0,Home Fried Potatoes,"['potatoes', 'salt', 'pepper', 'paprika', 'bacon drippings']","1. Press potatoes between paper towels; sprinkle with seasonings.
2. Heat drippings in heavy skillet; add potatoes.
3. Cover and cook over low heat 5 minutes.
4. Remove cover and fry over medium heat for about 20 minutes, turning to brown evenly.",
2462.0,Home-Fried Potatoes,"['onions', 'potatoes']","1. Peel and cube potatoes.
2. Cook in oil in covered skillet, turning often about 5 minutes.
3. Add onions, salt and pepper to taste and continue to cook over l ow heat until potatoes are almost cooked, turning often.
4. Remove cover and continue cooking until well browned and slightly crisped.
5. Serves 2 to","https://img.sndimg.com/food/image/upload/w_555,h_416,c_fit,fl_progressive,q_95/v1/img/recipes/24/62/XRvnfHb9RHaygk0JPTVy_IMG_1433.JPG"
2468.0,Sweet Potato Casserole,"['sweet potatoes', 'eggs', 'vanilla', 'butter', 'milk', 'coconut', 'brown sugar', 'pecans', 'flour', 'butter']","1. Preheat oven to 350F and grease a 3 quart casserole.
2. Mix together mashed sweet potatoes, eggs, vanilla, butter, milk and coconut.
3. Pour into greased 12-inch round casserole.
4. For topping, mix together brown sugar, nuts, flour and butter.
5. Crumble over the sweet potatoes (not too thick as it
6. ,","https://img.sndimg.com/food/image/upload/w_555,h_416,c_fit,fl_progressive,q_95/v1/img/recipes/24/68/pic7xkXDZ.jpg"
2474.0,Grandma's Apple Muffins,"['flour', 'sugar', 'baking powder', 'cinnamon', 'baking soda', 'clove', 'apple', 'walnuts', 'eggs', 'buttermilk', 'butter', 'flour', 'brown sugar', 'cinnamon', 'butter']","1. Prepare Streusel Topping by mix topping ingredients in small bowl until crumbly.
2. Set aside.
3. In large bowl, mix flour, sugar, baking powder, cinnamon, soda and cloves.
4. Add apple and walnuts; toss to coat.
5. In small bowl, beat eggs with fork; beat in buttermilk and butter.
6. Add to flour mixture; stir just until blended.
7. Fill greased pans 2/3 full.
8. Sprinkle with Streusel Topping.
9. Bake in preheated 400 degrees oven until pick inserted in center comes out clean, 15 to 25 minutes for muffins, 30 to 35 minutes for 9-inch square coffee cake.","https://img.sndimg.com/food/image/upload/w_555,h_416,c_fit,fl_progressive,q_95/v1/img/recipes/24/74/picIXpaza.jpg"
2479.0,Pumpkin Soup,"['pumpkin', 'potato', 'onion', 'butter', 'margarine', 'milk', 'leeks', 'parsley']","1. Peel and dice pumpkin and potatoes Melt half the butter or margarine in a saucepan and saute the onion until golden brown.
2. Add the diced pumpkin and potatoes and milk.Bring to a boil,reduce heat and simmer for about 40 minutes.
3. Sieve or puree in an electric blender.
4. Season to taste with salt and pepper.
5. Saute the leeks in the remaining butter or margarine. Add to the soup with the chicken stock.Bring to a boil.
6. Reduce heat and simmer for five minutes.
7. Before serving,stir in cream and chopped parsley.",
2484.0,Carrot Apple Casserole,"['carrots', 'apples', 'brown sugar', 'cornstarch', 'cinnamon', 'butter']","1. Cook carrots in boiling water until barely tender.
2. Do not overcook them because they are going into the oven.
3. Drain and mix the carrots and apples in a baking dish that has been lightly buttered.
4. Combine sugar, cornstarch and cinnamon, sprinkle over the carrot and apple mixture. Dot with the butter.
5. Pour the orange juice over all and bake 350: for about an hour.
6. This dish can be expanded very easily.",
2490.0,Cucumber Raita,"['cucumbers', 'plain yogurt', 'cumin', 'fresh ginger', 'paprika']","1. Combine cucumbers with yogurt in a bowl.
2. Fry cumin in a dry pan for 1 minute until fragrant, then add to yogurt mixture with the ginger.
3. Season with salt and pepper.
4. Place in a bowl and dust with paprika.
5. Serve chilled.
6. Can be refrigerated up to 2 days.",
2495.0,Chocolatetown Special Cake (Chocolate Cake),"['boiling water', 'shortening', 'sugar', 'vanilla', 'eggs', 'flour', 'baking soda', 'salt', 'buttermilk']","1. In small bowl combine cocoa and boiling water, set aside. Heat oven to 350 degrees F.
2. Grease and flour 2 9-inch round pans. (Don
3. ,
4. ,
5. ,
6. ,","https://img.sndimg.com/food/image/upload/w_555,h_416,c_fit,fl_progressive,q_95/v1/img/recipes/24/95/picYqDHqV.jpg"
2496.0,Dark Chocolate Cake,"['sugar', 'flour', 'baking powder', 'baking soda', 'salt', 'eggs', 'milk', 'vanilla extract', 'boiling water']","1. Heat oven to 350°F.
2. Grease and flour two 9 inch round baking pans or one 13x9 inch pan.
3. In large mixer bowl, stir together dry ingredients.
4. Add eggs, milk, oil, and vanilla; beat on medium speed for 2 minutes.
5. Stir in boiling water by hand (batter will be thin). NOTE: I have tried it with 1/2 cup, 2/3 cup and 3/4 cup boiling water and we prefer it with less than 1 cup water. I usually use between 2/3 & 3/4 cups. The cake is still very moist but it doesn
6. fall\
7. t know if it will work for everyone.
8. Pour into prepared pan.
9. Bake 30 to 35 minutes for round 9-inch pans, 35 to 40 minutes for rectangular pan or until wooden pick inserted in center comes out clean. (Do not use 8-inch pans or the batter will overflow.).
10. Because they have a tendency to overflow if you fill them more than 2/3 full, I usually get about 27-28 cupcakes per batch. Bake for approximately 18-20 minutes.
11. Cool 10 minutes; remove from pan to wire racks.
12. Please note: baking cocoa isn","https://img.sndimg.com/food/image/upload/w_555,h_416,c_fit,fl_progressive,q_95/v1/img/recipes/24/96/WnJFBuTMQEj2PNZ1hLwg_batch23-7154.jpg"
2498.0,Pumpkin Pie Crunch,"['solid pack pumpkin', 'evaporated milk', 'eggs', 'sugar', 'pumpkin pie spice', 'salt', 'pecans', 'butter']","1. Preheat oven to 350°F.
2. Grease bottom of 13x9x2-inch pan.
3. Combine pumpkin, evaporated milk, eggs, sugar, pumpkin pie spice and salt in large bowl.
4. Pour into pan.
5. Sprinkle dry cake mix evenly over pumpkin mixture. Top with pecans.
6. Drizzle with melted butter.
7. Bake at 350°F for 50 to 55 minutes or until golden. (Check it early).
8. Cool completely. Serve with whipped topping. Refrigerate leftovers.","https://img.sndimg.com/food/image/upload/w_555,h_416,c_fit,fl_progressive,q_95/v1/img/recipes/24/98/picpMkKzO.jpg"
2501.0,Chocolate Pumpkin Spice Cake,"['unsalted butter', 'sugar', 'pumpkin puree', 'vanilla extract', 'eggs', 'baking powder', 'baking soda', 'salt', 'cinnamon', 'ginger', 'clove', 'nutmeg', 'flour', 'pecans', 'walnut pieces', 'golden raisin', 'confectioners']","1. Preheat the oven to 350 degrees F.
2. Grease and flour a 10-inch bundt pan or tube pan.
3. In a large heavy saucepan over medium heat, melt the butter.
4. Remove from heat and mix in the sugar, pumpkin puree, vanilla, and eggs.
5. Add the baking powder and baking soda in pinches, breaking up any lumps with your fingers.
6. Stir in thoroughly.
7. Stir in the salt, cinnamon, ginger, cloves, nutmeg, and cocoa.
8. Stir in the flour, just until blended, then the nuts and raisins.
9. Pour and scrape the batter into the pan.
10. Smooth the top.
11. Bake for 45 minutes.
12. Cool in the pan on a rack for 10 minutes.
13. Remove from the pan and cool on the rack for about 15 minutes more. When cool, dust top with confectioners",
2502.0,Pumpkin Bundt Cake,"['eggs', 'sugar', 'fresh pumpkin', 'canned pumpkin', 'vanilla extract', 'cinnamon', 'cloves', 'allspice', 'salt', 'baking soda', 'baking powder', 'whole wheat flour', 'all-purpose flour', 'walnut pieces']","1. Preheat oven to 350 degrees F.
2. Grease and flour a 10-inch bundt pan or tube pan.
3. In a large mixing bowl, mix the eggs with a large fork until well blended.
4. Mix in the sugar.
5. Add the oil in a steady stream, mixing all the while, until the mixture is thick and smooth.
6. Mix in the pumpkin, vanilla, cinnamon, clove and salt. Add the baking soda and baking powder in pinches, breaking up any lumps with your fingers.
7. Stir in thoroughly.
8. Stir in the whole wheat and all-purpose flours just until blended.
9. Stir in the walnuts.
10. Pour and scrape the batter into the pan and bake for 45 to 50 minutes, or until a tester inserted in the center comes out clean.
11. Cool in the pan on a rack for 10 minutes.
12. Invert, remove the pan, and cool on the rack for about 15 minutes more. (Makes 10-12 servings)","https://img.sndimg.com/food/image/upload/w_555,h_416,c_fit,fl_progressive,q_95/v1/img/recipes/25/02/picWlvl1v.jpg"
2505.0,Pumpkin Roll,"['eggs', 'sugar', 'pumpkin', 'flour', 'baking soda', 'salt', 'cinnamon', 'confectioners', ',', ',', ',', ',']","1. Line 10x15 inch jellyroll pan with waxed paper and grease. Preheat oven to 375°F.
2. In a large bowl, beat eggs and sugar with an electric mixer on high speed for five minutes. Gradually mix in pumpkin. Combine the flour, baking soda, salt, and cinnamon; stir into the pumpkin mixture.
3. Spread batter evenly into the prepared pan. Bake at 375°F for 15 minutes.
4. After you take it out of the oven sprinkle top with powdered sugar, and flip onto a dish towel. Remove the waxed paper and sprinkle with more powdered sugar; roll up like a jellyroll in the dish towel.
5. Refrigerate for 1 hour or put in freezer for 15 minutes. Unroll; spread filling on roll and roll again without the towel.
6. Place in container or Reynolds Wrap. Refrigerate or you may freeze for up to 4 months.","https://img.sndimg.com/food/image/upload/w_555,h_416,c_fit,fl_progressive,q_95/v1/img/recipes/25/05/FMGPCbE3QfiaWXSTbF8i_untitled-0081.jpg"
2509.0,Lite or Light Pumpkin Chocolate Chip Muffins,"['eggs', 'unsweetened applesauce', 'pumpkin', 'sugar', 'flour', 'baking soda', 'baking powder', 'cinnamon', 'salt']","1. Mix first 5 ingredients together; separately, mix dry ingredients.
2. Blend the two mixtures together, fold in chips.
3. Generously fill 24 greased or paper-lined muffin cups. (I have found the paper liners don
4. ,","https://img.sndimg.com/food/image/upload/w_555,h_416,c_fit,fl_progressive,q_95/v1/img/recipes/25/09/picMYOEts.jpg"
2510.0,Pumpkin Pie Spice Bread,"['sugar', 'eggs', 'solid-pack pumpkin', 'all-purpose flour', 'baking soda', 'baking powder', 'salt', 'cinnamon', 'nutmeg', 'clove', 'allspice', 'water']","1. In a large bowl, combine sugar, oil and eggs.
2. Add pumpkin and mix well.
3. Combine dry ingredients; add to the pumpkin mixture alternately with water.
4. Pour into two greased 9-in. x 5-in. x 3-in. loaf pans.
5. Bake at 350 F for 60-70 minutes or until bread tests done. Cool in pans 10 minutes before removing to a wire rack; cool completely.","https://img.sndimg.com/food/image/upload/w_555,h_416,c_fit,fl_progressive,q_95/v1/img/recipes/25/10/picwdmjWT.jpg"
2514.0,Zesty Punch Sipper,"['ginger ale', 'pineapple', 'orange', 'lime']",1. Combine all ingredients in a large punch bowl or two large pitchers.,"https://img.sndimg.com/food/image/upload/w_555,h_416,c_fit,fl_progressive,q_95/v1/img/recipes/25/14/picwzAcpx.jpg"
2515.0,Cauliflower with Lemon,"['cauliflower floret', 'lemon juice']","1. Place cauliflower in a steamer basket over boiling water.
2. Cover saucepan and steam 7-8 minutes or until cauliflower is tender.
3. Transfer cauliflower to a serving dish.
4. Add lemon juice and season with salt and pepper to taste. Toss gently before serving.","https://img.sndimg.com/food/image/upload/w_555,h_416,c_fit,fl_progressive,q_95/v1/img/recipes/25/15/picqM5Y7k.jpg"
2516.0,Honey and Garlic Dressing,"['lemon juice', 'lime juice', 'fresh lemon rind', 'lime rind', 'honey', 'garlic clove', 'chives']","1. Combine in a screw top jar all ingredients and shake until well combined.
2. Pour over tossed green salad.",
2518.0,Baked Apples in Maple Syrup,"['baking apples', 'lemon juice', 'dried currant', 'pure maple syrup', 'ground cloves', 'ground cinnamon']","1. Preheat oven to 375 degrees.
2. Core apples, remove seeds, peel away a bit of skin, and stuff with currants.
3. Set in oven-proof baking dish.
4. Combine lemon and apple juice with spices and maple syrup and pour over apples.
5. Bake uncovered for about 45 minutes, basting often.
6. Serve warm.","https://img.sndimg.com/food/image/upload/w_555,h_416,c_fit,fl_progressive,q_95/v1/img/recipes/25/18/piciS6RlD.jpg"
2519.0,Oatmeal Squares,"['margarine', 'vanilla extract', 'brown sugar', 'rolled oats']","1. Melt margarine, combine with extract and sugar.
2. Add oats and mix well.
3. Press into 8-inch square baking pan.
4. Bake at 350°F for 15 minutes or until bubbling and golden brown.
5. Cool and cut into 25 squares.","https://img.sndimg.com/food/image/upload/w_555,h_416,c_fit,fl_progressive,q_95/v1/img/recipes/25/19/bmsnAuDvTsmIN7OpEbd7_IMG_20141230_133042.jpg"
2520.0,Veggie Dill Dip,"['sour cream', 'mayonnaise', 'seasoning salt', 'parsley', 'dill']","1. Mix all ingredients together and refrigerate for at least 1/2 hour.
2. Serve cold with cut up veggies.",
2521.0,Carrot Souffle,"['carrots', 'sugar', 'eggs', 'vanilla', 'nutmeg', 'cinnamon', 'salt']","1. Preheat oven to 400°F.
2. Cook peeled carrots until soft.
3. Place in food processor; add remaining ingredients and process until smooth.
4. Bake for about 30 minutes.",
2523.0,Carrot Casserole,"['carrots', 'velveeta cheese', 'margarine', 'butter']","1. Melt margarine and cheese, stirring constantly.
2. Pour water off cooked carrots; place in a casserole. Sprinkle Post Toasties (crumbs) over top.
3. Dot with butter.
4. Bake at 350 degrees until it",
2524.0,Holiday Carrot Salad,"['carrots', 'raisins', 'mayonnaise', 'cinnamon', 'nutmeg']","1. Mix all ingredients together and chill for a few hours.
2. T his is really good so different to the usual carrot salad.",
2526.0,Warr-Shu-Gai Almond Boneless Chicken,"['skinless chicken breasts', 'salt', 'dry sherry', 'cornstarch', 'water', 'chicken broth', 'mushrooms', 'butter', 'soy sauce', 'chicken bouillon granules', 'cornstarch', 'flour', 'baking powder', 'egg', 'water']","1. Prepare sauce: In a small saucepan, stir together cornstarch and water until smooth.
2. Gradually stir in chicken broth, mushrooms (if desired), butter, soy sauce and bouillon granules.
3. Bring the mixture to a boil, stirring constantly.
4. Let boil 1 minute. Keep warm.
5. Prepare batter: Beat together cornstarch, flour, baking powder, egg and water until smooth.
6. Coat each piece of chicken with batter.
7. Pour vegetable oil into a large skillet or wok to the depth of 1/2 inch; heat to 375 degrees.
8. Cook coated chicken pieces in oil, turning once, until golden -- 5 to 7 minutes.
9. Drain on pa per towels.
10. Cut chicken diagonally into strips.
11. Reassemble strips in chicken breast shapes and place on a bed of shredded lettuce. Sprinkle with almonds and green onion.
12. Spoon sauce over chicken and serve immediately.
13. Makes four to six servings.
14. It","https://img.sndimg.com/food/image/upload/w_555,h_416,c_fit,fl_progressive,q_95/v1/img/recipes/25/26/picsZqihk.jpg"
2527.0,Chicken Soup,"['raw chicken', 'fresh tarragon', 'lemon, zest of', 'pepper', 'butter', 'plain flour', 'milk', 'watercress']","1. Mince the chicken, mix in the tarragon, lemon zest and pepper.
2. Beat in the egg white, form the mixture into small balls using your hands.
3. Place the butter, flour, milk and crumbled stock cube in a saucepan, heat stirring until soup boils, thickens and is smooth.
4. Add pepper to taste. Drop in the chicken balls and boil for 4-5 minutes.
5. Just before serving add watercress leaves to the soup.
6. Serve hot with brown bread.",
2528.0,Four Grain Muffins,"['all-purpose flour', 'cornmeal', 'brown sugar', 'baking powder', 'salt', '1% low-fat milk', 'canola oil', 'egg']","1. Preheat oven to 400.
2. Lightly coat muffin tins with cooking spray, or insert with liners.
3. In a large bowl, stir together the all purpose flour, rye flour, oat bran, cornmeal, sugar, baking powder, and salt until well combined.
4. Make a well in the center of the flour mixture. In a small bowl, stir together the milk, oil, and egg, then pour the mixture into the well of the dry ingredients.
5. Stir until just combined.
6. Spoon the batter into the muffin cups filling them 2/3 full.
7. Bake for 20 minutes, or until a toothpick inserted in the center comes out clean.
8. Let the muffins cool in the pan for 5 minutes, then turn them out onto a wire rack to cool.",
2530.0,Cheese Straws,"['plain flour', 'mustard powder', 'salt', 'cayenne pepper', 'butter', 'cheddar cheese', 'water']","1. Sift the flour, mustard powder, salt and cayenne pepper into a bowl.
2. Cut the butter into the flour and rub in until the mixture resembles fine breadcrumbs.
3. Add the cheese and mix the ingredients together.
4. Mix to a stiff paste with the egg yolk and water.
5. Turn out onto a floured work surface. Knead quickly until smooth and crack-free. Wrap in a polyethylene bag or foil.
6. Chill for 30 minutes before using.
7. Roll out, cut into strips and place on a baking sheet. Bake at 200 C / 400 F / Gas 6 for 15 minutes until golden brown.",
2531.0,Pumpkin Soup II,"['pumpkin', 'onion', 'turmeric', 'tomatoes', 'sugar', 'nutmeg', 'milk', 'cornflour', 'parsley']","1. Place the pumpkin, onion, turmeric, tomatoes, sugar, nutmeg and milk in a large saucepan.
2. Bring to the boil, cover and simmer for 15-20 minutes.
3. Cool and puree in a processor or blender.
4. Return to the rinsed saucepan.
5. Blend the cornflour with a little yogurt. Add to the soup with the remaining yogurt. Bring to the simmering point but do not boil.
6. Serve garnished with parsley and a swirl of yogurt.",
2532.0,Peanut Butter Pie,"['sugar', 'butter', 'margarine', 'cream cheese', 'creamy peanut butter', 'sugar', 'butter', 'margarine', 'vanilla extract', 'heavy cream', 'chocolate']","1. Combine crust ingredients; press into a 9-inch pie plate. Bake at 375* for 10 minutes.
2. Cool. In a mixing bowl, beat cream cheese, peanut butter, sugar, butter and vanilla until smooth.
3. Fold in whipped cream. Gently spoon into crust. Garnish with chocolate or cookie crumbs if desired.
4. Refrigerate.","https://img.sndimg.com/food/image/upload/w_555,h_416,c_fit,fl_progressive,q_95/v1/img/recipes/25/32/pic9NvGfh.jpg"
2533.0,Hot Pepper Chicken Marinade,"['hot red chili peppers', 'garlic', 'olive oil', 'lemon juice', 'dried basil', 'thyme', 'tarragon', 'marjoram', 'boneless skinless chicken breasts']","1. Remove seeds from hot chili peppers (wear rubber gloves to do this) and finely chop peppers.
2. Combine peppers and remaining marinade ingredients in a small bowl.
3. Cover and refrigerate for 2 days to allow the flavours to blend.
4. Makes enough marinade for 8 boneless skinless chicken breasts.(~2 lbs). Put chicken breasts in a closable plastic bag and pour in the marinade. Seal bag and marinate overnight in the refrigerator.
5. Remove chicken from marinade and discard leftover marinade. Grill chicken over medium heat for 5-7 minutes per side. Makes 8 servings.",
2534.0,One-Pot Cabbage Soup,"['rindless smoked streaky bacon', 'potatoes', 'turnips', 'green beans', 'green peas', 'savoy cabbage', 'other green loose-leafed cabbage', 'black pepper', 'nutmeg']","1. Put bacon, potato, carrot, turnip and onion in a heavy saucepan.
2. Cover with cold water, bring to a boil and simmer very gently for 45 minutes.
3. Raise heat to a bubbling boil and add beans.
4. After 5 minutes add peas.
5. After another 5 minutes add cabbage. Reduce heat and simmer a further 10 minutes.
6. Lift out bacon, cut into small pieces and return to pot. Taste for salt and season with pepper and nutmeg.
7. Serve with good sourdough bread.",
2535.0,Coca Cola Brownies,"['all-purpose flour', 'sugar', 'butter', 'margarine', 'buttermilk', 'eggs', 'baking soda', 'miniature marshmallows', 'vanilla', 'margarine', 'vanilla', 'powdered sugar']","1. Combine flour and sugar in large bowl.
2. Heat butter, cocoa and Coca Cola to boiling point; pour over sugar mixture.
3. Mix buttermilk, eggs, baking soda, marshmallows and vanilla and add to mixture. Mix well. Batter will be thin.
4. Pour into a greased and floured 9x13-inch pan and bake 30 minutes at 375 degrees F.
5. Frosting: Combine margarine, cocoa and Coca-Cola and heat to boiling.
6. Pour over sugar.
7. Blend with mixer until smooth; add nuts and vanilla.
8. Pour over cake while frosting is still hot. Cool and cut into squares.",
2536.0,Cucumber and Cheddar Cheese Sandwiches,"['english cucumber', 'white cheddar cheese', 'butter', 'mayonnaise', 'salt', 'black pepper']","1. Peel cucumber skin and cut thin round slices.
2. Spread butter or mayonnaise on two slices of baked bread.
3. Cut Cheddar cheese into thin slices and place on of the slices until thoroughly covered.
4. Then place the thin slices of cucumbers on top of the cheese and add salt and pepper on top of the cucumbers only.
5. Place the second (buttered or mayonnaised) slice on top of the cucumbers and cut in half.",
2537.0,Decadent Apple Pie,"['apples', 'sugar', 'flour', 'cinnamon', 'nutmeg', 'lemon zest', 'butter', 'flour', 'butter', 'shortening', 'salt', 'cold water']","1. Pastry for double crust pie-------------.
2. Combine flour, lard and salt with a pastry blender or fork until balls are the size of a large pea.
3. Add cold water by the spoonful and blend until the bowl starts to clean itself as you work the dough.
4. Then it is ready for rolling.
5. Preheat oven to 450°F.
6. Combine sliced apples with sugar, flour, cinnamon, nutmeg and lemon rind.
7. Line pie plate with unbaked pie crust, trim pastry, crimp to edge of pie plate. Fill pie crust with apple mixture and dot with softened butter.
8. Brush crust edge with water and place pie crust top on top of pie, crimp to the bottom crust. Make some slits in the top crust for steam to escape. Bake for 10 minutes.
9. Turn oven down to 350°F and bake for 45 minutes longer.","https://img.sndimg.com/food/image/upload/w_555,h_416,c_fit,fl_progressive,q_95/v1/img/recipes/25/37/picDd0jOH.jpg"
2538.0,Pineapple Freeze,['pineapple'],"1. Place unopened can of pineapple in freezer until hard.
2. Then, place under hot running water for 30 seconds and remove from can.
3. Place in blender half at a time and blend to slush consistency.",
2539.0,Pineapple Milkshake,"['pineapple', 'fat free vanilla ice cream', 'skim milk', 'cinnamon']","1. In a food processor, combine pineapple, ice cream, milk, and cinnamon.
2. Process until smooth.",
2540.0,Applesauce Raisin Bars,"['flour', 'brown sugar', 'baking soda', 'salt', 'cinnamon', 'applesauce', 'vegetable shortening', 'egg', 'raisins', 'butter', 'powdered sugar', 'vanilla', 'milk']","1. Mix all ingredients (except raisins) in a bowl.
2. Stir in raisins.
3. Bake in a 7 x ll\
4. ,
5. ,
6. ,
7. ,",
2541.0,Oriental Style One-Dish Dinner,"['ground pork', 'chinese cabbage', 'cabbage', 'carrots', 'onion', 'mushrooms', 'water chestnuts', 'soy sauce', 'short-grain rice', 'zucchini', 'asparagus', 'salt', 'pepper', 'green onions']","1. Lightly oil wok or skillet; add pork and stir-fry until meat is no longer pink.
2. Stir in cabbage, carrots, onion, mushrooms, water chestnuts and ginger; stir-fry for 2 minutes.
3. Mix in soy sauce, then rice; stir gently.
4. Pour in stock.
5. Cover tightly and simmer about 20 to 25 minutes until liquid is almost absorbed.
6. Stir in zucchini and asparagus; continue to cook about 5 minutes longer.
7. Season with salt, and pepper to taste. Serve garnished with green onions.",
2542.0,New England Fish Chowder,"['bacon', 'onion', 'potato', 'salt', 'pepper']","1. Cut fillets into 1/2 - 1 inch cubes.
2. Fry the bacon until it is crisp.
3. Add the onions and brown them slightly.
4. Add the potatoes, and water to just cover, and cook for 10 minutes or until the potatoes are slightly tender.
5. Add the fish and cook until it flakes easily with a fork.
6. Add the milk and seasonings and reheat. Serve immediately with chopped parsley sprinkled over the top.",
2543.0,Tuna Noodle Casserole Delight,"['water', 'salt', 'skim milk', 'tuna in water', 'frozen green peas']","1. Preheat oven to 350.
2. Prepare a 2-quart casserole dish with cooking spray; set aside. Heat water to boiling.
3. Add noodles and salt. Boil for 9 minutes and drain.
4. Add milk to soup and mix well.
5. Arrange half of noodles, half of tuna, half of peas, and half of soup mixture in layers in prepared dish.
6. Repeat layers.
7. Sprinkle bread crumbs on top.
8. Bake for 30 minutes.","https://img.sndimg.com/food/image/upload/w_555,h_416,c_fit,fl_progressive,q_95/v1/img/recipes/25/43/pic0FaTsR.jpg"
2544.0,Pumpkin Spice Cake,"['margarine', 'granulated sugar', 'applesauce', 'egg substitute', 'low-fat buttermilk', 'pumpkin puree', 'orange, rind of', 'vanilla', 'all-purpose flour', 'whole wheat flour', 'cinnamon', 'baking soda', 'raisins', 'icing sugar']","1. Beat sugar with margarine, using electric mixer.
2. Add egg, beating until light. Beat in buttermilk, pumpkin, orange rind and vanilla.
3. Combine flours, cinnamon, baking soda and raisins.
4. Stir into pumpkin mixture until combined.
5. Bake in lightly-greased and floured 10-inch Bundt pan at 325 degrees for 60 to 65 minutes or until toothpick inserted in centre comes out clean.
6. Cool 20 minutes and remove from pan.
7. Glaze: Blend icing sugar with orange juice. Drizzle over cooled cake.",
2545.0,Stuffed Zucchini,"['fresh zucchini', 'onion', 'olive oil', 'fresh mushrooms', 'garlic clove', 'cream cheese', 'egg', 'parmesan cheese', 'fresh parsley', 'pepper', 'parmesan cheese']","1. Slice zucchini in half lengthwise. Scoop out insides leaving about 1/4-in shell.
2. Finely chop zucchini pulp; set aside. Saute onion in oil in large heavy skillet. Add mushrooms, garlic and reserved chopped zucchini; cook over medium heat until most of moisture evaporates.
3. Add cream cheese, egg, Parmesan, parsley, and pepper.
4. Mix well; cook for about 10 minutes.
5. Cool filling slightly and fill zucchini shells.
6. Sprinkle with additional Parmesan cheese. Place on jelly roll pans; bake for 30 minutes at 350°F until bubbly and golden brown on top.","https://img.sndimg.com/food/image/upload/w_555,h_416,c_fit,fl_progressive,q_95/v1/img/recipes/25/45/picluTm47.jpg"
2546.0,Peanut Butter Cream Pie,"['cream cheese', 'sweetened condensed milk', 'peanut butter', 'vanilla', 'heavy cream', 'heavy cream']","1. FILLING: Beat cream cheese - beat in condensed milk, peanut butter and vanilla.
2. Whip heavy cream and fold into cream cheese mixture.
3. Melt together chopped milk chocolate and heavy cream.
4. Drizzle over top.
5. Refrigerate until ready to serve.",
2549.0,Good Ol' Grits Pie,"['quick-cooking grits', 'brown sugar', 'flour', 'eggs', 'milk', 'butter', 'margarine', 'pure vanilla extract', 'white vinegar']","1. Preheat the oven to 350 degrees F.
2. In a bowl, combine the grits, brown sugar, flour, and eggs.
3. Blend well, then stir in the milk and butter or margarine. Add the vanilla and vinegar, and blend well.
4. Pour the mixture into the pie shell and bake for 35 to 40 minutes, or until the center is just set. Let cool briefly, then serve while still warm.
5. Serve warm by itself or topped with ice cream.",
2550.0,Sweet Tamales,"['salt', 'masa harina mix', 'water', 'brown sugar', 'baking powder', 'cinnamon', 'nutmeg', 'pecans', 'raisins']","1. Soak husks according to directions in Basic Tamales.
2. For tamale dough: Beat lard and salt until fluffy.
3. Slowly beat in masa mix alternately with water until very light and fluffy.
4. Add brown sugar, baking powder, cinnamon and nutmeg, mixing until well blended.
5. To assemble tamales: Drain corn husks; pat dry.
6. Spread 2 tablespoons dough on center of husks, forming a 3 x 2-inch rectangle and spreading completely to right edge. Spoon 1 teaspoon each pecans and raisins lengthwise down center of rectangle. To enclose and steam tamales, proceed according to directions in Basic Tamales.",
2551.0,Shrimp Dip,"['gelatin', 'cream cheese', 'shrimp', 'mayonnaise', 'celery', 'onion']","1. Heat soup, dissolve gelatin stirring constantly until dissolved.
2. Let cool slightly, put in mixer with cream cheese and mayonnaise and mix.
3. By hand add shrimp, celery and onion and mix.
4. Serve with crackers. May be frozen.
5. Grease container and pour into a mold to set in refrigerator, and then unmold to serve.",
2553.0,Low-Fat Creamy Macaroni & Cheese,"['elbow macaroni', 'reduced-fat monterey jack cheese', 'nonfat cottage cheese', 'nonfat sour cream', 'skim milk', 'onion', 'light margarine', 'dry mustard', 'black pepper', 'paprika']","1. Coat a two-quart casserole dish with non-stick spray.
2. Cook macaroni according to package directions.
3. Drain macaroni, reserving two tablespoons cooking water.
4. Toss macaroni with reserved cooking water, cheeses, sour cream, milk, onions, egg white, margarine, cheese-flavored granules, mustard and peppers until well combined.
5. Spoon into casserole dish.
6. Sprinkle with cracker crumbs and paprika.
7. Cover.
8. Bake casserole at 350 degrees for 25 minutes.
9. Uncover and bake until golden brown an d bubbly, about five minutes.",
2555.0,Cilantro Lime Soup,"['dried chipotle chiles', 'canned chipotle chile puree', 'tomatoes', 'chicken breast', 'chicken broth', 'chili powder', 'cilantro', 'cilantro', 'corn', 'garlic', 'lime juice', 'onion', 'sour cream', 'tortilla chip strips']","1. Heat broth in medium pot. Add onion, garlic, chili powder, tomatoes, bunch cilantro and chile. Simmer for 15 minutes.
2. Add chicken and simmer until cooked (about 10 minutes). Discard bunch cilantro.
3. Add corn and cook 2-3 minutes.
4. Add chopped cilantro and lime juice. Garnish with sour cream and baked tortilla strips (cut corn tortillas in strips, spray with cooking spray, bake in 350 degree oven until crisp).",
2556.0,Whipped Potatoes,"['potatoes', 'skim milk', 'nonfat sour cream', 'salt', 'fresh black pepper', 'paprika', 'fresh parsley leaves']","1. ..Place the potatoes in a five quart pan.
2. Add cold water to 1 inch above the potatoes.
3. Place the pan over high heat and bring the water to a boil.
4. Reduce the heat and simmer for about 20 minutes.
5. When potatoes pierce easily with a fork, remove from the pan from the stove and drain.
6. ..Place the drained potatoes into the large bowl of an electric mixer.
7. At low speed, begin to break up the potatoes.
8. As the potatoes break up, slowly raise the speed of the mixer to medium.
9. Add the milk, Butter Buds, nonfat sour cream, salt and pepper and mix until smooth.
10. Spoon the whipped potatoes into a warmed serving bowl and dust with the papri ka and parsley.",
2558.0,Pump Cake,"['light cherry pie filling', 'mandarin oranges', 'unsalted butter']","1. First place the cherries, and mandarin oranges (not drained) into a buttered 9 1/2 x 13 inch cakepan. ,
2. Sprinkle the dry cake mix over the top of the fruit
3. Put pats of the butter on the top of the dry cake mix.
4. Place in a 350 degree oven for approx 50 to 60 minutes.",
2559.0,Rice Pudding with Fresh Fruit,"['short-grain rice', 'milk', 'sugar', 'salt', 'vanilla extract', 'pernod', 'pastis', 'pears', 'raspberries', 'anise seed']","1. In a saucepan, combine rice, milk, sugar, and salt. Cook over medium heat until mixture begins to bubble. Reduce heat and cover.
2. Cook 1 hour, stirring occasionally.
3. Remove from heat. Add vanilla and Pernod.
4. Cool, then refrigerate at least 3 hours.
5. Halve pears lengthwise, slice thinly, and spread out into a fan shape. Place pear and rice pudding on plates, and garnish with raspberries and anise seeds.",
2560.0,Confetti Coleslaw,"['low-fat mayonnaise', 'plain nonfat yogurt', 'fresh lemon juice', 'sugar', 'herb seasoning mix', 'red cabbage', 'green cabbage', 'carrot']","1. In a large bowl, combine all the ingredients and serve.","https://img.sndimg.com/food/image/upload/w_555,h_416,c_fit,fl_progressive,q_95/v1/img/recipes/25/60/picBa36Cc.jpg"
2561.0,Hawaiian Ambrosia Salad,"['maraschino cherries', 'mandarin oranges', 'pineapple chunks', 'mini marshmallows', 'sour cream']","1. Drain fruit well.
2. Mix all ingredients together.
3. Refrigerate for 24 hours.
4. Be sure fruit is well drained or Ambrosia will be mushy.","https://img.sndimg.com/food/image/upload/w_555,h_416,c_fit,fl_progressive,q_95/v1/img/recipes/25/61/picSllOc8.jpg"
2562.0,Ambrosia Pie,"['sour cream', 'miniature marshmallows', 'crushed pineapple', 'chocolate curls']","1. Combine first three ingredients and pour into the prepared Crust.
2. Sprinkle with Chocolate.
3. Refrigerate
4. So easy but so good.",
2563.0,Japanese Fruit Pie,"['margarine', 'eggs', 'sugar', 'cider vinegar', 'raisins', 'pecans', 'coconut']","1. Stir ingredients together in order given.
2. Pour into formed 9\
3. ,
4. ,
5. ,",
2564.0,Nuts & Dried Fruit Mooncake,"['bread flour', 'cake flour', 'baking powder', 'sugar water', 'black dates', 'water', 'white grape wine', 'wine', 'flour', 'sugar', 'walnuts', 'pine nuts', 'raisins', 'cooking wine', 'milk']","1. Fillings: (A) Red Bean Filling 450g red bean paste (B) Dried Fruit & Nuts Filling: 100g pitted black dates 200 cc water 2 Tbsp white grape wine 2 Tbsp wine 2 Tbsp Sugar Syrup* 1 Tbsp flour 1 Tbsp glutinous flour 50g almond 50g sugar 60g toasted sesame 80g walnut 30g pine nuts 30g raisins 20g oil Light Color Pastry Shine Oil 1 egg yolk 2 tsp cooking wine , 1/2 tsp milk Dark Color Pastry Shine Oil 1 egg yolk 2 tsp cooking wine 1 sugar syrup, heated (like caramel sort ) Make filling.
2. Cook the dates with the 200 cc water on low heat until all the water is absorbed.
3. Add wines, syrup and flours.
4. Cook to thicken.
5. Remove the dates and mash .
6. Cut raisins and other fruit and nuts into thin stripes or little pieces .
7. Mix with the mashed dates .
8. Shape into dough with hands.
9. Let cool.
10. Divide into 30 g balls.
11. Make Pastry crust. Mix both type of flour and baking powder then sift and place it into a large bowl.
12. Dig a hole in the middle of dough .
13. Mix the sugar-water and oil and pour it into the hole. Slowly mix well.
14. Then knead till the dough no longer sticky to hand and is shiny.
15. Don
16. ,
17. ,
18. ,
19. ,
20. ,
21. ,
22. ,
23. ,
24. ,
25. ,
26. ,",
2566.0,Chicken Noodle Soup,"['water', 'chicken']","1. Combine all ingredients in a saucepan and bring to a boil.
2. Simmer 5 to 7 minutes over low heat.
3. CHICKEN NOODLE SOUP 1 lb. (about) chicken breasts 2 (13 3/4 oz.) cans chicken broth 1/2 cup each chopped onion, carrots and celery 1 cup water medium egg noodles
4. In large saucepan combine all ingredients except noodles. Simmer, covered, 30 minutes.
5. Remove chicken and cut off bones and cut into small pieces.
6. Add to soup.
7. Stir in noodles.
8. Simmer, covered, 15 minutes.",
2567.0,Chicken Soup II,"['chicken breasts', 'potatoes', 'tomatoes', 'frozen okra', 'white corn', 'carrots', 'onions', 'celery', 'rice', 'macaroni']","1. Place chicken in a stockpot and cover with water.
2. Boil chicken until it falls off the bone.
3. Remove bones and gristle.
4. Set aside.
5. Cook potatoes in fresh water until tender (not mushy).
6. Rinse.
7. Cook carrots in broth until tender.
8. Add remaining ingredients and cook at least another 30 minutes.",
2569.0,Dreamsicle Salad,"['sugar', 'water', 'apricot gelatin', 'cream cheese', 'pineapple', 'apricots', 'cool whip']","1. Combine sugar and water and bring to a boil.
2. Add gelatin and set aside to cool.
3. In blender, combine cream cheese with pineapple and baby food and blend.
4. Mix together gelatin and cream cheese mixtures.
5. Fold in Cool Whip.
6. Pour into mold or Pyrex 9 x 13-inch pan and refrigerate until set.",
2570.0,Curried Pumpkin Soup,"['apples', 'butter', 'margarine', 'onion', 'garlic cloves', 'curry powder', 'cumin', 'pumpkin puree', 'chicken broth', 'water', 'white sugar', 'sour cream', 'yogurt']","1. Melt butter or margarine in a large saucepan over medium heat. Add onion, garlic, curry, and cumin; saute, stirring often, until onion is soft and fragrant. Stir in apples, pumpkin, broth, water, and sugar.
2. Bring to a boil, stirring often.
3. Cover, and reduce heat to low.
4. Simmer for 25 minutes, stirring occasionally.
5. Puree soup in a food processor or a blender.
6. Return soup to saucepan; reheat, covered, over low heat. Ladle soup into bowls, and swirl a little sour cream or yogurt in the center of each bowl.",
2571.0,Pumpkin Soup III,"['onions', 'butter', 'flour', 'chicken broth', 'half-and-half', 'pumpkin puree', 'salt', 'pepper', 'nutmeg']","1. First, steam a pumpkin, cut into pieces, for 30 to 45 minutes.
2. Puree in electric mixer or food processor.
3. Set aside. Can be prepared a day or two in advan ce. When ready to make the soup.
4. Saute onions in butter in a large saucepan over low heat until soft. Sprinkle in flour and stir 2 to 3 minutes.
5. Gradually add chicken broth, half and half, then pumpkin puree. Cook gently for 15 minutes.
6. Salt and pepper to taste. Pour into bowls and top with dollop of whipped cream, a dusting of nutmeg and pumpkin seeds.",
2572.0,Creamy Pumpkin Soup,"['water', 'canned pumpkin', 'green onions', 'low-sodium instant chicken bouillon granules', 'cinnamon', 'ginger', 'skim milk']","1. In 1 quart casserole, combine all ingredients, except milk.
2. Mix well; cover.
3. Microwave at High for 3 1/2 to 5 1/2 minutes or until bubbly and onions are just tender-crisp, stirring once. Stir in milk.
4. Microwave at High for 30 seconds to 1 minute longer or until hot. Stir before serving.
5. Makes 4 servings, 1/2 cup each.",
2574.0,Osso Bucco Alla Milanese,"['flour', 'butter', 'salt', 'pepper', 'celery', 'carrot', 'onion', 'garlic', 'mushroom', 'sage', 'rosemary', 'tomatoes', 'white wine', 'lemon, rind of', 'parsley', 'anchovy', 'rice']","1. Cut two veal shanks into 2-inch pieces.
2. Roll shanks in flour and saute in butter over high heat until brown on all sides.
3. Add salt, pepper, celery, onion, carrots, mushrooms, tomato, sage, and rosemary.
4. Reduce heat, cover and braise for 10 minutes.
5. Add white wine. Cover and gently simmer for 2 ho urs.
6. The liquid should barely cover the meat. Just before serving, stir in the gremolada.
7. This consists of the grated lemon rind, parsley, anchovy, and garlic. Serve with cooked rice.",
2575.0,Osso Bucco,"['lamb shanks', 'garlic clove', 'olive oil', 'dry white wine', 'tomato paste', 'lemon, rind of', 'carrots', 'parsley', 'dried marjoram', 'dried oregano', 'dried sage']","1. Roll shanks in flour; brown with garlic in hot oil in skillet. Add remaining ingredients to crockpot. Stir to mix.
2. Add shanks.
3. Cover pot and cook on LOW for 10 to 12 hours until shanks are tender.
4. Garnish with parsley.
5. Serve with pasta.
6. NOTES : Prepared using lamb shanks.
7. Delicious !",
2577.0,Chicken & Curried Couscous Skillet,"['boneless skinless chicken breast', 'cumin', 'pepper', 'chicken broth', 'curry powder', 'couscous', 'raisins']","1. Sprinkle both sides of chicken breasts with cumin and pepper.
2. Cook in non-stick skillet covered with cooking spray until done. Remove, cover and keep warm.
3. In same skillet combine chicken broth, curry powder and mix well.
4. Bring to a boil.
5. Stir in couscous, peas and raisins.
6. Place chicken on top, remove from heat, cover and let stand 5 minutes.",
2578.0,Cinnamon Raspberry Muffins,"['all-purpose flour', 'baking powder', 'salt', 'sugar', 'cinnamon', 'egg', 'low-fat buttermilk', 'margarine', 'sugar', 'cinnamon']","1. Preheat oven to 400.
2. In medium-size mixing bowl.
3. Combine first 5 ingredients; making a well in the centre of the mixture. Mix together egg, buttermilk, and margarine. Slowly add to flour mixture and stir until moistened.
4. Coat muffin tray with cooking spray and spoon approx.
5. 1 tablespoon of batter into each muffin cup.
6. Then spoon approx.
7. 1 tsp of raspberry jam into centre of each muffin cup (do not spread), and top with remaining batter.
8. Mix together 1 Tbsp sugar and < teaspoon cinnamon; stirring well.
9. Bake 20 to 25 minutes or until muffins spring back when touched.
10. Remove from muffin cups immediately, and let cool on wire ra ck.",
2579.0,Blackened Chicken Salad,"['tomatoes', 'red bell peppers', 'yellow bell pepper', 'red onion', 'sugar', 'cider vinegar', 'salt', 'pepper', 'lemon juice', 'dijon mustard', 'water', 'honey', 'boneless skinless chicken breast', 'sugar snap pea', 'romaine lettuce']","1. Combine first 7 ingredients.
2. Cover and chill.
3. Combine, lemon juice, mustard, water and honey in bowl.
4. Cover and chill.
5. Rub chicken with spicy seasoning Coat large heavy skillet with cooking spray.
6. Heat over medium-high high until hot. Add chicken and cook 7 minutes on each side until done. Cut across grain into thin slices.
7. Steam snap peas until al dente. Remove and cool under cold water.
8. Place dressing ingredients in a large bowl Toss with snap peas and lettuce. Divide between plates Top with cooked chicken and tomato salad mixture.",
2580.0,Spicy Apple and Sultana Muffins,"['self raising flour', 'egg', 'buttermilk']","1. Mix all ingredients together until just combined.
2. Do not over mix.
3. Spoon into greased or non-stick muffin tins and bake at 190 C approximately 20 minutes.
4. SPICY APPLE MIX 1 apple, cut into small pieces 1/2 cup sultanas 1/4 tsp cinnamon 1/4 tsp mixed spice pinch nutmeg 2 Tbs brown sugar 1/4 cup water Place all ingredients in a microwave dish.
5. Cover with plastic wrap and cook on HIGH four minutes.
6. Stir and cook for another minute or until apple is soft.",
2581.0,Spiced Apple Muffins,"['self raising flour', 'fine rolled oats', 'brown sugar', 'mixed spice', 'cinnamon', 'clove', 'baking soda', 'salt', 'butter', 'egg', 'apple', 'milk']","1. Place all the dry ingredients into a large bowl and mix well with your fingers to make sure the rolled oats and brown sugar are evenly mixed through the other ingredients.
2. 75g butter 1 egg 1 cup raw chopped, or grated apple 3/4 - 1 cup milk Melt the butter until liquid than add the egg and 3/4 cup milk, and beat with a fork until mixed.
3. Next grate or chop the apple in a food processor.
4. Press into the cup, removing air bubbles, then stir into the liquids.
5. (Work quickly to prevent the apple from browning.) Add the apple and liquid mixture to the dry ingredients and mix lightly to dampen the ingredients, adding as much of the extra milk as you need.
6. Coat 12 medium-sized muffin pans with non-stick spray and divide the mixture between them.
7. Bake at 200 C for 12 - 15 minutes or until the muffins spring back when pressed.
8. Leave for 3 - 4 minutes before removing from the pans and cooling on a wire rack.
9. Cheers, Doreen Doreen Randal, Wanganui.
10. New Zealand.",
2582.0,Tujague's Pecan Pie,"['eggs', 'sugar', 'butter', 'vanilla extract', 'salt', 'armagnac', 'other brandy', 'pecan halves']","1. Preheat the oven to 400 degrees.
2. In a glass mixing bowl beat the eggs, blending in the sugar, syrup, butter, vanilla, salt, Armagnac and pecans.
3. Pour the mixture into the pie shell and bake 10 minutes.
4. Lower the oven to 350 degrees and bake 30 minutes or until a wooden skewer or knife inserted into the pie comes out clean.
5. Cool on a wire rack.",
2583.0,The Camellia Grill's Pecan Pie,"['eggs', 'salt', 'butter', 'light corn syrup', 'brown sugar', 'vanilla extract', 'pecans']","1. Beat eggs with a wire whisk or fork.
2. Add salt, butter, syrup, sugar and vanilla; mix well.
3. Pour into pastry shell; sprinkle with pecans.
4. Bake at 350F for 45-50 minutes.","https://img.sndimg.com/food/image/upload/w_555,h_416,c_fit,fl_progressive,q_95/v1/img/recipes/25/83/picJBRm2d.jpg"
2584.0,German Apple Cake,"['baking apples', 'cooking apples', 'granulated sugar', 'granulated sugar', 'cinnamon', 'all-purpose flour', 'salt', 'baking soda', 'baking powder', 'egg substitute', 'applesauce', 'vanilla extract', 'powdered sugar', 'solid-type fat-free margarine', 'pourable fat-free margarine', 'water']","1. Preheat the oven to 350.
2. Spray a Bundt pan with vegetable oil spray.
3. Dust with flour, completely covering surfaces.
4. Tap out excess flour; set aside. Peel, core and thinly slice the apples into a bowl.
5. Combine 5 Tbsp sugar with the cinnamon; sprinkle over the apples and toss to cover them evenly; set aside. In a large mixing bowl, combine the flour, remaining 2 cups sugar, salt, soda and baking powder.
6. Whisk to blend evenly.
7. Add the egg sub stitute, applesauce, vanilla and orange juice. With an electric mixer, blend on low speed for 1 minute; increase speed and blend an additional 3 minutes.
8. Fill the prepared pan with alternating layers of batter, then apples, then batter, then apples, ending with batter.
9. Bake for one hour and 30 minutes or until a tester comes out clean.
10. Remove to a wire rack for 10 minutes, then invert to remove from the pan and continue to cool.
11. Meanwhile prepare the glaze by mixing the ingredients until smooth.
12. Drizzle on the cooled cake.
13. Happy eating Susannah Richland, WA (where my apple trees are producing their wonderful harvest)",
2585.0,Chicken Paprikash,"['canola oil', 'onion', 'garlic', 'sweet hungarian paprika', 'plain nonfat yogurt', 'cornstarch', 'fresh parsley', 'boneless skinless chicken breasts']","1. Season chicken lightly with salt and pepper.
2. In a heavy, nonstick skillet heat the oil over medium-high heat. Add the chicken and cook 4 to 5 minutes until the underside is golden.
3. Turn the chicken and cook the other side for the same time. Sprinkle the onions and garlic around the chicken and cook 2 to 3 min utes, stirring until the onions are softened.
4. Sprinkle with paprika and cook, turning the chicken and onion over, about one minute. Turn the heat to low, add chicken stock and cover the pan.
5. Simmer, turning the chicken occasionally for 20 to 25 minutes until the chicken is no longer pink inside. Transfer the chicken to a serving platter and keep warm.
6. In a measuring cup or small bowl, stir together the yogurt and cornstarch.
7. A dd to the skillet and cook stirring until the mixture is boiling and thickened.
8. Season with salt & pepper.
9. Pour the sauce over the chicken and serve hot. Garnish with chopped parsley.",
2586.0,Bulgarian Meatball Soup,"['lean ground beef', 'onion', 'dill weed', 'eggs', 'garlic', 'salt', 'black pepper', 'flour', 'beef broth', 'long grain rice', 'fresh dill']","1. Combine beef, onion, dillweed, 1 egg, garlic, salt and pepper in a large bowl.
2. Mix to combine ingredients thoroughly.
3. Shape into small balls and dredge lightly in the flour.
4. Set aside, heat the broth to boiling.
5. Drop the meatballs in.
6. Add the rice. Lower the heat and cook about 35 minutes.
7. Add lemon juice and additional dill You can serve with a dollop of yogurt on top if you like. >From the Kitchen of ramsgate",
2587.0,Bulgarian Meatball Soup II,"['ground beef', 'rice', 'paprika', 'dried savory', 'flour', 'water', 'beef bouillon cubes', 'green onion', 'green bell pepper', 'carrots', 'tomatoes', 'yellow chile', 'parsley', 'egg', 'lemon']","1. *Note: Remove most of the seeds from the chiles.
2. Combine beef, rice, paprika and savory.
3. Season to taste with salt and pepper.
4. Mix lightly but thoroughly.
5. Form into 1-inch balls, then roll in flour.
6. Combine water, bouillon cubes, 1 tablespoon salt, 1 teaspoon pepper, green onions, green pepper, carrots and tomatoes in large kettle. Cover, bring to boil, reduce heat and simmer 30 minutes.
7. Add meatballs, cover and bring to boil again.
8. Reduce heat and simmer 20 minutes.
9. Add chiles and simmer, covered, 40 minutes or until rice is cooked.
10. Add parsley during last 5 minutes of cooking time. Taste and add more salt and pepper, if needed.
11. Just before serving, beat egg with lemon juice. Stir 1 to 2 tablespoons hot soup into egg mixture, then stir egg mixture into soup.
12. Heat and stir until soup is thickened slightly, but do not allow to boil.",
2588.0,Cheese and Meatball Soup,"['water', 'whole kernel corn', 'potato', 'celery', 'carrot', 'onion', 'tabasco sauce', 'ground beef', 'egg', 'salt', 'tabasco sauce']","1. Meatballs: mix ingredients together thoroughly.
2. Shape into medium size meatballs.
3. Place uncooked meatballs and all other ingredients, except Cheez Whiz, in electric slow cooker.
4. Stir gently.
5. Cover and cook on setting # 2 (low) for 8 to 10 hours.
6. Before serving add Cheez Whiz, stirring gently until well blended.","https://img.sndimg.com/food/image/upload/w_555,h_416,c_fit,fl_progressive,q_95/v1/img/recipes/25/88/5I9leulLQ8Gkg3Nrmnsn_image.jpg"
2590.0,French Meatball Soup,"['rice', 'ground beef round', 'egg', 'onion', 'garlic', 'parsley', 'nutmeg', 'dry red wine', 'beef broth']","1. Add rice to 1 cup water.
2. Boil 5 minutes; drain well.
3. Blend rice,
4. ground round, egg, onion, garlic, parsley, and nutmeg; form into small meatballs.
5. Add wine to broth; bring to boil.
6. Drop meatballs into hot broth, one to at time. Bring to boil again; reduce heat. Simmer 20 minutes.
7. Add salt and pepper.
8. Microwave: Add rice to 1 c. salted water.
9. Bring to a boil.
10. Hold 5 minutes; drain well.
11. Combine meatball ingredients as above. Bring wine and broth to a boil.
12. Drop meatballs into hot broth, one at time. Bring to a boil again.
13. Hold 10 minutes.
14. Add salt and pepper.
15. Food Exchange per serving: 1 MEAT EXCHANGE + 1 STARCH/BREAD EXCHANGE CAL: 71 Source: The Complete Diabetic Cookbook by Mary Jane Finsand Brought to you and yours by Nancy O",
2592.0,Spicy Southwestern Meatball Soup,"['lean ground beef', 'ground cumin', 'salt', 'fresh cilantro', 'egg', 'onion', 'carrots', 'diced tomatoes with green chilies', 'zucchini', 'garlic cloves', 'ground cumin', 'ground coriander', 'tomato paste', 'chipotle pepper', 'adobo sauce', 'chicken broth', 'black beans', 'frozen corn kernels', 'kosher salt', 'fresh cilantro']","1. Combine ground beef, breadcrumbs, fajita seasoning, cumin, salt, cilantro, and egg until well-combined. Shape mixture into 1-inch meatballs and arrange on a lightly greased baking sheet.
2. Bake at 400°F for 12 to 15 minutes or until browned, turning occasionally.
3. Sauté onion and carrot in hot oil in a Dutch oven for 4 to 5 minutes or until tender.
4. Add zucchini, garlic, cumin, coriander, tomato paste, chipotle pepper, and adobo sauce; cook for 2 to 3 minutes, stirring constantly (Do not let garlic brown).
5. Stir in meatballs, chicken broth, diced tomatoes, black beans, corn, and salt.
6. Bring to a boil; reduce heat, and simmer, covered, 35 minutes.
7. Stir in cilantro.
8. Garnish as desired with lime wedges, sour cream, diced avocado, or cilantro sprigs and enjoy!",
2595.0,Rainbow Risotto,"['butter', 'onion', 'ground turmeric', 'rice', 'vegetable marrow', 'fresh peas', 'zucchini', 'black pepper']","1. Heat oil and butter in a large saucepan, add onion and turmeric and cook for 2-3 minutes.
2. Stir in rice and stock (if using Knorr
3. ,
4. ,
5. ,
6. ,
7. ,
8. t be limited by the vegetables in this recipe. Choose vegetables in season and those your family enjoy most!",
2597.0,Greek Sour Cream Cake,"['butter', 'sugar', 'eggs', 'cake flour', 'baking powder', 'baking soda', 'milk', 'sour cream', 'vanilla', 'sugar', 'water', 'lemon wedge']","1. Prepare syrup: boil syrup ingredients 10 minutes and let cool.
2. Cake: melt butter and cool.
3. Then cream with sugar and eggs.
4. Add mixed flour( baking powder,soda) alternately with milk and sour cream to the batter.
5. Stir in vanilla.
6. Pour into a greased 9 x 13 pan.
7. Bake in a 350F oven about 35 minutes or until tested done. POUR COOLED SYRUP OVER HOT CAKE.
8. Let cake cool completely before cutting.",
2598.0,Chocolate Hazelnut Brandy Torte with Biscotti,"['butter', 'eggs', 'sugar', 'brandy', 'whole toasted hazelnuts']","1. 1/2 cup Whole toasted hazelnuts In top of double boiler melt chocolate and butter together.
2. In large bowl, with electric mixer, beat eggs and sugar at high speed until lemon colored.
3. Add the chocolate/butter mixture and beat at medium speed until the butter is completely mixed in.
4. Add the brandy and mix throughly.
5. Pour the mixture over the biscuits.
6. Mix well.
7. Line a 9\
8. ,
9. ,",
2601.0,Veggie Soup,"['water', 'water', 'brown rice', 'green pepper', 'onion', 'celery', 'carrots', 'olive oil', 'chicken broth', 'fresh basil', 'dried basil', 'fresh parsley', 'dried parsley', 'pepper']","1. Bring 1 3/4 cups of water to a boil in a 2-quart pot. Add brown rice, cover and cook over low heat for 50 minutes.
2. In a large pot, heat oil over medium heat and add chopped vegetables and the remaining water.
3. Cook until softened.
4. Add chicken broth, basil, parsley and pepper and cook over medium-high heat until it comes to a boil.
5. Reduce heat to low, cover and cook 30 minutes.
6. Add cooked brown rice and heat over low another 5 minutes.",
2602.0,General Tso's Chicken,"['boneless chicken breast', 'dark soy sauce', 'gingerroot', 'cornstarch', 'roasted sichuan peppercorn', 'dark soy sauce', 'salt', 'sugar']","1. CUT CHICKEN INTO THIN SLICES 2 inches long, cutting against the grain.
2. Put it into a bowl together with the soy sauce, ginger, cornstarch and 1 teaspoon sesame oil.
3. Mix well, and then let the mixture marinate for about 20 minutes.
4. Heat the oil in a wok or large skillet until it is very hot. Remove the chicken from the marinade with a slotted spoon.
5. Add it to the pan and stir-fry it for 2 minutes until it br owns.
6. Remove it and leave to drain in a colander or sieve. Pour off most of the oil, leaving about 2 teaspoons.
7. Reheat the pan over a high heat and then add the dried chiles.
8. Stir-fry them for 10 seconds, and then return the chicken to the pan.
9. Add the rest of the ingredients and stir-fry for 4 minutes, mixing well.
10. Serve the dish at once.",
2603.0,Bobota,"['butter', 'sugar', 'eggs', 'milk', 'baking powder', 'salt', 'water', 'sugar', 'lemons', 'cinnamon stick']","1. Cake: Cream butter and then cream in sugar with 6 beaten egg yolks.
2. Add the muffin mix, milk, baking powder, salt and extract. Stir well by hand ( not with mixer ). Beat egg whites stiff and fold into mixture. Place mixture in a greased 10 x 14 inch pan.
3. Bake on a 350F oven about 40 minutes or tested done. Remove from oven and cool in pan until warm.
4. Cut into squares or diamonds.
5. Pour on hot syrup.
6. Sprinkle with almonds.Garnish with maraschino cherries.
7. Note: make syrup while cake is baking.
8. Bring all syrup ingredients to a boil and boil until a thickened syrup.( maybe about 20 minutes or less )",
2604.0,Beef Pasta with Tomato-Spinach Sauce,"['round tip steak', 'garlic', 'olive oil', 'rotini pasta', 'fresh spinach leaves', 'parmesan cheese']","1. Stack beef steaks; cut lengthwise in half and then crosswise into 1 inch wide strips.
2. In medium bowl, combine beef, garlic and oil; toss to coat. set aside. Cook pasta according to package directions, adding spinach to water during last minute of cooking.
3. Drain well; do not rinse. Meanwhile heat large skillet over medium-high heat until hot. Add beef (1/2 at a time ) and stir-fry 1 minute or until outside is no longer pink.
4. (Do no overcook ) Remove from skillet with slotted spoon; keep warm.
5. In same skillet, add tomatoes and cook over medium-high heat until sauce is thickened.
6. Return beef to skillet and add pasta mixture; heat through, mixing lightly.
7. Stir in 3 tablespoons cheese; garnish with remaining cheese.",
2605.0,Sloppy Joes,"['extra lean beef', 'onion', 'green bell pepper', 'garlic', 'water', 'vinegar', 'brown sugar', 'chili powder', 'worcestershire sauce', 'salt', 'tabasco sauce']","1. Cook and stir ground beef, onion, green pepper, and garlic in a large skillet over medium-high heat until beef is brown.
2. Drain fat.
3. Stir in undrained tomatoes, water, oat bran, vinegar, brown sugar, chili powder, Worcestershire sauce, salt and Tabasco sauce.
4. Bring to boiling; reduce heat.
5. Simmer covered, for 5 minutes more or until mixture is desired consistency.
6. Spoon mixture onto hamburger buns.",
2607.0,Slow-Simmered Chicken,"['chicken', 'salt', 'ginger', 'onions', 'chinese cabbage', 'savoy cabbage']","1. Blanch chicken in boiling water 6 minutes, skimming any scum from the surface. Drain well.
2. Rub it inside and out with the salt and stuff with a mixture of the ginger, crumbled stock cube, onion and gherkins.
3. Put the stuffed chicken in a flameproof casserole with 5 cups water.
4. Bring to the boil; then put the casserole in the oven, preheated to 180 C.
5. Cook for 1 hour 20 minutes, turning the chicken once. Take the chicken out and arrange the cabbage wedges in the liquid place the chicken on top.
6. Return the casserole to the oven and cook for a further 40 minutes, Serve straight from the casserole or from a large warmed tureen.",
2608.0,Sock It to Me Cake,"['eggs', 'sour cream', 'water', 'sugar', 'brown sugar', 'cinnamon', 'confectioners', ',']","1. Preheat oven to 375°F.
2. Grease and flour a 10-inch tube or bundt pan.
3. For streusel filling, combine 2 tablespoons cake mix, brown sugar, and cinnamon in medium bowl; stir in pecans.
4. For cake, combine remaining cake mix, eggs, sour cream, oil, water, and sugar in a bowl.
5. Beat at medium speed with electric mixer for 2 minutes.
6. Pour two-thirds of batter into pan, sprinkle struesel filling.
7. Spoon remaining batter over filling.
8. Bake for 45 to 55 minutes or until toothpick inserted in center comes out clean.
9. Cool in pan 25 minutes, and invert onto a serving plate, and then cool completely.
10. For glaze combine confectioners
11. ,","https://img.sndimg.com/food/image/upload/w_555,h_416,c_fit,fl_progressive,q_95/v1/img/recipes/26/08/JjtgW1ygSfqocqQAKwtJ_cake.jpg"
2609.0,Soft Flatbread - Mjukt Tunnbrod,"['active compressed yeast', 'butter', 'margarine', 'milk', 'salt', 'sugar', 'light corn syrup', 'all-purpose flour', 'flour']","1. Crumble yeast in a mixing bowl.
2. Melt butter.
3. Add milk and warm until lukewarm, 99M-0F/37M-0C.
4. Dissolve the yeast in a little of the milk mixture. Add the rest of the liquid, salt, sugar, syrup, ammonium carbonate, graham flour, and rye flour to the yeast mixture. Work in the flour.
5. Cover and let rise for about 45 minutes.
6. Turn out onto a floured surface. Divide the dough, which shouldn
7. ,
8. thick) preferably using a rippled rolling pin.
9. Wrap the thin dough around the rolling pin and brush away any extra flour.
10. Carefully place the bread on the stove in a heated frying pan.
11. Fry about 2 minutes on each side over medium heat. Place on a cooling rack, cover, and allow to cool.",
2610.0,Sorrel Soup,"['butter', 'extra virgin olive oil', 'yellow onion', 'fresh sorrel leaves', 'salt', 'flour', 'pepper', 'extra virgin olive oil']","1. In a large, heavy-bottomed saucepan, heat the butter and olive oil over medium
2. heat. Add the chopped onion, reduce heat to low heat and cook slowly until the onion are translucent. Meanwhile, roll the sorrel leaves into a tight bunch and, with a very sharp knife, slice into fine strips (julienne). Set aside half the leaves.
3. Add the other half to the pot with the onions, sprinkle the flour and salt over them and stir to combine. Increase the heat to medium and cook for a few minutes until the sorrel are wilted.
4. Gradually whisk in the hot stock and let simmer for a further 10 minutes.
5. Pour the soup into a blender and puree until smooth.
6. Add half the reserved sorrel leaves to the soup and puree again.
7. Taste and season with pepper and more salt if needed.return to the saucepan aver low heat. In a small bowl, whisk together the egg yolks and cream.
8. Stir about a cup of hot soup into the cream mixture and gradually whisk it all back into the pot. Stir in the mixture over medium heat for a few minutes until the soup thickens slightly.
9. Do not let it come to a boil or the yolks will curdle. To serve, divide the remaining sorrel leaves into 4 deep bowls.
10. Pour a ladle of soup over the leaves.
11. Drizzle some olive oil on to the soup and serve immediately.
12. -----",
2611.0,Herbed Pizza Crust,"['water', 'salt', 'all-purpose flour', 'bread flour', 'sugar', 'dried rosemary leaves', 'dried oregano leaves', 'black pepper', 'dried thyme leaves', 'active dry yeast', 'cornmeal']","1. Measure carefully, placing all ingredients except cornmeal in bread machine pan in order specified by owner manual.
2. Program dough cycle setting; Press start.
3. When dough is finished, remove dough from bread machine and let it rest 2 - 3 minutes.
4. Pat and gently stretch dough from edges until dough seems to not stretch anymore. Let rest 2-3 minutes more. Continue patting and stretching until dough is 12 - 14 inches in diameter.
5. Spray 12-14 inch pizza pan with cooking spray; Sprinkle with cornmeal, if desired.
6. Press dough into pan; Cover with towel and let stand in warm place for about 10 minutes *** I have added toppings with the dough from here and baked and it
7. ,
8. ,
9. ,
10. ,
11. ve also been known to add garlic to this recipe.*** Enjoy!","https://img.sndimg.com/food/image/upload/w_555,h_416,c_fit,fl_progressive,q_95/v1/img/recipes/26/11/pic9lfxDd.jpg"
2612.0,Sour Cream Pecan Pralines,"['sour cream', 'granulated sugar', 'light corn syrup', 'molasses', 'salt', 'meyer', ',']","1. Mix together the sour cream, light corn syrup, molasses, salt, rum (optional) and two cups of the granulated sugar.
2. Melt the remaining cup of granulated sugar in a heavy bottomed pot, stirring constantly until it is caramelized.
3. Pour the mixed ingredients into the melted sugar at first slowly, stirring rapidly, so that it mixes with the sugar.
4. Then pour the rest of the mix in.
5. Much steam will be released in this process, so it is advised to wear a cooking mitten on the hand that is used to stir.
6. Cook without stirring until the mixture reaches a temperature of 250 F (midway between the softball and hardball stage.) To accurately measure the temperature, calibrate and adjust your thermometer for you elevation.
7. Place the thermometer in a pot of water and bring it to the boiling point. Note the reading on your thermometer.
8. Apply the difference between the boiling point shown and the true boiling point of 112 F to the 250 F true praline temperature. If, for example, the thermometer shows the water boiling at 202 F, then subtract 10 degrees from the praline temperature of 250 F to get the reading of 240 F at which the praline syrup is done. Add the cleaned pecans all at once. Fold and mix the pecans into the syrup until thoroughly mixed.
9. Drop by spoonfuls onto oiled parchment paper or onto an oiled marble surface. If you wish to individually wrap your fresh pralines, use wax paper.
10. Do not use plastic wrap, as it will stick to the candy.
11. Notes:: * Do not use \
12. or \
13. sour cream",
2613.0,Sour Cream Raisin Pie II,"['all-purpose flour', 'salt', 'canola oil', 'milk', 'dark raisin', 'sugar', 'all-purpose flour', 'salt', 'milk', 'sour cream', 'unsalted butter', 'vanilla extract', 'granulated sugar', 'salt', 'cream of tartar', 'vanilla extract']","1. Cover raisins with 1 cup of boiling water, let stand 5 minutes.
2. Drain.
3. Separate egg yolks from whites, set whites aside for meringue. PASTRY: In a large mixing bowl, combine flour and salt. In measuring cup, measure oil and add milk.
4. Do not stir.
5. Pour oil and milk all at once into flour mixture. Stir with a fork until well-combined and mixture comes together in a mass.
6. Shape mixture into a ball and roll between sheets of plastic wrap.
7. Peel plastic wrap off of top of pastry, and invert pastry into 9\
8. ,
9. ,
10. ,
11. ,
12. ,
13. ,
14. ,
15. ,
16. ,
17. ,
18. ,
19. ,
20. ,
21. ,
22. ,
23. ,",
2614.0,Sourdough Zucchini Bread,"['egg', 'white sugar', 'brown sugar', 'milk', 'zucchini', 'flour', 'baking powder', 'baking soda', 'salt', 'cinnamon', 'clove', 'raisins']","1. Mix oil, sugar,egg and starter and milk.
2. Stir until sugar is well dissolved.
3. Stir in zucchini.
4. Combine dry ingredients and mix into zucchini mixture just to blend well.
5. Fold in raisins and nuts.
6. Grease and flour a pan that will hold mixture 2/3 full.
7. Bake 325°F, one hour or tested done. Cool in pan 5 minutes before removing.
8. Remove and cool on rack completely.
9. Wrap and mellow overnight before cutting.",
2615.0,Soured Milk Cake,"['butter', 'sugar', 'baking soda', 'eggs', 'flour', 'raisins', 'vanilla']","1. Cream butter and sugar, add eggs and beat well.
2. Add flour, cocoa, raisins and milk.
3. Lastly add vanilla and soda dissolved in a little boiling water.
4. Bake in moderate oven until skewer comes out clean.","https://img.sndimg.com/food/image/upload/w_555,h_416,c_fit,fl_progressive,q_95/v1/img/recipes/26/15/piclG5EGa.jpg"
2616.0,Southern Cream of Pecan Soup,"['unsalted butter', 'onions', 'all-purpose flour', 'salt', 'white pepper', 'nutmeg', 'pecans', 'celery leaves', 'mint']","1. Make chicken stock or use bouillon cubes.
2. Melt butter in heavy medium saucepan over medium heat. When foam subsides, add onion; reduce heat to low.
3. Saute onion, stirring frequently, until soft but not browned, about 5 minutes.
4. Stir in flour until thoroughly blended; cook, stirring, over low heat 1 minute. Gradually pour in 2 cups stock, stirring constantly.
5. Stir in salt, pepper to taste, and nutmeg; add pecans and sprig of celery leaves.
6. Increase heat under saucepan to medium; heat soup to boiling.
7. reduce heat to low; simmer soup gently 10 minutes, stirring occasionally.
8. Stir in cream; simmer over very low heat 5 minutes.
9. Taste for seasoning; adjust with salt and pepper if desired.
10. Ladle soup into individual warmed bowls.
11. Serve at once. Notes: * finely ground (1 cup pecans equals about 4 ounces by weight). ** or half and half, use at room temperature.",
2617.0,Spaghetti Alla Carbonara,"['spaghetti', 'bacon', 'eggs', 'garlic clove', 'cheese', 'extra virgin olive oil']","1. Chop the lard into small cubes about 1/2 cm high and brown it in a pan together with a few spoons of oil and garlic clove ( which you will take out as soon as it starts browning).
2. While the lard is cooking, bring water to a boil in a large pot and add a teaspoon of salt.
3. When water is at a rolling boil, add the spaghetti noodles and cook to al dente; drain in a colander.
4. In a hot soup tureen carefully blend the eggs (two all and two only yolks) at room temperature together with grated cheese, seasoning it with salt and freshly ground pepper; you must obtain an homogeneous cream.
5. The preparation of the sauce must take place when pasta is just about ready to be strained, so that it may immediately be poured into the tureen and mixed with the eggs and the crunchy and hot bacon. (The heat from the cooked pasta cooks the eggs.).","https://img.sndimg.com/food/image/upload/w_555,h_416,c_fit,fl_progressive,q_95/v1/img/recipes/26/17/2617.jpg"
2618.0,Beef Stir-Fry with Couscous,"['boneless beef top sirloin steaks', 'single strength beef broth', 'couscous', 'olive oil', 'red bell pepper', 'bananas', 'other sweet onion', 'prepared honey-dijon barbecue sauce', 'fresh parsley', 'parsley sprig']","1. Trim fat from beef steak.
2. Cut steak lengthwise in half and then crosswise into 1/4-inch thick strips; set aside. In medium saucepan, bring beef broth to a boil.
3. Stir in couscous; cover pan and remove from heat. In large nonstick skillet, heat oil over medium-high heat until hot. Add beef, 1/2 at a time, and stir-fry 1 to 2 minutes or until outside surface is on longer pink.
4. Remove from skillet with slotted spoon; keep warm.
5. In same skillet, stir-fry bell pepper and onion 2 to 3 minute or until crisp-tender.
6. Return beef to skillet; stir in barbecue sauce. Cook and stir 1 to 2 minute or until heated through.
7. Arrange beef mixture on couscous; sprinkle with chopped parsley.
8. Garnish with parsley sprigs.
9. Makes 4 servings (serving size: 1/4 of recipe) Tip: Yellow, green or a mixture of colored bell peppers may be used to vary the color of this dish.",
2619.0,Spaghetti Squash Parmesan,"['spaghetti squash', 'water', 'zucchini', 'tomatoes', 'green onion', 'parmesan cheese', 'lemon juice', 'basil', 'dill', 'black pepper']","1. Place the squash, cut side up, in a Dutch oven.
2. Add the water.
3. Cover and bring to a boil.
4. Reduce the heat and simmer for 13 to 17 minutes, or until squash fibers pull apart easily with a fork.
5. Remove the squash from the pan and drain well.
6. Scoop out and discard the seeds.
7. Using 2 forks, fluff the flesh into strands.
8. In a steamer basket over simmering water, steam the zucchini, covered, for 3 minutes; remove from the heat. Discard the cooking liquid from the Dutch oven and dry the pan well.
9. Add the squash, zucchini, tomatoes, and green onions to the pan.
10. Stir in the Parmesan, lemon juice, basil, dill, and pepper.
11. Toss well to coat with sauce. Cook 1 minute over medium-high heat to heat through.",
2620.0,Spaghetti With Pilchards,"['spaghetti', 'wild fennel', 'raisins', 'anchovy fillets', 'extra virgin olive oil']","1. Wash well and finely chop the wild fennel.
2. Brown the chopped onion in a pan with abundant extra virgin olive oil, adding the fennel, the pine seeds, the raisins (which have been softened in lukewarm water then drained) and the anchovy fillets.
3. After a few minutes add the pilchards, which have been cleaned and boned and a little warm water; salt and pepper and bring the cooking to an end.
4. Boil the spaghetti in abundant salted water strain once they have reached optimum, firm consistency and flavor with the fish sauce.
5. Good appetite, from Franco B.",
2621.0,Spanish Peanut Cookies,"['flour', 'baking powder', 'baking soda', 'brown sugar', 'unsalted butter', 'egg', 'rolled oats', 'flaked coconut', 'salted peanuts', 'unsalted butter', 'confectioners', ',', ',']","1. Cookies: Combine flour, baking powder, baking soda; set aside.
2. Cream butter and sugar. Add egg and beat well.
3. Add all dry ingredients, blending after each addition.
4. Drop by rounded teaspoon on ungreased cookie sheet.
5. Bake at 350°F for 12-15 minutes.
6. Drizzle Icing: Melt butter. Mix in confection sugar, hot water, and fresh lemon juice. Beat until smooth and drizzle over cooled cookies. (Add additional hot water if mixture is too thick).","https://img.sndimg.com/food/image/upload/w_555,h_416,c_fit,fl_progressive,q_95/v1/img/recipes/26/21/picrNF3ol.jpg"
2622.0,Spanish Steak or Spanish Chicken,"['boneless chicken breasts', 'rotel tomatoes', 'diced tomatoes', 'tomato sauce', 'bell pepper', 'onion', 'seasoning salt']","1. Spray deep skillet with cooking spray or lightly oil (May use a couple of TBS. Oil if needed to keep meat from sticking but not necessary if using Teflon coated pan.).
2. Season meat with salt and pepper, to taste.
3. Brown on both sides.
4. Add vegetables, tomatoes and tomato sauce.
5. Cover and simmer for 30 minutes, or until meat is tender.",
2623.0,Sparkling Gingersnaps,"['sugar', 'oleo', 'shortening', 'egg', 'light molasses', 'dark molasses', 'flour', 'baking soda', 'cinnamon', 'salt', 'ginger', 'allspice']","1. Preheat oven to 350°F.
2. Beat together sugar, oleo, shortening, egg and molasses.
3. Add dry ingredients all at once and mix well.
4. Roll dough into small balls , roll in extra small bowl of sugar and place on ungreased cookie sheet.
5. Bake for 12 minutes.",
2624.0,Spice Party Punch,"['frozen lemon juice', 'cloves', 'cinnamon', 'ginger', 'allspice', 'mace', 'sugar', 'ginger ale']","1. Combine fruit juices.
2. Tie cloves in cheesecloth bag (unless you want to go fishing for them later); add to juices with other spices and sugar.
3. Mix well.
4. Let stand several hours.
5. When ready to serve, remove spice bag; stir well.
6. Pour over ice in punch bowl; add ginger ale.",
2625.0,Spinach Cashew Salad,"['bacon', 'cashews', 'spinach', 'lettuce', 'mozzarella cheese', 'sugar', 'red wine vinegar', 'dry mustard', 'red onions', 'poppy seed']","1. Chop bacon and fry until crisp.
2. Drain on paper towel to remove as much excess fat as possible. Wash spinach and lettuce then tear leaves into bite size pieces.
3. Place in Salad bowl.
4. Add cashew pieces, grated cheese, and crumbled bacon.
5. Toss when ready to serve. Serve with poppy seed dressing.
6. NOTE: Fat grams may be reduced to 1 gram per serving if bacon and cashews are eliminated.
7. Each add approximately 3 grams of fat per serving.
8. Poppy Seed Dressing: Place all ingredients in blender and blend until smooth.
9. Alternate method: finely grate onion, add remaining ingredients and beat with mixer until well blended.","https://img.sndimg.com/food/image/upload/w_555,h_416,c_fit,fl_progressive,q_95/v1/img/recipes/26/25/picuDQF2o.jpg"
2626.0,Beef Stuffed Acorn Squash,"['acorn squash', 'lean beef', 'onion', 'celery', 'flour', 'salt', 'sage', 'milk', 'rice', 'colby', 'cheddar cheese']","1. Cut each squash in half; discard seeds.
2. Place cut side down in a 3 quart rectangular baking pan.
3. Bake in preheated 350 F oven 50-55 minutes or until tender.
4. Saute beef, onion and celery in a large frypan until meat is browned; drain off any fat. Blend in flour, salt and sage. Stir in milk.
5. Cook over medium heat, stirring constantly, until mixture just comes to a boil and thickens.
6. Stir in cooked rice. Turn squash cut side up in pan; fill squash cavities with equal amounts of meat mixture. Return to oven and bake an additional 30 minutes.
7. Top with cheese; bake 3 minutes longer.",
2627.0,Spotted Dick II,"['flour', 'suet', 'sugar', 'raisins', 'milk']","1. Mix all ingredients with enough milk to make a thick cake mixture. Grease a piece of tin foil.
2. Spoon mixture on like a sausage, 2\
3. ,
4. ,",
2628.0,Spotted Dick,"['self-raising flour', 'vegetable suet', 'beef suet', 'caster sugar', 'currants', 'custard']","1. In a large bowl mix the flour, suet, sugar, currants and 12 fl.oz. water to a soft dough.
2. Shape into a long sausage and wrap in greaseproof paper.
3. Fill a pan that is large enough to take the dough sausage, allowing room to expand, with water.
4. Bring to the boil.
5. Dip a clean tea towel in hot water, wring it out and sprinkle it with flour.
6. Roll up the pudding loosely in the cloth and tie at each end.
7. Place the pudding in the pan and simmer for 2 hours.
8. Remove the tea towel and greaseproof paper, sprinkle with sugar and serve warm with custard.",
2629.0,Spotted Dick IIi,"['self raising flour', 'salt', 'butter', 'caster sugar', 'currants', 'eggs', 'milk']","1. Sift the flour with the salt into a bowl, rub in butter and then stir in the sugar and currants.
2. Whisk the eggs and stir into the mixture and stir until smooth with a wooden spoon, adding milk, if necessary, to give a dropping consistency.
3. Turn into a well-greased basin, cover with pleated, buttered grease proof paper and foil, tie securely and steam 1 1/2 - 2 hours.
4. Serve with custard.",
2630.0,Sprout and Snow Pea Stir-Fry,"['snow peas', 'garlic', 'gingerroot', 'bean sprouts', 'water', 'reduced sodium soy sauce']","1. Remove stem end and string from snow peas.
2. In large nonstick skillet or wok, heat oil over high heat.
3. Add garlic, gingerroot and snow peas; stir-fry for 1 minute
4. Add bean sprouts; stir-fry for 1 minute or until vegetables are tender-crisp, adding water if necessary to prevent burning.
5. Stir in soy sauce.",
2631.0,Stephen's Pork Chop Dinner in a Pan,"['idaho baking potatoes', 'sauerkraut', 'worcestershire sauce', 'dark brown sugar']","1. Peel potatoes and julienne them i.e. cut into slices about 1/8 - 1/4\
2. ,
3. s preheating to 360 degrees(This greases the bottom of the pan and makes chitlin
4. s day, who designed this dish.
5. He used to serve them as appetizers to whomever was watching his kitchen wizardry.
6. Now there
7. ,
8. ,
9. ,
10. ,
11. ,
12. ,
13. ,
14. ,
15. ,
16. ,
17. ,
18. ,
19. ,
20. ,
21. t done enough, just turn up the heat and cook a little more. Drain all the juice from the can of sauerkraut and spread over the potatoes.
22. Sprinkle liberally with brown sugar.
23. Check often during the next 15 minutes to see when the brown sugar melts.
24. Mix it around into the kraut and potatoes and flip the chops around to get some too.
25. The dish is done when the chops tear apart to a fork and potatoes are soft. I like the chops falling apart and I have all the water cooked off.
26. This dish serves two or more depending on appetites.
27. Serve with the kraut and potatoes mixed up together and add cold applesauce as a side. Good summer dish because the electric skillet keeps the temperature down in the kitchen.",
2632.0,Stir-Fry Beef & Spinach with Noodles,"['beef round tip steak', 'fresh spinach', 'water chestnuts', 'green onion', 'red chili peppers', 'hoisin sauce', 'reduced-sodium soy sauce', 'water', 'garlic']","1. Stack beef steaks; cut lengthwise in half and then crosswise into 1-inch wide strips.
2. Combine marinade ingredients, pour half over beef.
3. Cover and marinate in refrigerator 10 minutes.
4. Reserve remaining marinade. Meanwhile cook pasta according to package directions; keep warm.
5. Remove beef from marinade; discord marinade. Heat large nonstick wok or skillet over medium-high heat until hot. Add beef (half at a time) and stir-fry (1 to 2 minutes or until outside surface is no longer pink.
6. (Do not overcook.) Remove from skillet with slotted spoon; keep warm.
7. In same skillet, combine pasta, spinach, water chestnuts, green onions and reserved marinade; cook until spinach is wilted and mixture is heated through, stirring occasionally.
8. Return beef to skillet; mix lightly.
9. Garnish with chili peppers.",
2633.0,"Beef, Pepper & Mushroom Kabobs","['boneless beef top sirloin steak', 'red bell peppers', 'yellow bell pepper', 'mushrooms', 'salt', 'fresh lemon juice', 'olive oil', 'water', 'dijon-style mustard', 'honey', 'dried oregano leaves', 'pepper']","1. Trim fat from beef steak; cut into 1 1/4-inch pieces.
2. In large bowl, whisk together seasoning ingredients; add beef, bell pepper and mushrooms, tossing to coat. Alternately thread pieces of beef, bell pepper and mushrooms on each of four 12-inch metal skewers.
3. Prepare rice according to package directions; keep warm.
4. Meanwhile, place kabobs on rack in broiler pan so surface of meat is 3 to 4 inches from heat. Broil 9 to 12 minutes for medium rare to medium doneness, turning occasionally.
5. Season with salt. Serve kabobs with rice. Makes 4 servings (serving size; 1 kabob and 3/4 cup rice) Total preparation and cooking time: 30 minutes Cook
6. ,","https://img.sndimg.com/food/image/upload/w_555,h_416,c_fit,fl_progressive,q_95/v1/img/recipes/26/33/piczhdVHy.jpg"
2634.0,Stuffed Cucumber Snacks,"['cucumber', 'low-fat cream cheese', 'blue cheese', 'fresh parsley', 'fresh dill', 'onion', 'pimientos', 'dill sprigs']","1. Run the tines of a fork lengthwise down the cucumber.
2. Cut a 1\
3. ,
4. ,
5. ,
6. ,
7. ,
8. ,
9. slices; garnish with pimiento and dill.",
2635.0,Ground Beef Stuffed Red Bell Peppers,"['ground beef', 'onion', 'milk']","1. Salt, pepper, chopped fresh parsley, minced garlic for taste. Wash the peppers and dry them very well.
2. Cut each one into two pieces (longitudinally). Get out all the seeds and any white part. Preheat oven.
3. FILLING: Put the bread in a cup with the milk.
4. Wait until the bread absorb all the liquid it can.
5. Then squeeze it; only the humid bread without liquid will be used.
6. Aside, put in a bowl the ground beef, the very finely chopped onion, the minced garlic and the parsley.
7. Mix all very well.
8. Add the humid bread cut in small pieces; put enough salt and pepper.
9. Fill the peppers halves.
10. Sprinkle each one with grated dried bread.
11. Put them on a shell with a thin oil layer.
12. Cook in the oven for about 30-40 minutes until the peppers are tender and the cover (the grated bread) gold brown.
13. Bon appetit! The same filling can be used to stuff zucchini and aubergines, for instance. These ones must be cooked previously in salted boiling water (already cut in halves). Then you have to empty each half with a tablespoon, taking care of not damaging the skin.
14. Part of the fruit retired (and chopped) can be mixed in the filling.
15. I hope you like these ideas.",
2636.0,Sugared Walnuts,"['brown sugar', 'milk', 'salt', 'cinnamon', 'walnut halves', 'vanilla']","1. Combine brown sugar, milk, grated orange peel, salt and cinnamon in large saucepan.
2. Stir to combine. Cook over low heat until candy thermometer registers 236 degrees.
3. Remove from heat and add nuts and vanilla.
4. Stir mixture until it begins to look grainy.
5. Turn out onto wax paper and separate nuts to cool entirely.
6. Will keep in covered containers in refrigerator but do not freeze.
7. **Does not work well on Brazil nuts. Coating does not stick.
8. *I have used up to 4 cups of nuts per batch with good results.",
2637.0,Summer Citrus Punch,"['vodka', 'grapefruit juice', 'fresh lime juice', 'fresh lemon juice', 'sugar', 'orange', 'lemon', 'strawberry']","1. Combine first four ingredients in punch bowl.
2. Stir until sugar dissolves.
3. Add 50 ice cubes, orange slices, lemon slices and berries and stir gently to combine.
4. Fill glasses with ice.
5. Ladle punch into glasses and serve.",
2638.0,Summer Pudding,"['sugar', 'water']","1. Take a 2 pint pudding basin, or souffle dish.
2. Cut the bread to get the base and sides of the dish.
3. Put the blackberries and blackcurrants and sugar to taste into a pan with the water.
4. Simmer gently until almost soft, add the raspberries and strawberries and cook for a further 3 minutes.
5. Put the mixture in the basin (reserving 2-3 oz juice). Top with the bread, pressing down firmly.
6. Cover the basin with a plate or saucer to fit the top exactly.
7. Place a weight on top and leave in the refrigerator overnight. Turn out on to a serving dish just before serving.
8. Use the reserved juice to cover any parts of the bread which have been left white. Serve with whipped cream.",
2639.0,Sweet Chicken Curry,"['olive oil', 'onions', 'garlic', 'curry powder', 'hot chili pepper', 'low-fat coconut milk', 'potatoes']","1. In a pot, brown the meat, onions and garlic in oil (Chicken should be skinned). Generously sprinkle curry powder on meat (commercial preparations are fine on their own or cut with some homemade).
2. Mix your stock and thickener in a cup.
3. Add stock mixture, coconut milk and cream to the chicken.
4. If you don
5. ,
6. ,
7. ,",
2640.0,Beef Burgers With Orange Barbecued Sauce,"['beef burgers', 'onions', 'butter', 'flour', 'worcestershire sauce', 'wine vinegar', 'tomato paste', 'canned tomatoes']","1. Brown the burgers and saute the onion gently in the oil.
2. Place in a casserole. Make a roux with the butter and flour, add the orange juice, rind, Worcestershire sauce, vinegar and tomato paste. Cook well, stir in the tomatoes and season well.
3. Pour into the casserole and cook at 160 C 30 - 40 minutes.
4. Taste and adjust seasonings before serving.
5. Serve with baked potatoes and green salad with slices of orange. Cheers, Doreen Doreen Randal, Wanganui.
6. New Zealand.",
2641.0,Sweet Sour Sauce Secrets,"['ketchup', 'brown sugar', 'another sweetener', 'vinegar']","1. The point is that as long as you stick to the basic idea of tomato/sweetener/vinegar/sweet liquid --
2. You can Create your own Sweet Sour Sauce.","https://img.sndimg.com/food/image/upload/w_555,h_416,c_fit,fl_progressive,q_95/v1/img/recipes/26/41/picomysvv.jpg"
2642.0,Taco Seasoning Mix,"['chili powder', 'dried oregano', 'salt', 'cornstarch', 'instant garlic', 'cumin']","1. Combine all ingredients in a small bowl and blend well.
2. Spoon mixture onto a 6-inch square of aluminum foil and fold to make airtight. Label as Taco Seasoning Mix.
3. Store in a cool, dry place and use within 6 months.
4. Makes 1 package (about 2 T) of mix.
5. Using the above recipe as a guide you can increase the amounts to make any number of packages.
6. Taco Filling: Brown 1 lb lean ground beef in a medium skillet over medium-high heat; drain the excess grease. Add 1/2 cup water and the seasoning mix.
7. Reduce heat and simmer 10 minutes, stirring occasionally.
8. Makes filling for 8 to 10 tacos.
9. Hope this is what you are looking for.","https://img.sndimg.com/food/image/upload/w_555,h_416,c_fit,fl_progressive,q_95/v1/img/recipes/26/42/picd9xCvv.jpg"
2643.0,Taffy Apple Salad 11,"['pineapple tidbits', 'pineapple', 'miniature marshmallows', 'sugar', 'vinegar', 'flour', 'egg', 'peanuts', 'apples', 'cool whip']","1. This takes two days to prepare.
2. First day:
3. Drain the pineapple and reserve the juice. Combine the pineapple with the marshmallows.
4. Refrigerate overnight.
5. Cook and stir the pineapple juice, sugar, vinegar, flour, and well beaten egg until thick.
6. Refrigerate mixture.
7. Second day: Mix cocktail peanuts and diced apples.
8. Add to the two mixtures from the first day.
9. Add Cool Whip.",
2644.0,Tamarillo Sauce,"['tamarillos', 'brown sugar', 'water', 'five-spice powder', 'water', 'brown sugar']","1. Peel and chop tamarillos, combine with sugar and water in pan, simmer, covered, about 5 mins.
2. or until tamarillos are soft. Blend or process mixture; strain.
3. Return mixture to pan, stir in stock, spice, extra water and extra sugar, simmer, uncovered, 5 minutes.
4. Freezes well.
5. Cheers, Doreen Doreen Randal, Wanganui.
6. New Zealand.",
2645.0,Tame Kimchi,"['red onion', 'carrots', 'napa cabbage', 'kosher salt', 'sea salt', 'garlic', 'fresh ginger', 'hot chili sauce', 'sugar', 'rice vinegar', 'canola oil']","1. In large bowl, combine the red onion, carrots, cabbage, and salt. Add just enough water to cover the vegetables.
2. Let them sit at room temperature overnight. The next day, drain the vegetables.
3. Add the remaining ingredients, and toss well.
4. Chill the salad for at least 1 hour before serving.
5. It will keep in a sealed container in the refrigerator for up to 7 days.
6. Variation: This kimchi doesn
7. ,
8. d like to ferment this kimchi, omit the oil, and put the mixture into a large sterilized jar.
9. Let the kimchi stand at room temperature for 2-4 days, opening the jar once a day to let out the gases that build up.
10. Store the kimchi in the refrigerator after this period.
11. It will keep for several weeks.","https://img.sndimg.com/food/image/upload/w_555,h_416,c_fit,fl_progressive,q_95/v1/img/recipes/26/45/piccCVMsq.jpg"
2646.0,Tangerine Creme Brulee,"['heavy cream', 'half-and-half', 'sugar', 'vanilla extract', 'light brown sugar', 'tangerine', 'orange']","1. Heat the cream and half n half just to the simmer.
2. Remove the zest from the tangerine and place it in the cream.
3. Let it steep for about 1/2 hour.
4. Squeeze in about 1 tablespoon of the juice. Beat the egg yolks until light and pour the hot cream over them whisking the entire time. Add the vanilla and strain the mixture though a fine sieve. Fill ramekins with the mixture, place them in a large baking dish and fill the dish with hot water to a depth of 1 inch.
5. Bake for about 40 minutes at 300 degrees or until the custards are set. They will continue cooking after you remove them, so they can still have a small amount of movement in the center.
6. Chill completely.
7. Sift the brown sugar and place a light coating over each ramekin.
8. Either place under your broiler or, in my case, I use my propane torch until the sugar has melted.
9. * I usually halve this recipe since we are two.
10. If a make it any larger than this recipe (which really only serves 6 with my size ramekins) I will add an extra yolk.",
2647.0,Taste of Home Chunky Blond Brownies,"['butter', 'margarine', 'sugar', 'brown sugar', 'eggs', 'vanilla extract', 'flour', 'baking powder', 'salt']","1. In a mixing bowl, cream butter and sugars.
2. Add the eggs and vanilla: mix well.
3. Combine flour, baking powder and salt: add to creamed mixture and mix well.
4. Stir in vanilla chips, chocolate chunks and 1/2 cup nuts.
5. Spoon into a greased 13 in by 9 in by 2 in pan, spread to evenly cover bottom of pan.
6. Sprinkle with remaining nuts.
7. Bake at 350 degrees for 25-30 minutes or until golden brown.
8. cool on wire rack.",
2648.0,Teriyaki Chicken W/pecans,"['ginger', 'garlic powder', 'chicken pieces', 'egg', 'pecans', 'flour']","1. Combine teriyaki sauce, ginger and garlic powder.
2. Pour into large plastic bag with chicken pieces.
3. Press air out, tie top securely.
4. Turn over several times to coat chicken pieces.
5. Refrigerate 8 hours or overnight. Remove chicken, reserving marinade. Combine egg and 2 tablespoons of reserved marinade, set aside. Combine pecans and flour on large plate. Dip chicken pieces into egg mixture, then roll in pecan mixture, coating all sides.
6. Place chicken pieces, skin side up, on rack placed in large baking pan.
7. Bake at 350 degrees for 50 minutes, or until chicken is tender.
8. Cool slightly, then serve. Or, chill in refrigerator 4 hours or overnight. Wrap in foil, and transport packed in ice cooler to your picnic! Yields 8 servings.","https://img.sndimg.com/food/image/upload/w_555,h_416,c_fit,fl_progressive,q_95/v1/img/recipes/26/48/piczAREHJ.jpg"
2649.0,Teriyaki Sauce II,"['soy sauce', 'sherry wine', 'sugar', 'powdered ginger', 'garlic']","1. Combine all ingredients and use as a marinade. An excellent baste for chicken, beef and turkey.",
2650.0,Beer Can Chicken,"['beer', 'whole chickens']","1. Place wood chips in bowl.
2. Pop tabs of each beer can, and make 2 additional holes in each top, using a church-key opener.
3. Pour half the beer from each can over the chips.
4. Add additional beer or water to cover the chips, soak them for 1 hour and drain.
5. Set up grill for indirect grilling.
6. Sprinkle 1 teaspoon barbecue rub in neck cavity and 2 teaspoons in main cavity of each chicken.
7. Add 1 tablespoon rub to each open, half-full can of beer.
8. (Don
9. ,
10. ,
11. ,
12. ,
13. ,
14. ,
15. ,
16. ,
17. ,
18. ,","https://img.sndimg.com/food/image/upload/w_555,h_416,c_fit,fl_progressive,q_95/v1/img/recipes/26/50/picB5PkRg.jpg"
2651.0,The Bottomless Chicken Soup Pot,"['chicken', 'chicken parts', 'water', 'carrots', 'onions', 'celery', 'chicken bouillon cubes', 'salt']","1. Once you
2. ,
3. ,
4. ,
5. ,
6. ,
7. ,
8. ,
9. ,
10. ,
11. ,
12. ,
13. ,
14. ,
15. ,",
2652.0,The Whole Earth Cracked Wheat Bread,"['water', 'honey', 'honey', 'salt', 'unbleached flour', 'whole wheat flour']","1. Pour 2 cups boiling water over the cracked wheat. Add the honey reserving 1 teaspoon for later, salt and oil.
2. Cool.
3. Dissolve the yeast in 2/3 cup warm water and add the 1 teaspoon honey.
4. Combine with the cooled cracked wheat mixture. Add the flour and mix thoroughly.
5. Place in a buttered bowl and cover, let rise for 1 hour.
6. Punch down and let rise for another 30 minutes.
7. Punch down and turn out on a floured board.
8. Knead well.
9. Shape into 2 loaves and place in loaf pans.
10. Bake at 350 until golden brown.
11. Check after 30-40 minutes.
12. Check for doneness by tapping on bottom of loaf, if it sounds hollow, it","https://img.sndimg.com/food/image/upload/w_555,h_416,c_fit,fl_progressive,q_95/v1/img/recipes/26/52/picMUs01M.jpg"
2653.0,Three Layer Brownies,"['all-purpose flour', 'butter', 'margarine', 'salt', 'eggs', 'vanilla extract', 'sugar', 'confectioners', ',', ',', ',', ',', ',']","1. Combine the first seven ingredients in a large mixing bowl.
2. Beat at medium speed for 3 minutes.
3. Pour batter into a greased 13\
4. 2\
5. ,
6. ,
7. ,
8. ,
9. ,
10. ,
11. ,
12. ,",
2654.0,Tikka Spice Mix,"['cumin', 'garlic powder', 'paprika', 'garam masala', 'ginger', 'dried mint', 'chili powder']","1. The idea is you mix all these together and then keep the powder mixture for when you need it. If you couldn
2. ,
3. ve left the mint out too and it was perfectly ok :).",
2655.0,Tiramisu: Lift Me Up,"['sugar', 'milk', 'ricotta cheese', 'very strong coffee', 'light rum', 'brandy', 'lady savoiardi']","1. Beat egg yolks and sugar in 2 quart sauce pan, beat in milk until sugar is dissolved.
2. Heat to a boil over low to medium heat, stirring constantly.
3. reduce heat and boil for one minute.
4. Cover and refrigerate until cold.
5. Mix egg milk mixture with cheese and grated chocolate, set aside. (refrigerate)
6. Beat whipping cream and 2 tablespoons of cocoa in chilled bowl until stiff, refrigerate.
7. Mix coffee with rum, or brandy and coffee liqueur, (optional)
8. Dip half savoiardi in coffee mixture, ( do not soak)
9. arrange in single layer in ungreased rectangular baking dish (11 X 7 X 1.1/2
10. )
11. Spread half cheese mixture over savoiardi.
12. Spread half of the whipped cream over the cheese mixture.
13. Repeat with remaining savoiardi, cheese mixture and whipped cream mixture.
14. Sprinkle with cocoa and or grated chocolate.
15. P S You can add vanilla extract when beating eggs and sugar. (optional).",
2656.0,Tiramisu II,"['eggs', 'water', 'mascarpone', 'sugar', 'salt', 'ladyfingers', 'strong rich coffee', 'cognac']","1. Combine egg yolks and water in heavy saucepan.
2. Cook over very low heat, whisking constantly, until mixture reaches 160 degrees, about 15 minutes.
3. Cool quickly in cold water bath or in freezer.
4. Stir mascarpone into yolks.
5. Combine 4 egg whites, sugar and salt in top of double boiler.
6. Cook over very low heat, beating with hand-held mixer on medium speed or with whisk until whites hold soft peaks and temperature reaches 160 degrees, about 20 minutes.
7. Stir 1/4 of whites into egg yolk mixture. Fold in remaining whites.
8. To assemble, arrange ladyfingers in single layer on piece of heavy-duty foil; slightly turn up foil edges to make a tray.
9. (You also can do this on a large platter.) Combine coffee and Cognac; drizzle evenly over ladyfingers.
10. Arrange half of ladyfingers in single layer in glass or souffle dish, about 6 1/2 inches in diameter and 3 to 4 inches deep.
11. Fill in any spaces with parts of ladyfingers.
12. Cover ladyfinger layer with half of mascarpone mixture. Top with remaining ladyfingers and remaining mascarpone mixture. Cover with plastic wrap.
13. Refrigerate overnight or up to 2 days.
14. Sprinkle cocoa through fine sieve over surface. Serve chilled.",
2657.0,Tomato Sauce,"['tomatoes', 'tomatoes', 'onion', 'garlic', 'red bell peppers', 'green bell pepper', 'best olive oil', 'contadina tomato sauce', 'contadina tomato paste', 'salt', 'dried oregano', 'fresh basil']","1. Heat the olive oil in a large pot, and saute the onions and green pepper until soft. Add the garlic and saute another minute or two.
2. Coarsely chop the fresh tomatoes, add them to the pot and cook, stirring, until they begin to give up their juice. Coarsely chop the canned tomatoes and add them, along with the tomato sauce and tomato past. Stir in the seasonings, cover the pot and simmer the sauce over low heat 20 to 30 minutes, stirring occasionally.
3. The Contadina tomato sauce and paste have significantly better flavor than any others I know of.
4. If you can",
2658.0,Tomato Sauce II,"['olive oil', 'onion', 'tomatoes', 'fresh tomatoes', 'herbs', 'sugar', 'garlic clove']","1. Heat some olive oil (one or two TBS) on medium-low heat.
2. Add finely chopped onions until soft but not golden.
3. Then add one can of tomatoes (peeled), or 4 or 5 peeled fresh tomatoes, diced.
4. Season with salt, pepper, and herbs (basil, oregano, thyme -- you can use Italian seasoning).
5. add one teaspoonful of sugar (to take off the acidity of tomatoes) and add one or two cloves of garlic, finely chopped.
6. Let it simmer for 5 to 10 minutes, covered, then blend it thoroughly (you can do that in the saucepan with the appropriate blender), and let it simmer for at least 30 more minutes.","https://img.sndimg.com/food/image/upload/w_555,h_416,c_fit,fl_progressive,q_95/v1/img/recipes/26/58/pict5Kw82.jpg"
2659.0,"Mild Italian Sausage, Tomato &amp; Zucchini Stew","['mild italian sausage', 'celery', 'fresh tomatoes', 'tomatoes', 'tomato juice', 'zucchini', 'salt', 'sugar', 'green peppers', 'parmesan cheese', 'romano cheese']","1. Brown sausage in large, deep saucepan.
2. Add sliced celery and cook for 15 minute.
3. Drain off fat. Add tomatoes, tomato juice, zucchini and seasonings.
4. Simmer, covered for 20 minute.
5. Add green peppers, summer an additional 15 minute.
6. Garnish with cheese. Serve with French bread.
7. Note: For more liquid, add tomato juice (And I would use garlic cloves instead of garlic salt, if you like garlic).","https://img.sndimg.com/food/image/upload/w_555,h_416,c_fit,fl_progressive,q_95/v1/img/recipes/26/59/picg13QmA.jpg"
2660.0,Traditional Roast Beef With Yorkshire Pudding,"['rolled roast beef', 'ground pepper', 'garlic cloves', 'flour']","1. For the Gravy:- 1 Tbsp flour 2 Tbsp red wine 1 1/4 cups beef stock, or the water from cooked vegetables.
2. Ground black pepper YORKSHIRE PUDDINGS 2 cups flour 1 tsp salt 4 eggs 1 1/2 cups milk 1 Tbsp cold water small pieces of dripping Rub the outside of the beef with garlic and black pepper.
3. Sprinkle with flour and place into a preheated roasting dish with melted dripping.
4. Roast at 180C for 25 minutes per 500g of meat for medium rare beef.
5. Cover loosely with foil.
6. Leave to stand for 15 minutes before carving.
7. Gravy:- Place roasting dish over a low heat, add the flour and stir well until you have a light brown mix.
8. Gradually add the wine and stock until the gravy thickens.
9. Check for seasonings.
10. Serve over the roast beef and Yorkshire pudding.
11. Yorkshire Pudding:- Place pieces or dripping into Yorkshire pudding dishes or deep muffin tins.
12. Place these into a 220C oven until they start to smoke. Place all other ingredients in a blender and blend until smooth.
13. Pour batter into the tins, fill 3/4 full.
14. Return to the oven, immediately and bake for 20 - 30 minutes until risen and golden brown.
15. Serve your roast with a selection of steamed, simmered and roasted vegetables.
16. Cheers, Doreen Doreen Randal, Wanganui.
17. New Zealand.",
2661.0,Tropical Fruit with Lime,"['granulated sugar', 'water', 'lime rind', 'lime juice', 'cantaloupe', 'mango', 'bananas', 'of fresh mint']","1. In small saucepan, cook sugar with water over medium heat, stirring, until sugar is dissolved.
2. Remove from heat; stir in lime rind and juice. Let cool.
3. (Syrup can be refrigerated in airtight container for up to 1 day; rewarm until fluid, then let cool to room temperature.) Peel, seed and cube cantaloupe; place in bowl.
4. Cut off 2 opposite sides of mango as close to pit as possible. Cut grid pattern of 1/2-inch (1 cm) cubes in flesh of each side down to (but not through) skin; turn inside out. Cut off cubes; add to bowl.
5. Cut remaining mango away from pit; cube and add to bowl.
6. (Fruit can be prepared to this point, covered and refrigerated for up to 4 hours.) Peel and cut bananas into 1/2-inch (1 cm) thick slices; add to bowl.
7. Add reserved syrup, and mint (if using); toss gently to combine. Serve immediately.",
2662.0,Tuna Tostadas,"['fat free tortillas', 'tuna', 'fat free sour cream', 'green chilies', 'lettuce', 'tomatoes', 'ripe olives', 'low-fat cheddar cheese']","1. Place tortillas on an extra large baking sheet. Bake in a 400 degree oven for 6 to 8 minutes or until crisp and lightly browned.
2. Combine tuna, sour cream, and chilies; mix well.
3. For each serving, spread someof the tuna mixture on a crisp tortilla.
4. Top with lettuce, tomato, olives and cheese.","https://img.sndimg.com/food/image/upload/w_555,h_416,c_fit,fl_progressive,q_95/v1/img/recipes/26/62/picpLPKyX.jpg"
2663.0,Turkish Spinach and Lentil Soup,"['lentils', 'nonfat beef broth', 'salt', 'olive oil', 'onions', 'cayenne', 'bay leaves', 'bulgur', 'fresh parsley', 'tomatoes', 'tomato paste', 'dried rosemary', 'spinach', 'parsley']","1. Rinse the lentils.
2. Bring them to a boil in the beef broth.
3. Reduce heat and simmer, covered, for 40 minutes.
4. Meanwhile, heat the olive oil in a heavy soup pot. Saute the onions until translucent. Add the garlic, cayeene, bay leaves and bulgur.
5. Stir the mixture on medium heat until the onions and bulgur are lightly browned.
6. Mix in the parsley and tomatoes.
7. When the tomatoes begin to give up their juice, gently stir in the tomato paste. Pour the lentils and their liquid into the soup pot with the onions and bulgur.
8. Simmer the soup for 15 minutes.
9. Add the rosemary, salt and pepper to taste. If the lentils and bulgur have absorbed too much liquid, add more broth, water or tomato juice. Remove the bay leaves.
10. Just before serving, stir in the fresh spinach and let it wilt in the hot soup.
11. Garnish with more fresh parsley.
12. NOTES : Serve this soup with crusty bread.
13. Broil the bread on both sides, rubbed with a cut garlic clove, and drizzled with olive oil.","https://img.sndimg.com/food/image/upload/w_555,h_416,c_fit,fl_progressive,q_95/v1/img/recipes/26/63/Eup3L2MCSjXYS6m3MF4j_Turkish%20Spinach%20and%20Lentil%20Soup.jpg"
2664.0,Twinkie Pie,"['eggs', 'cream of tartar', 'sugar', 'vanilla extract', 'chocolate chips', 'pecans', 'heavy cream']","1. Grease pyrex square or rectangular casserole with butter.
2. Cut 8 Twinkies in thirds lengthwise, and put one layer on the bottom of the casserole. Beat egg whites, with the cream of tartar and sugar, adding vanilla.
3. Melt chocolate chips in the top of a doubleboiler.
4. Add egg yolks to chocolate, slowly, continuing to stir overboiling water.
5. Fold chocolate into egg whites.
6. Spread over Twinkies, then sprinkle with about half of the nuts.
7. Layer on more twinkies, more chocolate, more nuts.
8. Continue layering.
9. Top with whipped cream and a single whole Twinkie. Chill and serve.",
